aoi_id,year,month,timestamp,s1_available,s2_available,buildings_available,masked,s1_bad,s2_bad,s1_file_exists,s2_file_exists,bld_file_exists,s1_path,s2_path,bld_path
L15-0331E-1257N_1327_3160_13,2018,1,2018_01,True,True,True,False,False,False,True,True,True,datasets\sen12_mt_urbanmapping\multimodal_cd_dataset\L15-0331E-1257N_1327_3160_13\s1\s1_L15-0331E-1257N_1327_3160_13_2018_01.tif,datasets\sen12_mt_urbanmapping\multimodal_cd_dataset\L15-0331E-1257N_1327_3160_13\s2\s2_L15-0331E-1257N_1327_3160_13_2018_01.tif,datasets\sen12_mt_urbanmapping\multimodal_cd_dataset\L15-0331E-1257N_1327_3160_13\buildings\buildings_L15-0331E-1257N_1327_3160_13_2018_01.tif
L15-0331E-1257N_1327_3160_13,2018,2,2018_02,True,True,True,False,False,False,True,True,True,datasets\sen12_mt_urbanmapping\multimodal_cd_dataset\L15-0331E-1257N_1327_3160_13\s1\s1_L15-0331E-1257N_1327_3160_13_2018_02.tif,datasets\sen12_mt_urbanmapping\multimodal_cd_dataset\L15-0331E-1257N_1327_3160_13\s2\s2_L15-0331E-1257N_1327_3160_13_2018_02.tif,datasets\sen12_mt_urbanmapping\multimodal_cd_dataset\L15-0331E-1257N_1327_3160_13\buildings\buildings_L15-0331E-1257N_1327_3160_13_2018_02.tif
L15-0331E-1257N_1327_3160_13,2018,3,2018_03,True,True,True,False,False,False,True,True,True,datasets\sen12_mt_urbanmapping\multimodal_cd_dataset\L15-0331E-1257N_1327_3160_13\s1\s1_L15-0331E-1257N_1327_3160_13_2018_03.tif,datasets\sen12_mt_urbanmapping\multimodal_cd_dataset\L15-0331E-1257N_1327_3160_13\s2\s2_L15-0331E-1257N_1327_3160_13_2018_03.tif,datasets\sen12_mt_urbanmapping\multimodal_cd_dataset\L15-0331E-1257N_1327_3160_13\buildings\buildings_L15-0331E-1257N_1327_3160_13_2018_03.tif
L15-0331E-1257N_1327_3160_13,2018,4,2018_04,True,True,True,False,False,False,True,True,True,datasets\sen12_mt_urbanmapping\multimodal_cd_dataset\L15-0331E-1257N_1327_3160_13\s1\s1_L15-0331E-1257N_1327_3160_13_2018_04.tif,datasets\sen12_mt_urbanmapping\multimodal_cd_dataset\L15-0331E-1257N_1327_3160_13\s2\s2_L15-0331E-1257N_1327_3160_13_2018_04.tif,datasets\sen12_mt_urbanmapping\multimodal_cd_dataset\L15-0331E-1257N_1327_3160_13\buildings\buildings_L15-0331E-1257N_1327_3160_13_2018_04.tif
L15-0331E-1257N_1327_3160_13,2018,5,2018_05,True,True,True,False,False,False,True,True,True,datasets\sen12_mt_urbanmapping\multimodal_cd_dataset\L15-0331E-1257N_1327_3160_13\s1\s1_L15-0331E-1257N_1327_3160_13_2018_05.tif,datasets\sen12_mt_urbanmapping\multimodal_cd_dataset\L15-0331E-1257N_1327_3160_13\s2\s2_L15-0331E-1257N_1327_3160_13_2018_05.tif,datasets\sen12_mt_urbanmapping\multimodal_cd_dataset\L15-0331E-1257N_1327_3160_13\buildings\buildings_L15-0331E-1257N_1327_3160_13_2018_05.tif
L15-0331E-1257N_1327_3160_13,2018,6,2018_06,True,True,True,False,False,False,True,True,True,datasets\sen12_mt_urbanmapping\multimodal_cd_dataset\L15-0331E-1257N_1327_3160_13\s1\s1_L15-0331E-1257N_1327_3160_13_2018_06.tif,datasets\sen12_mt_urbanmapping\multimodal_cd_dataset\L15-0331E-1257N_1327_3160_13\s2\s2_L15-0331E-1257N_1327_3160_13_2018_06.tif,datasets\sen12_mt_urbanmapping\multimodal_cd_dataset\L15-0331E-1257N_1327_3160_13\buildings\buildings_L15-0331E-1257N_1327_3160_13_2018_06.tif
L15-0331E-1257N_1327_3160_13,2018,7,2018_07,True,True,True,False,False,False,True,True,True,datasets\sen12_mt_urbanmapping\multimodal_cd_dataset\L15-0331E-1257N_1327_3160_13\s1\s1_L15-0331E-1257N_1327_3160_13_2018_07.tif,datasets\sen12_mt_urbanmapping\multimodal_cd_dataset\L15-0331E-1257N_1327_3160_13\s2\s2_L15-0331E-1257N_1327_3160_13_2018_07.tif,datasets\sen12_mt_urbanmapping\multimodal_cd_dataset\L15-0331E-1257N_1327_3160_13\buildings\buildings_L15-0331E-1257N_1327_3160_13_2018_07.tif
L15-0331E-1257N_1327_3160_13,2018,8,2018_08,True,True,True,False,False,False,True,True,True,datasets\sen12_mt_urbanmapping\multimodal_cd_dataset\L15-0331E-1257N_1327_3160_13\s1\s1_L15-0331E-1257N_1327_3160_13_2018_08.tif,datasets\sen12_mt_urbanmapping\multimodal_cd_dataset\L15-0331E-1257N_1327_3160_13\s2\s2_L15-0331E-1257N_1327_3160_13_2018_08.tif,datasets\sen12_mt_urbanmapping\multimodal_cd_dataset\L15-0331E-1257N_1327_3160_13\buildings\buildings_L15-0331E-1257N_1327_3160_13_2018_08.tif
L15-0331E-1257N_1327_3160_13,2018,9,2018_09,True,True,True,False,False,False,True,True,True,datasets\sen12_mt_urbanmapping\multimodal_cd_dataset\L15-0331E-1257N_1327_3160_13\s1\s1_L15-0331E-1257N_1327_3160_13_2018_09.tif,datasets\sen12_mt_urbanmapping\multimodal_cd_dataset\L15-0331E-1257N_1327_3160_13\s2\s2_L15-0331E-1257N_1327_3160_13_2018_09.tif,datasets\sen12_mt_urbanmapping\multimodal_cd_dataset\L15-0331E-1257N_1327_3160_13\buildings\buildings_L15-0331E-1257N_1327_3160_13_2018_09.tif
L15-0331E-1257N_1327_3160_13,2018,10,2018_10,True,True,True,False,False,False,True,True,True,datasets\sen12_mt_urbanmapping\multimodal_cd_dataset\L15-0331E-1257N_1327_3160_13\s1\s1_L15-0331E-1257N_1327_3160_13_2018_10.tif,datasets\sen12_mt_urbanmapping\multimodal_cd_dataset\L15-0331E-1257N_1327_3160_13\s2\s2_L15-0331E-1257N_1327_3160_13_2018_10.tif,datasets\sen12_mt_urbanmapping\multimodal_cd_dataset\L15-0331E-1257N_1327_3160_13\buildings\buildings_L15-0331E-1257N_1327_3160_13_2018_10.tif
L15-0331E-1257N_1327_3160_13,2018,11,2018_11,True,True,True,False,False,False,True,True,True,datasets\sen12_mt_urbanmapping\multimodal_cd_dataset\L15-0331E-1257N_1327_3160_13\s1\s1_L15-0331E-1257N_1327_3160_13_2018_11.tif,datasets\sen12_mt_urbanmapping\multimodal_cd_dataset\L15-0331E-1257N_1327_3160_13\s2\s2_L15-0331E-1257N_1327_3160_13_2018_11.tif,datasets\sen12_mt_urbanmapping\multimodal_cd_dataset\L15-0331E-1257N_1327_3160_13\buildings\buildings_L15-0331E-1257N_1327_3160_13_2018_11.tif
L15-0331E-1257N_1327_3160_13,2018,12,2018_12,True,True,True,False,False,False,True,True,True,datasets\sen12_mt_urbanmapping\multimodal_cd_dataset\L15-0331E-1257N_1327_3160_13\s1\s1_L15-0331E-1257N_1327_3160_13_2018_12.tif,datasets\sen12_mt_urbanmapping\multimodal_cd_dataset\L15-0331E-1257N_1327_3160_13\s2\s2_L15-0331E-1257N_1327_3160_13_2018_12.tif,datasets\sen12_mt_urbanmapping\multimodal_cd_dataset\L15-0331E-1257N_1327_3160_13\buildings\buildings_L15-0331E-1257N_1327_3160_13_2018_12.tif
L15-0331E-1257N_1327_3160_13,2019,1,2019_01,True,True,True,False,False,False,True,True,True,datasets\sen12_mt_urbanmapping\multimodal_cd_dataset\L15-0331E-1257N_1327_3160_13\s1\s1_L15-0331E-1257N_1327_3160_13_2019_01.tif,datasets\sen12_mt_urbanmapping\multimodal_cd_dataset\L15-0331E-1257N_1327_3160_13\s2\s2_L15-0331E-1257N_1327_3160_13_2019_01.tif,datasets\sen12_mt_urbanmapping\multimodal_cd_dataset\L15-0331E-1257N_1327_3160_13\buildings\buildings_L15-0331E-1257N_1327_3160_13_2019_01.tif
L15-0331E-1257N_1327_3160_13,2019,2,2019_02,True,True,True,False,False,False,True,True,True,datasets\sen12_mt_urbanmapping\multimodal_cd_dataset\L15-0331E-1257N_1327_3160_13\s1\s1_L15-0331E-1257N_1327_3160_13_2019_02.tif,datasets\sen12_mt_urbanmapping\multimodal_cd_dataset\L15-0331E-1257N_1327_3160_13\s2\s2_L15-0331E-1257N_1327_3160_13_2019_02.tif,datasets\sen12_mt_urbanmapping\multimodal_cd_dataset\L15-0331E-1257N_1327_3160_13\buildings\buildings_L15-0331E-1257N_1327_3160_13_2019_02.tif
L15-0331E-1257N_1327_3160_13,2019,3,2019_03,True,True,True,False,False,False,True,True,True,datasets\sen12_mt_urbanmapping\multimodal_cd_dataset\L15-0331E-1257N_1327_3160_13\s1\s1_L15-0331E-1257N_1327_3160_13_2019_03.tif,datasets\sen12_mt_urbanmapping\multimodal_cd_dataset\L15-0331E-1257N_1327_3160_13\s2\s2_L15-0331E-1257N_1327_3160_13_2019_03.tif,datasets\sen12_mt_urbanmapping\multimodal_cd_dataset\L15-0331E-1257N_1327_3160_13\buildings\buildings_L15-0331E-1257N_1327_3160_13_2019_03.tif
L15-0331E-1257N_1327_3160_13,2019,4,2019_04,True,True,True,False,False,False,True,True,True,datasets\sen12_mt_urbanmapping\multimodal_cd_dataset\L15-0331E-1257N_1327_3160_13\s1\s1_L15-0331E-1257N_1327_3160_13_2019_04.tif,datasets\sen12_mt_urbanmapping\multimodal_cd_dataset\L15-0331E-1257N_1327_3160_13\s2\s2_L15-0331E-1257N_1327_3160_13_2019_04.tif,datasets\sen12_mt_urbanmapping\multimodal_cd_dataset\L15-0331E-1257N_1327_3160_13\buildings\buildings_L15-0331E-1257N_1327_3160_13_2019_04.tif
L15-0331E-1257N_1327_3160_13,2019,5,2019_05,True,True,True,False,False,False,True,True,True,datasets\sen12_mt_urbanmapping\multimodal_cd_dataset\L15-0331E-1257N_1327_3160_13\s1\s1_L15-0331E-1257N_1327_3160_13_2019_05.tif,datasets\sen12_mt_urbanmapping\multimodal_cd_dataset\L15-0331E-1257N_1327_3160_13\s2\s2_L15-0331E-1257N_1327_3160_13_2019_05.tif,datasets\sen12_mt_urbanmapping\multimodal_cd_dataset\L15-0331E-1257N_1327_3160_13\buildings\buildings_L15-0331E-1257N_1327_3160_13_2019_05.tif
L15-0331E-1257N_1327_3160_13,2019,6,2019_06,True,True,True,False,False,False,True,True,True,datasets\sen12_mt_urbanmapping\multimodal_cd_dataset\L15-0331E-1257N_1327_3160_13\s1\s1_L15-0331E-1257N_1327_3160_13_2019_06.tif,datasets\sen12_mt_urbanmapping\multimodal_cd_dataset\L15-0331E-1257N_1327_3160_13\s2\s2_L15-0331E-1257N_1327_3160_13_2019_06.tif,datasets\sen12_mt_urbanmapping\multimodal_cd_dataset\L15-0331E-1257N_1327_3160_13\buildings\buildings_L15-0331E-1257N_1327_3160_13_2019_06.tif
L15-0331E-1257N_1327_3160_13,2019,7,2019_07,True,True,True,False,False,False,True,True,True,datasets\sen12_mt_urbanmapping\multimodal_cd_dataset\L15-0331E-1257N_1327_3160_13\s1\s1_L15-0331E-1257N_1327_3160_13_2019_07.tif,datasets\sen12_mt_urbanmapping\multimodal_cd_dataset\L15-0331E-1257N_1327_3160_13\s2\s2_L15-0331E-1257N_1327_3160_13_2019_07.tif,datasets\sen12_mt_urbanmapping\multimodal_cd_dataset\L15-0331E-1257N_1327_3160_13\buildings\buildings_L15-0331E-1257N_1327_3160_13_2019_07.tif
L15-0331E-1257N_1327_3160_13,2019,8,2019_08,True,True,True,False,False,False,True,True,True,datasets\sen12_mt_urbanmapping\multimodal_cd_dataset\L15-0331E-1257N_1327_3160_13\s1\s1_L15-0331E-1257N_1327_3160_13_2019_08.tif,datasets\sen12_mt_urbanmapping\multimodal_cd_dataset\L15-0331E-1257N_1327_3160_13\s2\s2_L15-0331E-1257N_1327_3160_13_2019_08.tif,datasets\sen12_mt_urbanmapping\multimodal_cd_dataset\L15-0331E-1257N_1327_3160_13\buildings\buildings_L15-0331E-1257N_1327_3160_13_2019_08.tif
L15-0331E-1257N_1327_3160_13,2019,9,2019_09,True,True,True,False,False,False,True,True,True,datasets\sen12_mt_urbanmapping\multimodal_cd_dataset\L15-0331E-1257N_1327_3160_13\s1\s1_L15-0331E-1257N_1327_3160_13_2019_09.tif,datasets\sen12_mt_urbanmapping\multimodal_cd_dataset\L15-0331E-1257N_1327_3160_13\s2\s2_L15-0331E-1257N_1327_3160_13_2019_09.tif,datasets\sen12_mt_urbanmapping\multimodal_cd_dataset\L15-0331E-1257N_1327_3160_13\buildings\buildings_L15-0331E-1257N_1327_3160_13_2019_09.tif
L15-0331E-1257N_1327_3160_13,2019,10,2019_10,True,True,True,False,False,False,True,True,True,datasets\sen12_mt_urbanmapping\multimodal_cd_dataset\L15-0331E-1257N_1327_3160_13\s1\s1_L15-0331E-1257N_1327_3160_13_2019_10.tif,datasets\sen12_mt_urbanmapping\multimodal_cd_dataset\L15-0331E-1257N_1327_3160_13\s2\s2_L15-0331E-1257N_1327_3160_13_2019_10.tif,datasets\sen12_mt_urbanmapping\multimodal_cd_dataset\L15-0331E-1257N_1327_3160_13\buildings\buildings_L15-0331E-1257N_1327_3160_13_2019_10.tif
L15-0331E-1257N_1327_3160_13,2019,11,2019_11,True,True,True,False,False,False,True,True,True,datasets\sen12_mt_urbanmapping\multimodal_cd_dataset\L15-0331E-1257N_1327_3160_13\s1\s1_L15-0331E-1257N_1327_3160_13_2019_11.tif,datasets\sen12_mt_urbanmapping\multimodal_cd_dataset\L15-0331E-1257N_1327_3160_13\s2\s2_L15-0331E-1257N_1327_3160_13_2019_11.tif,datasets\sen12_mt_urbanmapping\multimodal_cd_dataset\L15-0331E-1257N_1327_3160_13\buildings\buildings_L15-0331E-1257N_1327_3160_13_2019_11.tif
L15-0331E-1257N_1327_3160_13,2019,12,2019_12,True,True,True,False,False,False,True,True,True,datasets\sen12_mt_urbanmapping\multimodal_cd_dataset\L15-0331E-1257N_1327_3160_13\s1\s1_L15-0331E-1257N_1327_3160_13_2019_12.tif,datasets\sen12_mt_urbanmapping\multimodal_cd_dataset\L15-0331E-1257N_1327_3160_13\s2\s2_L15-0331E-1257N_1327_3160_13_2019_12.tif,datasets\sen12_mt_urbanmapping\multimodal_cd_dataset\L15-0331E-1257N_1327_3160_13\buildings\buildings_L15-0331E-1257N_1327_3160_13_2019_12.tif
L15-0331E-1257N_1327_3160_13,2020,1,2020_01,True,True,True,False,False,False,True,True,True,datasets\sen12_mt_urbanmapping\multimodal_cd_dataset\L15-0331E-1257N_1327_3160_13\s1\s1_L15-0331E-1257N_1327_3160_13_2020_01.tif,datasets\sen12_mt_urbanmapping\multimodal_cd_dataset\L15-0331E-1257N_1327_3160_13\s2\s2_L15-0331E-1257N_1327_3160_13_2020_01.tif,datasets\sen12_mt_urbanmapping\multimodal_cd_dataset\L15-0331E-1257N_1327_3160_13\buildings\buildings_L15-0331E-1257N_1327_3160_13_2020_01.tif
L15-0357E-1223N_1429_3296_13,2018,1,2018_01,True,True,True,False,False,False,True,True,True,datasets\sen12_mt_urbanmapping\multimodal_cd_dataset\L15-0357E-1223N_1429_3296_13\s1\s1_L15-0357E-1223N_1429_3296_13_2018_01.tif,datasets\sen12_mt_urbanmapping\multimodal_cd_dataset\L15-0357E-1223N_1429_3296_13\s2\s2_L15-0357E-1223N_1429_3296_13_2018_01.tif,datasets\sen12_mt_urbanmapping\multimodal_cd_dataset\L15-0357E-1223N_1429_3296_13\buildings\buildings_L15-0357E-1223N_1429_3296_13_2018_01.tif
L15-0357E-1223N_1429_3296_13,2018,2,2018_02,True,True,True,False,False,False,True,True,True,datasets\sen12_mt_urbanmapping\multimodal_cd_dataset\L15-0357E-1223N_1429_3296_13\s1\s1_L15-0357E-1223N_1429_3296_13_2018_02.tif,datasets\sen12_mt_urbanmapping\multimodal_cd_dataset\L15-0357E-1223N_1429_3296_13\s2\s2_L15-0357E-1223N_1429_3296_13_2018_02.tif,datasets\sen12_mt_urbanmapping\multimodal_cd_dataset\L15-0357E-1223N_1429_3296_13\buildings\buildings_L15-0357E-1223N_1429_3296_13_2018_02.tif
L15-0357E-1223N_1429_3296_13,2018,3,2018_03,True,True,True,False,False,False,True,True,True,datasets\sen12_mt_urbanmapping\multimodal_cd_dataset\L15-0357E-1223N_1429_3296_13\s1\s1_L15-0357E-1223N_1429_3296_13_2018_03.tif,datasets\sen12_mt_urbanmapping\multimodal_cd_dataset\L15-0357E-1223N_1429_3296_13\s2\s2_L15-0357E-1223N_1429_3296_13_2018_03.tif,datasets\sen12_mt_urbanmapping\multimodal_cd_dataset\L15-0357E-1223N_1429_3296_13\buildings\buildings_L15-0357E-1223N_1429_3296_13_2018_03.tif
L15-0357E-1223N_1429_3296_13,2018,4,2018_04,True,True,True,False,False,False,True,True,True,datasets\sen12_mt_urbanmapping\multimodal_cd_dataset\L15-0357E-1223N_1429_3296_13\s1\s1_L15-0357E-1223N_1429_3296_13_2018_04.tif,datasets\sen12_mt_urbanmapping\multimodal_cd_dataset\L15-0357E-1223N_1429_3296_13\s2\s2_L15-0357E-1223N_1429_3296_13_2018_04.tif,datasets\sen12_mt_urbanmapping\multimodal_cd_dataset\L15-0357E-1223N_1429_3296_13\buildings\buildings_L15-0357E-1223N_1429_3296_13_2018_04.tif
L15-0357E-1223N_1429_3296_13,2018,5,2018_05,True,True,True,False,False,False,True,True,True,datasets\sen12_mt_urbanmapping\multimodal_cd_dataset\L15-0357E-1223N_1429_3296_13\s1\s1_L15-0357E-1223N_1429_3296_13_2018_05.tif,datasets\sen12_mt_urbanmapping\multimodal_cd_dataset\L15-0357E-1223N_1429_3296_13\s2\s2_L15-0357E-1223N_1429_3296_13_2018_05.tif,datasets\sen12_mt_urbanmapping\multimodal_cd_dataset\L15-0357E-1223N_1429_3296_13\buildings\buildings_L15-0357E-1223N_1429_3296_13_2018_05.tif
L15-0357E-1223N_1429_3296_13,2018,6,2018_06,True,True,True,False,False,False,True,True,True,datasets\sen12_mt_urbanmapping\multimodal_cd_dataset\L15-0357E-1223N_1429_3296_13\s1\s1_L15-0357E-1223N_1429_3296_13_2018_06.tif,datasets\sen12_mt_urbanmapping\multimodal_cd_dataset\L15-0357E-1223N_1429_3296_13\s2\s2_L15-0357E-1223N_1429_3296_13_2018_06.tif,datasets\sen12_mt_urbanmapping\multimodal_cd_dataset\L15-0357E-1223N_1429_3296_13\buildings\buildings_L15-0357E-1223N_1429_3296_13_2018_06.tif
L15-0357E-1223N_1429_3296_13,2018,7,2018_07,True,True,True,False,False,False,True,True,True,datasets\sen12_mt_urbanmapping\multimodal_cd_dataset\L15-0357E-1223N_1429_3296_13\s1\s1_L15-0357E-1223N_1429_3296_13_2018_07.tif,datasets\sen12_mt_urbanmapping\multimodal_cd_dataset\L15-0357E-1223N_1429_3296_13\s2\s2_L15-0357E-1223N_1429_3296_13_2018_07.tif,datasets\sen12_mt_urbanmapping\multimodal_cd_dataset\L15-0357E-1223N_1429_3296_13\buildings\buildings_L15-0357E-1223N_1429_3296_13_2018_07.tif
L15-0357E-1223N_1429_3296_13,2018,8,2018_08,True,True,True,False,False,False,True,True,True,datasets\sen12_mt_urbanmapping\multimodal_cd_dataset\L15-0357E-1223N_1429_3296_13\s1\s1_L15-0357E-1223N_1429_3296_13_2018_08.tif,datasets\sen12_mt_urbanmapping\multimodal_cd_dataset\L15-0357E-1223N_1429_3296_13\s2\s2_L15-0357E-1223N_1429_3296_13_2018_08.tif,datasets\sen12_mt_urbanmapping\multimodal_cd_dataset\L15-0357E-1223N_1429_3296_13\buildings\buildings_L15-0357E-1223N_1429_3296_13_2018_08.tif
L15-0357E-1223N_1429_3296_13,2018,9,2018_09,True,True,True,False,False,False,True,True,True,datasets\sen12_mt_urbanmapping\multimodal_cd_dataset\L15-0357E-1223N_1429_3296_13\s1\s1_L15-0357E-1223N_1429_3296_13_2018_09.tif,datasets\sen12_mt_urbanmapping\multimodal_cd_dataset\L15-0357E-1223N_1429_3296_13\s2\s2_L15-0357E-1223N_1429_3296_13_2018_09.tif,datasets\sen12_mt_urbanmapping\multimodal_cd_dataset\L15-0357E-1223N_1429_3296_13\buildings\buildings_L15-0357E-1223N_1429_3296_13_2018_09.tif
L15-0357E-1223N_1429_3296_13,2018,10,2018_10,True,True,True,False,False,False,True,True,True,datasets\sen12_mt_urbanmapping\multimodal_cd_dataset\L15-0357E-1223N_1429_3296_13\s1\s1_L15-0357E-1223N_1429_3296_13_2018_10.tif,datasets\sen12_mt_urbanmapping\multimodal_cd_dataset\L15-0357E-1223N_1429_3296_13\s2\s2_L15-0357E-1223N_1429_3296_13_2018_10.tif,datasets\sen12_mt_urbanmapping\multimodal_cd_dataset\L15-0357E-1223N_1429_3296_13\buildings\buildings_L15-0357E-1223N_1429_3296_13_2018_10.tif
L15-0357E-1223N_1429_3296_13,2018,11,2018_11,True,True,True,False,False,False,True,True,True,datasets\sen12_mt_urbanmapping\multimodal_cd_dataset\L15-0357E-1223N_1429_3296_13\s1\s1_L15-0357E-1223N_1429_3296_13_2018_11.tif,datasets\sen12_mt_urbanmapping\multimodal_cd_dataset\L15-0357E-1223N_1429_3296_13\s2\s2_L15-0357E-1223N_1429_3296_13_2018_11.tif,datasets\sen12_mt_urbanmapping\multimodal_cd_dataset\L15-0357E-1223N_1429_3296_13\buildings\buildings_L15-0357E-1223N_1429_3296_13_2018_11.tif
L15-0357E-1223N_1429_3296_13,2018,12,2018_12,True,True,True,False,False,False,True,True,True,datasets\sen12_mt_urbanmapping\multimodal_cd_dataset\L15-0357E-1223N_1429_3296_13\s1\s1_L15-0357E-1223N_1429_3296_13_2018_12.tif,datasets\sen12_mt_urbanmapping\multimodal_cd_dataset\L15-0357E-1223N_1429_3296_13\s2\s2_L15-0357E-1223N_1429_3296_13_2018_12.tif,datasets\sen12_mt_urbanmapping\multimodal_cd_dataset\L15-0357E-1223N_1429_3296_13\buildings\buildings_L15-0357E-1223N_1429_3296_13_2018_12.tif
L15-0357E-1223N_1429_3296_13,2019,1,2019_01,True,True,True,False,False,False,True,True,True,datasets\sen12_mt_urbanmapping\multimodal_cd_dataset\L15-0357E-1223N_1429_3296_13\s1\s1_L15-0357E-1223N_1429_3296_13_2019_01.tif,datasets\sen12_mt_urbanmapping\multimodal_cd_dataset\L15-0357E-1223N_1429_3296_13\s2\s2_L15-0357E-1223N_1429_3296_13_2019_01.tif,datasets\sen12_mt_urbanmapping\multimodal_cd_dataset\L15-0357E-1223N_1429_3296_13\buildings\buildings_L15-0357E-1223N_1429_3296_13_2019_01.tif
L15-0357E-1223N_1429_3296_13,2019,2,2019_02,True,True,True,False,False,False,True,True,True,datasets\sen12_mt_urbanmapping\multimodal_cd_dataset\L15-0357E-1223N_1429_3296_13\s1\s1_L15-0357E-1223N_1429_3296_13_2019_02.tif,datasets\sen12_mt_urbanmapping\multimodal_cd_dataset\L15-0357E-1223N_1429_3296_13\s2\s2_L15-0357E-1223N_1429_3296_13_2019_02.tif,datasets\sen12_mt_urbanmapping\multimodal_cd_dataset\L15-0357E-1223N_1429_3296_13\buildings\buildings_L15-0357E-1223N_1429_3296_13_2019_02.tif
L15-0357E-1223N_1429_3296_13,2019,3,2019_03,True,True,True,False,False,False,True,True,True,datasets\sen12_mt_urbanmapping\multimodal_cd_dataset\L15-0357E-1223N_1429_3296_13\s1\s1_L15-0357E-1223N_1429_3296_13_2019_03.tif,datasets\sen12_mt_urbanmapping\multimodal_cd_dataset\L15-0357E-1223N_1429_3296_13\s2\s2_L15-0357E-1223N_1429_3296_13_2019_03.tif,datasets\sen12_mt_urbanmapping\multimodal_cd_dataset\L15-0357E-1223N_1429_3296_13\buildings\buildings_L15-0357E-1223N_1429_3296_13_2019_03.tif
L15-0357E-1223N_1429_3296_13,2019,4,2019_04,True,True,True,False,False,False,True,True,True,datasets\sen12_mt_urbanmapping\multimodal_cd_dataset\L15-0357E-1223N_1429_3296_13\s1\s1_L15-0357E-1223N_1429_3296_13_2019_04.tif,datasets\sen12_mt_urbanmapping\multimodal_cd_dataset\L15-0357E-1223N_1429_3296_13\s2\s2_L15-0357E-1223N_1429_3296_13_2019_04.tif,datasets\sen12_mt_urbanmapping\multimodal_cd_dataset\L15-0357E-1223N_1429_3296_13\buildings\buildings_L15-0357E-1223N_1429_3296_13_2019_04.tif
L15-0357E-1223N_1429_3296_13,2019,5,2019_05,True,True,True,False,False,False,True,True,True,datasets\sen12_mt_urbanmapping\multimodal_cd_dataset\L15-0357E-1223N_1429_3296_13\s1\s1_L15-0357E-1223N_1429_3296_13_2019_05.tif,datasets\sen12_mt_urbanmapping\multimodal_cd_dataset\L15-0357E-1223N_1429_3296_13\s2\s2_L15-0357E-1223N_1429_3296_13_2019_05.tif,datasets\sen12_mt_urbanmapping\multimodal_cd_dataset\L15-0357E-1223N_1429_3296_13\buildings\buildings_L15-0357E-1223N_1429_3296_13_2019_05.tif
L15-0357E-1223N_1429_3296_13,2019,6,2019_06,True,True,True,False,False,False,True,True,True,datasets\sen12_mt_urbanmapping\multimodal_cd_dataset\L15-0357E-1223N_1429_3296_13\s1\s1_L15-0357E-1223N_1429_3296_13_2019_06.tif,datasets\sen12_mt_urbanmapping\multimodal_cd_dataset\L15-0357E-1223N_1429_3296_13\s2\s2_L15-0357E-1223N_1429_3296_13_2019_06.tif,datasets\sen12_mt_urbanmapping\multimodal_cd_dataset\L15-0357E-1223N_1429_3296_13\buildings\buildings_L15-0357E-1223N_1429_3296_13_2019_06.tif
L15-0357E-1223N_1429_3296_13,2019,7,2019_07,True,True,True,False,False,False,True,True,True,datasets\sen12_mt_urbanmapping\multimodal_cd_dataset\L15-0357E-1223N_1429_3296_13\s1\s1_L15-0357E-1223N_1429_3296_13_2019_07.tif,datasets\sen12_mt_urbanmapping\multimodal_cd_dataset\L15-0357E-1223N_1429_3296_13\s2\s2_L15-0357E-1223N_1429_3296_13_2019_07.tif,datasets\sen12_mt_urbanmapping\multimodal_cd_dataset\L15-0357E-1223N_1429_3296_13\buildings\buildings_L15-0357E-1223N_1429_3296_13_2019_07.tif
L15-0357E-1223N_1429_3296_13,2019,8,2019_08,True,True,True,False,False,False,True,True,True,datasets\sen12_mt_urbanmapping\multimodal_cd_dataset\L15-0357E-1223N_1429_3296_13\s1\s1_L15-0357E-1223N_1429_3296_13_2019_08.tif,datasets\sen12_mt_urbanmapping\multimodal_cd_dataset\L15-0357E-1223N_1429_3296_13\s2\s2_L15-0357E-1223N_1429_3296_13_2019_08.tif,datasets\sen12_mt_urbanmapping\multimodal_cd_dataset\L15-0357E-1223N_1429_3296_13\buildings\buildings_L15-0357E-1223N_1429_3296_13_2019_08.tif
L15-0357E-1223N_1429_3296_13,2019,9,2019_09,True,True,True,False,False,False,True,True,True,datasets\sen12_mt_urbanmapping\multimodal_cd_dataset\L15-0357E-1223N_1429_3296_13\s1\s1_L15-0357E-1223N_1429_3296_13_2019_09.tif,datasets\sen12_mt_urbanmapping\multimodal_cd_dataset\L15-0357E-1223N_1429_3296_13\s2\s2_L15-0357E-1223N_1429_3296_13_2019_09.tif,datasets\sen12_mt_urbanmapping\multimodal_cd_dataset\L15-0357E-1223N_1429_3296_13\buildings\buildings_L15-0357E-1223N_1429_3296_13_2019_09.tif
L15-0357E-1223N_1429_3296_13,2019,10,2019_10,True,True,True,False,False,False,True,True,True,datasets\sen12_mt_urbanmapping\multimodal_cd_dataset\L15-0357E-1223N_1429_3296_13\s1\s1_L15-0357E-1223N_1429_3296_13_2019_10.tif,datasets\sen12_mt_urbanmapping\multimodal_cd_dataset\L15-0357E-1223N_1429_3296_13\s2\s2_L15-0357E-1223N_1429_3296_13_2019_10.tif,datasets\sen12_mt_urbanmapping\multimodal_cd_dataset\L15-0357E-1223N_1429_3296_13\buildings\buildings_L15-0357E-1223N_1429_3296_13_2019_10.tif
L15-0357E-1223N_1429_3296_13,2019,11,2019_11,True,True,True,False,False,False,True,True,True,datasets\sen12_mt_urbanmapping\multimodal_cd_dataset\L15-0357E-1223N_1429_3296_13\s1\s1_L15-0357E-1223N_1429_3296_13_2019_11.tif,datasets\sen12_mt_urbanmapping\multimodal_cd_dataset\L15-0357E-1223N_1429_3296_13\s2\s2_L15-0357E-1223N_1429_3296_13_2019_11.tif,datasets\sen12_mt_urbanmapping\multimodal_cd_dataset\L15-0357E-1223N_1429_3296_13\buildings\buildings_L15-0357E-1223N_1429_3296_13_2019_11.tif
L15-0357E-1223N_1429_3296_13,2019,12,2019_12,True,True,True,False,False,False,True,True,True,datasets\sen12_mt_urbanmapping\multimodal_cd_dataset\L15-0357E-1223N_1429_3296_13\s1\s1_L15-0357E-1223N_1429_3296_13_2019_12.tif,datasets\sen12_mt_urbanmapping\multimodal_cd_dataset\L15-0357E-1223N_1429_3296_13\s2\s2_L15-0357E-1223N_1429_3296_13_2019_12.tif,datasets\sen12_mt_urbanmapping\multimodal_cd_dataset\L15-0357E-1223N_1429_3296_13\buildings\buildings_L15-0357E-1223N_1429_3296_13_2019_12.tif
L15-0357E-1223N_1429_3296_13,2020,1,2020_01,True,True,True,False,False,False,True,True,True,datasets\sen12_mt_urbanmapping\multimodal_cd_dataset\L15-0357E-1223N_1429_3296_13\s1\s1_L15-0357E-1223N_1429_3296_13_2020_01.tif,datasets\sen12_mt_urbanmapping\multimodal_cd_dataset\L15-0357E-1223N_1429_3296_13\s2\s2_L15-0357E-1223N_1429_3296_13_2020_01.tif,datasets\sen12_mt_urbanmapping\multimodal_cd_dataset\L15-0357E-1223N_1429_3296_13\buildings\buildings_L15-0357E-1223N_1429_3296_13_2020_01.tif
L15-0358E-1220N_1433_3310_13,2018,2,2018_02,True,True,True,False,False,False,True,True,True,datasets\sen12_mt_urbanmapping\multimodal_cd_dataset\L15-0358E-1220N_1433_3310_13\s1\s1_L15-0358E-1220N_1433_3310_13_2018_02.tif,datasets\sen12_mt_urbanmapping\multimodal_cd_dataset\L15-0358E-1220N_1433_3310_13\s2\s2_L15-0358E-1220N_1433_3310_13_2018_02.tif,datasets\sen12_mt_urbanmapping\multimodal_cd_dataset\L15-0358E-1220N_1433_3310_13\buildings\buildings_L15-0358E-1220N_1433_3310_13_2018_02.tif
L15-0358E-1220N_1433_3310_13,2018,3,2018_03,True,True,True,False,False,False,True,True,True,datasets\sen12_mt_urbanmapping\multimodal_cd_dataset\L15-0358E-1220N_1433_3310_13\s1\s1_L15-0358E-1220N_1433_3310_13_2018_03.tif,datasets\sen12_mt_urbanmapping\multimodal_cd_dataset\L15-0358E-1220N_1433_3310_13\s2\s2_L15-0358E-1220N_1433_3310_13_2018_03.tif,datasets\sen12_mt_urbanmapping\multimodal_cd_dataset\L15-0358E-1220N_1433_3310_13\buildings\buildings_L15-0358E-1220N_1433_3310_13_2018_03.tif
L15-0358E-1220N_1433_3310_13,2018,4,2018_04,True,True,True,False,False,False,True,True,True,datasets\sen12_mt_urbanmapping\multimodal_cd_dataset\L15-0358E-1220N_1433_3310_13\s1\s1_L15-0358E-1220N_1433_3310_13_2018_04.tif,datasets\sen12_mt_urbanmapping\multimodal_cd_dataset\L15-0358E-1220N_1433_3310_13\s2\s2_L15-0358E-1220N_1433_3310_13_2018_04.tif,datasets\sen12_mt_urbanmapping\multimodal_cd_dataset\L15-0358E-1220N_1433_3310_13\buildings\buildings_L15-0358E-1220N_1433_3310_13_2018_04.tif
L15-0358E-1220N_1433_3310_13,2018,5,2018_05,True,True,True,True,False,False,True,True,True,datasets\sen12_mt_urbanmapping\multimodal_cd_dataset\L15-0358E-1220N_1433_3310_13\s1\s1_L15-0358E-1220N_1433_3310_13_2018_05.tif,datasets\sen12_mt_urbanmapping\multimodal_cd_dataset\L15-0358E-1220N_1433_3310_13\s2\s2_L15-0358E-1220N_1433_3310_13_2018_05.tif,datasets\sen12_mt_urbanmapping\multimodal_cd_dataset\L15-0358E-1220N_1433_3310_13\buildings\buildings_L15-0358E-1220N_1433_3310_13_2018_05.tif
L15-0358E-1220N_1433_3310_13,2018,6,2018_06,True,True,True,True,False,False,True,True,True,datasets\sen12_mt_urbanmapping\multimodal_cd_dataset\L15-0358E-1220N_1433_3310_13\s1\s1_L15-0358E-1220N_1433_3310_13_2018_06.tif,datasets\sen12_mt_urbanmapping\multimodal_cd_dataset\L15-0358E-1220N_1433_3310_13\s2\s2_L15-0358E-1220N_1433_3310_13_2018_06.tif,datasets\sen12_mt_urbanmapping\multimodal_cd_dataset\L15-0358E-1220N_1433_3310_13\buildings\buildings_L15-0358E-1220N_1433_3310_13_2018_06.tif
L15-0358E-1220N_1433_3310_13,2018,7,2018_07,True,True,True,False,False,False,True,True,True,datasets\sen12_mt_urbanmapping\multimodal_cd_dataset\L15-0358E-1220N_1433_3310_13\s1\s1_L15-0358E-1220N_1433_3310_13_2018_07.tif,datasets\sen12_mt_urbanmapping\multimodal_cd_dataset\L15-0358E-1220N_1433_3310_13\s2\s2_L15-0358E-1220N_1433_3310_13_2018_07.tif,datasets\sen12_mt_urbanmapping\multimodal_cd_dataset\L15-0358E-1220N_1433_3310_13\buildings\buildings_L15-0358E-1220N_1433_3310_13_2018_07.tif
L15-0358E-1220N_1433_3310_13,2018,8,2018_08,True,True,True,False,False,False,True,True,True,datasets\sen12_mt_urbanmapping\multimodal_cd_dataset\L15-0358E-1220N_1433_3310_13\s1\s1_L15-0358E-1220N_1433_3310_13_2018_08.tif,datasets\sen12_mt_urbanmapping\multimodal_cd_dataset\L15-0358E-1220N_1433_3310_13\s2\s2_L15-0358E-1220N_1433_3310_13_2018_08.tif,datasets\sen12_mt_urbanmapping\multimodal_cd_dataset\L15-0358E-1220N_1433_3310_13\buildings\buildings_L15-0358E-1220N_1433_3310_13_2018_08.tif
L15-0358E-1220N_1433_3310_13,2018,9,2018_09,True,True,True,False,False,False,True,True,True,datasets\sen12_mt_urbanmapping\multimodal_cd_dataset\L15-0358E-1220N_1433_3310_13\s1\s1_L15-0358E-1220N_1433_3310_13_2018_09.tif,datasets\sen12_mt_urbanmapping\multimodal_cd_dataset\L15-0358E-1220N_1433_3310_13\s2\s2_L15-0358E-1220N_1433_3310_13_2018_09.tif,datasets\sen12_mt_urbanmapping\multimodal_cd_dataset\L15-0358E-1220N_1433_3310_13\buildings\buildings_L15-0358E-1220N_1433_3310_13_2018_09.tif
L15-0358E-1220N_1433_3310_13,2018,10,2018_10,True,True,True,False,False,False,True,True,True,datasets\sen12_mt_urbanmapping\multimodal_cd_dataset\L15-0358E-1220N_1433_3310_13\s1\s1_L15-0358E-1220N_1433_3310_13_2018_10.tif,datasets\sen12_mt_urbanmapping\multimodal_cd_dataset\L15-0358E-1220N_1433_3310_13\s2\s2_L15-0358E-1220N_1433_3310_13_2018_10.tif,datasets\sen12_mt_urbanmapping\multimodal_cd_dataset\L15-0358E-1220N_1433_3310_13\buildings\buildings_L15-0358E-1220N_1433_3310_13_2018_10.tif
L15-0358E-1220N_1433_3310_13,2018,11,2018_11,True,True,True,False,False,False,True,True,True,datasets\sen12_mt_urbanmapping\multimodal_cd_dataset\L15-0358E-1220N_1433_3310_13\s1\s1_L15-0358E-1220N_1433_3310_13_2018_11.tif,datasets\sen12_mt_urbanmapping\multimodal_cd_dataset\L15-0358E-1220N_1433_3310_13\s2\s2_L15-0358E-1220N_1433_3310_13_2018_11.tif,datasets\sen12_mt_urbanmapping\multimodal_cd_dataset\L15-0358E-1220N_1433_3310_13\buildings\buildings_L15-0358E-1220N_1433_3310_13_2018_11.tif
L15-0358E-1220N_1433_3310_13,2018,12,2018_12,True,True,True,False,False,False,True,True,True,datasets\sen12_mt_urbanmapping\multimodal_cd_dataset\L15-0358E-1220N_1433_3310_13\s1\s1_L15-0358E-1220N_1433_3310_13_2018_12.tif,datasets\sen12_mt_urbanmapping\multimodal_cd_dataset\L15-0358E-1220N_1433_3310_13\s2\s2_L15-0358E-1220N_1433_3310_13_2018_12.tif,datasets\sen12_mt_urbanmapping\multimodal_cd_dataset\L15-0358E-1220N_1433_3310_13\buildings\buildings_L15-0358E-1220N_1433_3310_13_2018_12.tif
L15-0358E-1220N_1433_3310_13,2019,1,2019_01,True,True,True,False,False,False,True,True,True,datasets\sen12_mt_urbanmapping\multimodal_cd_dataset\L15-0358E-1220N_1433_3310_13\s1\s1_L15-0358E-1220N_1433_3310_13_2019_01.tif,datasets\sen12_mt_urbanmapping\multimodal_cd_dataset\L15-0358E-1220N_1433_3310_13\s2\s2_L15-0358E-1220N_1433_3310_13_2019_01.tif,datasets\sen12_mt_urbanmapping\multimodal_cd_dataset\L15-0358E-1220N_1433_3310_13\buildings\buildings_L15-0358E-1220N_1433_3310_13_2019_01.tif
L15-0358E-1220N_1433_3310_13,2019,2,2019_02,True,True,True,False,False,False,True,True,True,datasets\sen12_mt_urbanmapping\multimodal_cd_dataset\L15-0358E-1220N_1433_3310_13\s1\s1_L15-0358E-1220N_1433_3310_13_2019_02.tif,datasets\sen12_mt_urbanmapping\multimodal_cd_dataset\L15-0358E-1220N_1433_3310_13\s2\s2_L15-0358E-1220N_1433_3310_13_2019_02.tif,datasets\sen12_mt_urbanmapping\multimodal_cd_dataset\L15-0358E-1220N_1433_3310_13\buildings\buildings_L15-0358E-1220N_1433_3310_13_2019_02.tif
L15-0358E-1220N_1433_3310_13,2019,3,2019_03,True,True,True,False,False,False,True,True,True,datasets\sen12_mt_urbanmapping\multimodal_cd_dataset\L15-0358E-1220N_1433_3310_13\s1\s1_L15-0358E-1220N_1433_3310_13_2019_03.tif,datasets\sen12_mt_urbanmapping\multimodal_cd_dataset\L15-0358E-1220N_1433_3310_13\s2\s2_L15-0358E-1220N_1433_3310_13_2019_03.tif,datasets\sen12_mt_urbanmapping\multimodal_cd_dataset\L15-0358E-1220N_1433_3310_13\buildings\buildings_L15-0358E-1220N_1433_3310_13_2019_03.tif
L15-0358E-1220N_1433_3310_13,2019,4,2019_04,True,True,True,False,False,False,True,True,True,datasets\sen12_mt_urbanmapping\multimodal_cd_dataset\L15-0358E-1220N_1433_3310_13\s1\s1_L15-0358E-1220N_1433_3310_13_2019_04.tif,datasets\sen12_mt_urbanmapping\multimodal_cd_dataset\L15-0358E-1220N_1433_3310_13\s2\s2_L15-0358E-1220N_1433_3310_13_2019_04.tif,datasets\sen12_mt_urbanmapping\multimodal_cd_dataset\L15-0358E-1220N_1433_3310_13\buildings\buildings_L15-0358E-1220N_1433_3310_13_2019_04.tif
L15-0358E-1220N_1433_3310_13,2019,5,2019_05,True,True,True,False,False,False,True,True,True,datasets\sen12_mt_urbanmapping\multimodal_cd_dataset\L15-0358E-1220N_1433_3310_13\s1\s1_L15-0358E-1220N_1433_3310_13_2019_05.tif,datasets\sen12_mt_urbanmapping\multimodal_cd_dataset\L15-0358E-1220N_1433_3310_13\s2\s2_L15-0358E-1220N_1433_3310_13_2019_05.tif,datasets\sen12_mt_urbanmapping\multimodal_cd_dataset\L15-0358E-1220N_1433_3310_13\buildings\buildings_L15-0358E-1220N_1433_3310_13_2019_05.tif
L15-0358E-1220N_1433_3310_13,2019,6,2019_06,True,True,True,False,False,False,True,True,True,datasets\sen12_mt_urbanmapping\multimodal_cd_dataset\L15-0358E-1220N_1433_3310_13\s1\s1_L15-0358E-1220N_1433_3310_13_2019_06.tif,datasets\sen12_mt_urbanmapping\multimodal_cd_dataset\L15-0358E-1220N_1433_3310_13\s2\s2_L15-0358E-1220N_1433_3310_13_2019_06.tif,datasets\sen12_mt_urbanmapping\multimodal_cd_dataset\L15-0358E-1220N_1433_3310_13\buildings\buildings_L15-0358E-1220N_1433_3310_13_2019_06.tif
L15-0358E-1220N_1433_3310_13,2019,7,2019_07,True,True,True,False,False,False,True,True,True,datasets\sen12_mt_urbanmapping\multimodal_cd_dataset\L15-0358E-1220N_1433_3310_13\s1\s1_L15-0358E-1220N_1433_3310_13_2019_07.tif,datasets\sen12_mt_urbanmapping\multimodal_cd_dataset\L15-0358E-1220N_1433_3310_13\s2\s2_L15-0358E-1220N_1433_3310_13_2019_07.tif,datasets\sen12_mt_urbanmapping\multimodal_cd_dataset\L15-0358E-1220N_1433_3310_13\buildings\buildings_L15-0358E-1220N_1433_3310_13_2019_07.tif
L15-0358E-1220N_1433_3310_13,2019,8,2019_08,True,True,True,False,False,False,True,True,True,datasets\sen12_mt_urbanmapping\multimodal_cd_dataset\L15-0358E-1220N_1433_3310_13\s1\s1_L15-0358E-1220N_1433_3310_13_2019_08.tif,datasets\sen12_mt_urbanmapping\multimodal_cd_dataset\L15-0358E-1220N_1433_3310_13\s2\s2_L15-0358E-1220N_1433_3310_13_2019_08.tif,datasets\sen12_mt_urbanmapping\multimodal_cd_dataset\L15-0358E-1220N_1433_3310_13\buildings\buildings_L15-0358E-1220N_1433_3310_13_2019_08.tif
L15-0358E-1220N_1433_3310_13,2019,9,2019_09,True,True,True,False,False,False,True,True,True,datasets\sen12_mt_urbanmapping\multimodal_cd_dataset\L15-0358E-1220N_1433_3310_13\s1\s1_L15-0358E-1220N_1433_3310_13_2019_09.tif,datasets\sen12_mt_urbanmapping\multimodal_cd_dataset\L15-0358E-1220N_1433_3310_13\s2\s2_L15-0358E-1220N_1433_3310_13_2019_09.tif,datasets\sen12_mt_urbanmapping\multimodal_cd_dataset\L15-0358E-1220N_1433_3310_13\buildings\buildings_L15-0358E-1220N_1433_3310_13_2019_09.tif
L15-0358E-1220N_1433_3310_13,2019,10,2019_10,True,True,True,False,False,False,True,True,True,datasets\sen12_mt_urbanmapping\multimodal_cd_dataset\L15-0358E-1220N_1433_3310_13\s1\s1_L15-0358E-1220N_1433_3310_13_2019_10.tif,datasets\sen12_mt_urbanmapping\multimodal_cd_dataset\L15-0358E-1220N_1433_3310_13\s2\s2_L15-0358E-1220N_1433_3310_13_2019_10.tif,datasets\sen12_mt_urbanmapping\multimodal_cd_dataset\L15-0358E-1220N_1433_3310_13\buildings\buildings_L15-0358E-1220N_1433_3310_13_2019_10.tif
L15-0358E-1220N_1433_3310_13,2019,11,2019_11,True,True,True,False,False,False,True,True,True,datasets\sen12_mt_urbanmapping\multimodal_cd_dataset\L15-0358E-1220N_1433_3310_13\s1\s1_L15-0358E-1220N_1433_3310_13_2019_11.tif,datasets\sen12_mt_urbanmapping\multimodal_cd_dataset\L15-0358E-1220N_1433_3310_13\s2\s2_L15-0358E-1220N_1433_3310_13_2019_11.tif,datasets\sen12_mt_urbanmapping\multimodal_cd_dataset\L15-0358E-1220N_1433_3310_13\buildings\buildings_L15-0358E-1220N_1433_3310_13_2019_11.tif
L15-0358E-1220N_1433_3310_13,2019,12,2019_12,True,True,True,False,False,False,True,True,True,datasets\sen12_mt_urbanmapping\multimodal_cd_dataset\L15-0358E-1220N_1433_3310_13\s1\s1_L15-0358E-1220N_1433_3310_13_2019_12.tif,datasets\sen12_mt_urbanmapping\multimodal_cd_dataset\L15-0358E-1220N_1433_3310_13\s2\s2_L15-0358E-1220N_1433_3310_13_2019_12.tif,datasets\sen12_mt_urbanmapping\multimodal_cd_dataset\L15-0358E-1220N_1433_3310_13\buildings\buildings_L15-0358E-1220N_1433_3310_13_2019_12.tif
L15-0358E-1220N_1433_3310_13,2020,1,2020_01,True,True,True,False,False,False,True,True,True,datasets\sen12_mt_urbanmapping\multimodal_cd_dataset\L15-0358E-1220N_1433_3310_13\s1\s1_L15-0358E-1220N_1433_3310_13_2020_01.tif,datasets\sen12_mt_urbanmapping\multimodal_cd_dataset\L15-0358E-1220N_1433_3310_13\s2\s2_L15-0358E-1220N_1433_3310_13_2020_01.tif,datasets\sen12_mt_urbanmapping\multimodal_cd_dataset\L15-0358E-1220N_1433_3310_13\buildings\buildings_L15-0358E-1220N_1433_3310_13_2020_01.tif
L15-0361E-1300N_1446_2989_13,2018,1,2018_01,True,False,True,False,False,True,True,True,True,datasets\sen12_mt_urbanmapping\multimodal_cd_dataset\L15-0361E-1300N_1446_2989_13\s1\s1_L15-0361E-1300N_1446_2989_13_2018_01.tif,datasets\sen12_mt_urbanmapping\multimodal_cd_dataset\L15-0361E-1300N_1446_2989_13\s2\s2_L15-0361E-1300N_1446_2989_13_2018_01.tif,datasets\sen12_mt_urbanmapping\multimodal_cd_dataset\L15-0361E-1300N_1446_2989_13\buildings\buildings_L15-0361E-1300N_1446_2989_13_2018_01.tif
L15-0361E-1300N_1446_2989_13,2018,2,2018_02,True,False,True,False,False,True,True,True,True,datasets\sen12_mt_urbanmapping\multimodal_cd_dataset\L15-0361E-1300N_1446_2989_13\s1\s1_L15-0361E-1300N_1446_2989_13_2018_02.tif,datasets\sen12_mt_urbanmapping\multimodal_cd_dataset\L15-0361E-1300N_1446_2989_13\s2\s2_L15-0361E-1300N_1446_2989_13_2018_02.tif,datasets\sen12_mt_urbanmapping\multimodal_cd_dataset\L15-0361E-1300N_1446_2989_13\buildings\buildings_L15-0361E-1300N_1446_2989_13_2018_02.tif
L15-0361E-1300N_1446_2989_13,2018,3,2018_03,True,True,True,False,False,False,True,True,True,datasets\sen12_mt_urbanmapping\multimodal_cd_dataset\L15-0361E-1300N_1446_2989_13\s1\s1_L15-0361E-1300N_1446_2989_13_2018_03.tif,datasets\sen12_mt_urbanmapping\multimodal_cd_dataset\L15-0361E-1300N_1446_2989_13\s2\s2_L15-0361E-1300N_1446_2989_13_2018_03.tif,datasets\sen12_mt_urbanmapping\multimodal_cd_dataset\L15-0361E-1300N_1446_2989_13\buildings\buildings_L15-0361E-1300N_1446_2989_13_2018_03.tif
L15-0361E-1300N_1446_2989_13,2018,5,2018_05,True,True,True,False,False,False,True,True,True,datasets\sen12_mt_urbanmapping\multimodal_cd_dataset\L15-0361E-1300N_1446_2989_13\s1\s1_L15-0361E-1300N_1446_2989_13_2018_05.tif,datasets\sen12_mt_urbanmapping\multimodal_cd_dataset\L15-0361E-1300N_1446_2989_13\s2\s2_L15-0361E-1300N_1446_2989_13_2018_05.tif,datasets\sen12_mt_urbanmapping\multimodal_cd_dataset\L15-0361E-1300N_1446_2989_13\buildings\buildings_L15-0361E-1300N_1446_2989_13_2018_05.tif
L15-0361E-1300N_1446_2989_13,2018,6,2018_06,True,True,True,False,False,False,True,True,True,datasets\sen12_mt_urbanmapping\multimodal_cd_dataset\L15-0361E-1300N_1446_2989_13\s1\s1_L15-0361E-1300N_1446_2989_13_2018_06.tif,datasets\sen12_mt_urbanmapping\multimodal_cd_dataset\L15-0361E-1300N_1446_2989_13\s2\s2_L15-0361E-1300N_1446_2989_13_2018_06.tif,datasets\sen12_mt_urbanmapping\multimodal_cd_dataset\L15-0361E-1300N_1446_2989_13\buildings\buildings_L15-0361E-1300N_1446_2989_13_2018_06.tif
L15-0361E-1300N_1446_2989_13,2018,7,2018_07,True,True,True,False,False,False,True,True,True,datasets\sen12_mt_urbanmapping\multimodal_cd_dataset\L15-0361E-1300N_1446_2989_13\s1\s1_L15-0361E-1300N_1446_2989_13_2018_07.tif,datasets\sen12_mt_urbanmapping\multimodal_cd_dataset\L15-0361E-1300N_1446_2989_13\s2\s2_L15-0361E-1300N_1446_2989_13_2018_07.tif,datasets\sen12_mt_urbanmapping\multimodal_cd_dataset\L15-0361E-1300N_1446_2989_13\buildings\buildings_L15-0361E-1300N_1446_2989_13_2018_07.tif
L15-0361E-1300N_1446_2989_13,2018,8,2018_08,True,True,True,False,False,False,True,True,True,datasets\sen12_mt_urbanmapping\multimodal_cd_dataset\L15-0361E-1300N_1446_2989_13\s1\s1_L15-0361E-1300N_1446_2989_13_2018_08.tif,datasets\sen12_mt_urbanmapping\multimodal_cd_dataset\L15-0361E-1300N_1446_2989_13\s2\s2_L15-0361E-1300N_1446_2989_13_2018_08.tif,datasets\sen12_mt_urbanmapping\multimodal_cd_dataset\L15-0361E-1300N_1446_2989_13\buildings\buildings_L15-0361E-1300N_1446_2989_13_2018_08.tif
L15-0361E-1300N_1446_2989_13,2018,9,2018_09,True,True,True,False,False,False,True,True,True,datasets\sen12_mt_urbanmapping\multimodal_cd_dataset\L15-0361E-1300N_1446_2989_13\s1\s1_L15-0361E-1300N_1446_2989_13_2018_09.tif,datasets\sen12_mt_urbanmapping\multimodal_cd_dataset\L15-0361E-1300N_1446_2989_13\s2\s2_L15-0361E-1300N_1446_2989_13_2018_09.tif,datasets\sen12_mt_urbanmapping\multimodal_cd_dataset\L15-0361E-1300N_1446_2989_13\buildings\buildings_L15-0361E-1300N_1446_2989_13_2018_09.tif
L15-0361E-1300N_1446_2989_13,2018,10,2018_10,True,True,True,False,False,False,True,True,True,datasets\sen12_mt_urbanmapping\multimodal_cd_dataset\L15-0361E-1300N_1446_2989_13\s1\s1_L15-0361E-1300N_1446_2989_13_2018_10.tif,datasets\sen12_mt_urbanmapping\multimodal_cd_dataset\L15-0361E-1300N_1446_2989_13\s2\s2_L15-0361E-1300N_1446_2989_13_2018_10.tif,datasets\sen12_mt_urbanmapping\multimodal_cd_dataset\L15-0361E-1300N_1446_2989_13\buildings\buildings_L15-0361E-1300N_1446_2989_13_2018_10.tif
L15-0361E-1300N_1446_2989_13,2018,11,2018_11,True,True,True,False,False,False,True,True,True,datasets\sen12_mt_urbanmapping\multimodal_cd_dataset\L15-0361E-1300N_1446_2989_13\s1\s1_L15-0361E-1300N_1446_2989_13_2018_11.tif,datasets\sen12_mt_urbanmapping\multimodal_cd_dataset\L15-0361E-1300N_1446_2989_13\s2\s2_L15-0361E-1300N_1446_2989_13_2018_11.tif,datasets\sen12_mt_urbanmapping\multimodal_cd_dataset\L15-0361E-1300N_1446_2989_13\buildings\buildings_L15-0361E-1300N_1446_2989_13_2018_11.tif
L15-0361E-1300N_1446_2989_13,2018,12,2018_12,True,False,True,False,False,True,True,True,True,datasets\sen12_mt_urbanmapping\multimodal_cd_dataset\L15-0361E-1300N_1446_2989_13\s1\s1_L15-0361E-1300N_1446_2989_13_2018_12.tif,datasets\sen12_mt_urbanmapping\multimodal_cd_dataset\L15-0361E-1300N_1446_2989_13\s2\s2_L15-0361E-1300N_1446_2989_13_2018_12.tif,datasets\sen12_mt_urbanmapping\multimodal_cd_dataset\L15-0361E-1300N_1446_2989_13\buildings\buildings_L15-0361E-1300N_1446_2989_13_2018_12.tif
L15-0361E-1300N_1446_2989_13,2019,1,2019_01,True,True,True,False,False,False,True,True,True,datasets\sen12_mt_urbanmapping\multimodal_cd_dataset\L15-0361E-1300N_1446_2989_13\s1\s1_L15-0361E-1300N_1446_2989_13_2019_01.tif,datasets\sen12_mt_urbanmapping\multimodal_cd_dataset\L15-0361E-1300N_1446_2989_13\s2\s2_L15-0361E-1300N_1446_2989_13_2019_01.tif,datasets\sen12_mt_urbanmapping\multimodal_cd_dataset\L15-0361E-1300N_1446_2989_13\buildings\buildings_L15-0361E-1300N_1446_2989_13_2019_01.tif
L15-0361E-1300N_1446_2989_13,2019,2,2019_02,True,False,True,False,False,True,True,True,True,datasets\sen12_mt_urbanmapping\multimodal_cd_dataset\L15-0361E-1300N_1446_2989_13\s1\s1_L15-0361E-1300N_1446_2989_13_2019_02.tif,datasets\sen12_mt_urbanmapping\multimodal_cd_dataset\L15-0361E-1300N_1446_2989_13\s2\s2_L15-0361E-1300N_1446_2989_13_2019_02.tif,datasets\sen12_mt_urbanmapping\multimodal_cd_dataset\L15-0361E-1300N_1446_2989_13\buildings\buildings_L15-0361E-1300N_1446_2989_13_2019_02.tif
L15-0361E-1300N_1446_2989_13,2019,3,2019_03,True,True,True,False,False,False,True,True,True,datasets\sen12_mt_urbanmapping\multimodal_cd_dataset\L15-0361E-1300N_1446_2989_13\s1\s1_L15-0361E-1300N_1446_2989_13_2019_03.tif,datasets\sen12_mt_urbanmapping\multimodal_cd_dataset\L15-0361E-1300N_1446_2989_13\s2\s2_L15-0361E-1300N_1446_2989_13_2019_03.tif,datasets\sen12_mt_urbanmapping\multimodal_cd_dataset\L15-0361E-1300N_1446_2989_13\buildings\buildings_L15-0361E-1300N_1446_2989_13_2019_03.tif
L15-0361E-1300N_1446_2989_13,2019,4,2019_04,True,True,True,False,False,False,True,True,True,datasets\sen12_mt_urbanmapping\multimodal_cd_dataset\L15-0361E-1300N_1446_2989_13\s1\s1_L15-0361E-1300N_1446_2989_13_2019_04.tif,datasets\sen12_mt_urbanmapping\multimodal_cd_dataset\L15-0361E-1300N_1446_2989_13\s2\s2_L15-0361E-1300N_1446_2989_13_2019_04.tif,datasets\sen12_mt_urbanmapping\multimodal_cd_dataset\L15-0361E-1300N_1446_2989_13\buildings\buildings_L15-0361E-1300N_1446_2989_13_2019_04.tif
L15-0361E-1300N_1446_2989_13,2019,5,2019_05,True,True,True,False,False,False,True,True,True,datasets\sen12_mt_urbanmapping\multimodal_cd_dataset\L15-0361E-1300N_1446_2989_13\s1\s1_L15-0361E-1300N_1446_2989_13_2019_05.tif,datasets\sen12_mt_urbanmapping\multimodal_cd_dataset\L15-0361E-1300N_1446_2989_13\s2\s2_L15-0361E-1300N_1446_2989_13_2019_05.tif,datasets\sen12_mt_urbanmapping\multimodal_cd_dataset\L15-0361E-1300N_1446_2989_13\buildings\buildings_L15-0361E-1300N_1446_2989_13_2019_05.tif
L15-0361E-1300N_1446_2989_13,2019,6,2019_06,True,True,True,False,False,False,True,True,True,datasets\sen12_mt_urbanmapping\multimodal_cd_dataset\L15-0361E-1300N_1446_2989_13\s1\s1_L15-0361E-1300N_1446_2989_13_2019_06.tif,datasets\sen12_mt_urbanmapping\multimodal_cd_dataset\L15-0361E-1300N_1446_2989_13\s2\s2_L15-0361E-1300N_1446_2989_13_2019_06.tif,datasets\sen12_mt_urbanmapping\multimodal_cd_dataset\L15-0361E-1300N_1446_2989_13\buildings\buildings_L15-0361E-1300N_1446_2989_13_2019_06.tif
L15-0361E-1300N_1446_2989_13,2019,7,2019_07,True,True,True,False,False,False,True,True,True,datasets\sen12_mt_urbanmapping\multimodal_cd_dataset\L15-0361E-1300N_1446_2989_13\s1\s1_L15-0361E-1300N_1446_2989_13_2019_07.tif,datasets\sen12_mt_urbanmapping\multimodal_cd_dataset\L15-0361E-1300N_1446_2989_13\s2\s2_L15-0361E-1300N_1446_2989_13_2019_07.tif,datasets\sen12_mt_urbanmapping\multimodal_cd_dataset\L15-0361E-1300N_1446_2989_13\buildings\buildings_L15-0361E-1300N_1446_2989_13_2019_07.tif
L15-0361E-1300N_1446_2989_13,2019,8,2019_08,True,True,True,False,False,False,True,True,True,datasets\sen12_mt_urbanmapping\multimodal_cd_dataset\L15-0361E-1300N_1446_2989_13\s1\s1_L15-0361E-1300N_1446_2989_13_2019_08.tif,datasets\sen12_mt_urbanmapping\multimodal_cd_dataset\L15-0361E-1300N_1446_2989_13\s2\s2_L15-0361E-1300N_1446_2989_13_2019_08.tif,datasets\sen12_mt_urbanmapping\multimodal_cd_dataset\L15-0361E-1300N_1446_2989_13\buildings\buildings_L15-0361E-1300N_1446_2989_13_2019_08.tif
L15-0361E-1300N_1446_2989_13,2019,9,2019_09,True,True,True,True,False,False,True,True,True,datasets\sen12_mt_urbanmapping\multimodal_cd_dataset\L15-0361E-1300N_1446_2989_13\s1\s1_L15-0361E-1300N_1446_2989_13_2019_09.tif,datasets\sen12_mt_urbanmapping\multimodal_cd_dataset\L15-0361E-1300N_1446_2989_13\s2\s2_L15-0361E-1300N_1446_2989_13_2019_09.tif,datasets\sen12_mt_urbanmapping\multimodal_cd_dataset\L15-0361E-1300N_1446_2989_13\buildings\buildings_L15-0361E-1300N_1446_2989_13_2019_09.tif
L15-0361E-1300N_1446_2989_13,2019,10,2019_10,True,True,True,False,False,False,True,True,True,datasets\sen12_mt_urbanmapping\multimodal_cd_dataset\L15-0361E-1300N_1446_2989_13\s1\s1_L15-0361E-1300N_1446_2989_13_2019_10.tif,datasets\sen12_mt_urbanmapping\multimodal_cd_dataset\L15-0361E-1300N_1446_2989_13\s2\s2_L15-0361E-1300N_1446_2989_13_2019_10.tif,datasets\sen12_mt_urbanmapping\multimodal_cd_dataset\L15-0361E-1300N_1446_2989_13\buildings\buildings_L15-0361E-1300N_1446_2989_13_2019_10.tif
L15-0361E-1300N_1446_2989_13,2019,11,2019_11,True,True,True,False,False,False,True,True,True,datasets\sen12_mt_urbanmapping\multimodal_cd_dataset\L15-0361E-1300N_1446_2989_13\s1\s1_L15-0361E-1300N_1446_2989_13_2019_11.tif,datasets\sen12_mt_urbanmapping\multimodal_cd_dataset\L15-0361E-1300N_1446_2989_13\s2\s2_L15-0361E-1300N_1446_2989_13_2019_11.tif,datasets\sen12_mt_urbanmapping\multimodal_cd_dataset\L15-0361E-1300N_1446_2989_13\buildings\buildings_L15-0361E-1300N_1446_2989_13_2019_11.tif
L15-0361E-1300N_1446_2989_13,2019,12,2019_12,True,False,True,False,False,True,True,True,True,datasets\sen12_mt_urbanmapping\multimodal_cd_dataset\L15-0361E-1300N_1446_2989_13\s1\s1_L15-0361E-1300N_1446_2989_13_2019_12.tif,datasets\sen12_mt_urbanmapping\multimodal_cd_dataset\L15-0361E-1300N_1446_2989_13\s2\s2_L15-0361E-1300N_1446_2989_13_2019_12.tif,datasets\sen12_mt_urbanmapping\multimodal_cd_dataset\L15-0361E-1300N_1446_2989_13\buildings\buildings_L15-0361E-1300N_1446_2989_13_2019_12.tif
L15-0361E-1300N_1446_2989_13,2020,1,2020_01,True,False,True,False,False,True,True,True,True,datasets\sen12_mt_urbanmapping\multimodal_cd_dataset\L15-0361E-1300N_1446_2989_13\s1\s1_L15-0361E-1300N_1446_2989_13_2020_01.tif,datasets\sen12_mt_urbanmapping\multimodal_cd_dataset\L15-0361E-1300N_1446_2989_13\s2\s2_L15-0361E-1300N_1446_2989_13_2020_01.tif,datasets\sen12_mt_urbanmapping\multimodal_cd_dataset\L15-0361E-1300N_1446_2989_13\buildings\buildings_L15-0361E-1300N_1446_2989_13_2020_01.tif
L15-0368E-1245N_1474_3210_13,2018,1,2018_01,True,True,True,False,False,False,True,True,True,datasets\sen12_mt_urbanmapping\multimodal_cd_dataset\L15-0368E-1245N_1474_3210_13\s1\s1_L15-0368E-1245N_1474_3210_13_2018_01.tif,datasets\sen12_mt_urbanmapping\multimodal_cd_dataset\L15-0368E-1245N_1474_3210_13\s2\s2_L15-0368E-1245N_1474_3210_13_2018_01.tif,datasets\sen12_mt_urbanmapping\multimodal_cd_dataset\L15-0368E-1245N_1474_3210_13\buildings\buildings_L15-0368E-1245N_1474_3210_13_2018_01.tif
L15-0368E-1245N_1474_3210_13,2018,2,2018_02,True,True,True,False,False,False,True,True,True,datasets\sen12_mt_urbanmapping\multimodal_cd_dataset\L15-0368E-1245N_1474_3210_13\s1\s1_L15-0368E-1245N_1474_3210_13_2018_02.tif,datasets\sen12_mt_urbanmapping\multimodal_cd_dataset\L15-0368E-1245N_1474_3210_13\s2\s2_L15-0368E-1245N_1474_3210_13_2018_02.tif,datasets\sen12_mt_urbanmapping\multimodal_cd_dataset\L15-0368E-1245N_1474_3210_13\buildings\buildings_L15-0368E-1245N_1474_3210_13_2018_02.tif
L15-0368E-1245N_1474_3210_13,2018,3,2018_03,True,True,True,False,False,False,True,True,True,datasets\sen12_mt_urbanmapping\multimodal_cd_dataset\L15-0368E-1245N_1474_3210_13\s1\s1_L15-0368E-1245N_1474_3210_13_2018_03.tif,datasets\sen12_mt_urbanmapping\multimodal_cd_dataset\L15-0368E-1245N_1474_3210_13\s2\s2_L15-0368E-1245N_1474_3210_13_2018_03.tif,datasets\sen12_mt_urbanmapping\multimodal_cd_dataset\L15-0368E-1245N_1474_3210_13\buildings\buildings_L15-0368E-1245N_1474_3210_13_2018_03.tif
L15-0368E-1245N_1474_3210_13,2018,4,2018_04,True,True,True,False,False,False,True,True,True,datasets\sen12_mt_urbanmapping\multimodal_cd_dataset\L15-0368E-1245N_1474_3210_13\s1\s1_L15-0368E-1245N_1474_3210_13_2018_04.tif,datasets\sen12_mt_urbanmapping\multimodal_cd_dataset\L15-0368E-1245N_1474_3210_13\s2\s2_L15-0368E-1245N_1474_3210_13_2018_04.tif,datasets\sen12_mt_urbanmapping\multimodal_cd_dataset\L15-0368E-1245N_1474_3210_13\buildings\buildings_L15-0368E-1245N_1474_3210_13_2018_04.tif
L15-0368E-1245N_1474_3210_13,2018,6,2018_06,True,True,True,False,False,False,True,True,True,datasets\sen12_mt_urbanmapping\multimodal_cd_dataset\L15-0368E-1245N_1474_3210_13\s1\s1_L15-0368E-1245N_1474_3210_13_2018_06.tif,datasets\sen12_mt_urbanmapping\multimodal_cd_dataset\L15-0368E-1245N_1474_3210_13\s2\s2_L15-0368E-1245N_1474_3210_13_2018_06.tif,datasets\sen12_mt_urbanmapping\multimodal_cd_dataset\L15-0368E-1245N_1474_3210_13\buildings\buildings_L15-0368E-1245N_1474_3210_13_2018_06.tif
L15-0368E-1245N_1474_3210_13,2018,7,2018_07,True,True,True,False,False,False,True,True,True,datasets\sen12_mt_urbanmapping\multimodal_cd_dataset\L15-0368E-1245N_1474_3210_13\s1\s1_L15-0368E-1245N_1474_3210_13_2018_07.tif,datasets\sen12_mt_urbanmapping\multimodal_cd_dataset\L15-0368E-1245N_1474_3210_13\s2\s2_L15-0368E-1245N_1474_3210_13_2018_07.tif,datasets\sen12_mt_urbanmapping\multimodal_cd_dataset\L15-0368E-1245N_1474_3210_13\buildings\buildings_L15-0368E-1245N_1474_3210_13_2018_07.tif
L15-0368E-1245N_1474_3210_13,2018,8,2018_08,True,False,True,False,False,True,True,True,True,datasets\sen12_mt_urbanmapping\multimodal_cd_dataset\L15-0368E-1245N_1474_3210_13\s1\s1_L15-0368E-1245N_1474_3210_13_2018_08.tif,datasets\sen12_mt_urbanmapping\multimodal_cd_dataset\L15-0368E-1245N_1474_3210_13\s2\s2_L15-0368E-1245N_1474_3210_13_2018_08.tif,datasets\sen12_mt_urbanmapping\multimodal_cd_dataset\L15-0368E-1245N_1474_3210_13\buildings\buildings_L15-0368E-1245N_1474_3210_13_2018_08.tif
L15-0368E-1245N_1474_3210_13,2018,9,2018_09,True,True,True,False,False,False,True,True,True,datasets\sen12_mt_urbanmapping\multimodal_cd_dataset\L15-0368E-1245N_1474_3210_13\s1\s1_L15-0368E-1245N_1474_3210_13_2018_09.tif,datasets\sen12_mt_urbanmapping\multimodal_cd_dataset\L15-0368E-1245N_1474_3210_13\s2\s2_L15-0368E-1245N_1474_3210_13_2018_09.tif,datasets\sen12_mt_urbanmapping\multimodal_cd_dataset\L15-0368E-1245N_1474_3210_13\buildings\buildings_L15-0368E-1245N_1474_3210_13_2018_09.tif
L15-0368E-1245N_1474_3210_13,2018,10,2018_10,True,True,True,False,False,False,True,True,True,datasets\sen12_mt_urbanmapping\multimodal_cd_dataset\L15-0368E-1245N_1474_3210_13\s1\s1_L15-0368E-1245N_1474_3210_13_2018_10.tif,datasets\sen12_mt_urbanmapping\multimodal_cd_dataset\L15-0368E-1245N_1474_3210_13\s2\s2_L15-0368E-1245N_1474_3210_13_2018_10.tif,datasets\sen12_mt_urbanmapping\multimodal_cd_dataset\L15-0368E-1245N_1474_3210_13\buildings\buildings_L15-0368E-1245N_1474_3210_13_2018_10.tif
L15-0368E-1245N_1474_3210_13,2018,11,2018_11,True,True,True,False,False,False,True,True,True,datasets\sen12_mt_urbanmapping\multimodal_cd_dataset\L15-0368E-1245N_1474_3210_13\s1\s1_L15-0368E-1245N_1474_3210_13_2018_11.tif,datasets\sen12_mt_urbanmapping\multimodal_cd_dataset\L15-0368E-1245N_1474_3210_13\s2\s2_L15-0368E-1245N_1474_3210_13_2018_11.tif,datasets\sen12_mt_urbanmapping\multimodal_cd_dataset\L15-0368E-1245N_1474_3210_13\buildings\buildings_L15-0368E-1245N_1474_3210_13_2018_11.tif
L15-0368E-1245N_1474_3210_13,2018,12,2018_12,True,True,True,False,False,False,True,True,True,datasets\sen12_mt_urbanmapping\multimodal_cd_dataset\L15-0368E-1245N_1474_3210_13\s1\s1_L15-0368E-1245N_1474_3210_13_2018_12.tif,datasets\sen12_mt_urbanmapping\multimodal_cd_dataset\L15-0368E-1245N_1474_3210_13\s2\s2_L15-0368E-1245N_1474_3210_13_2018_12.tif,datasets\sen12_mt_urbanmapping\multimodal_cd_dataset\L15-0368E-1245N_1474_3210_13\buildings\buildings_L15-0368E-1245N_1474_3210_13_2018_12.tif
L15-0368E-1245N_1474_3210_13,2019,1,2019_01,True,True,True,False,False,False,True,True,True,datasets\sen12_mt_urbanmapping\multimodal_cd_dataset\L15-0368E-1245N_1474_3210_13\s1\s1_L15-0368E-1245N_1474_3210_13_2019_01.tif,datasets\sen12_mt_urbanmapping\multimodal_cd_dataset\L15-0368E-1245N_1474_3210_13\s2\s2_L15-0368E-1245N_1474_3210_13_2019_01.tif,datasets\sen12_mt_urbanmapping\multimodal_cd_dataset\L15-0368E-1245N_1474_3210_13\buildings\buildings_L15-0368E-1245N_1474_3210_13_2019_01.tif
L15-0368E-1245N_1474_3210_13,2019,2,2019_02,True,True,True,False,False,False,True,True,True,datasets\sen12_mt_urbanmapping\multimodal_cd_dataset\L15-0368E-1245N_1474_3210_13\s1\s1_L15-0368E-1245N_1474_3210_13_2019_02.tif,datasets\sen12_mt_urbanmapping\multimodal_cd_dataset\L15-0368E-1245N_1474_3210_13\s2\s2_L15-0368E-1245N_1474_3210_13_2019_02.tif,datasets\sen12_mt_urbanmapping\multimodal_cd_dataset\L15-0368E-1245N_1474_3210_13\buildings\buildings_L15-0368E-1245N_1474_3210_13_2019_02.tif
L15-0368E-1245N_1474_3210_13,2019,3,2019_03,True,True,True,False,False,False,True,True,True,datasets\sen12_mt_urbanmapping\multimodal_cd_dataset\L15-0368E-1245N_1474_3210_13\s1\s1_L15-0368E-1245N_1474_3210_13_2019_03.tif,datasets\sen12_mt_urbanmapping\multimodal_cd_dataset\L15-0368E-1245N_1474_3210_13\s2\s2_L15-0368E-1245N_1474_3210_13_2019_03.tif,datasets\sen12_mt_urbanmapping\multimodal_cd_dataset\L15-0368E-1245N_1474_3210_13\buildings\buildings_L15-0368E-1245N_1474_3210_13_2019_03.tif
L15-0368E-1245N_1474_3210_13,2019,4,2019_04,True,True,True,False,False,False,True,True,True,datasets\sen12_mt_urbanmapping\multimodal_cd_dataset\L15-0368E-1245N_1474_3210_13\s1\s1_L15-0368E-1245N_1474_3210_13_2019_04.tif,datasets\sen12_mt_urbanmapping\multimodal_cd_dataset\L15-0368E-1245N_1474_3210_13\s2\s2_L15-0368E-1245N_1474_3210_13_2019_04.tif,datasets\sen12_mt_urbanmapping\multimodal_cd_dataset\L15-0368E-1245N_1474_3210_13\buildings\buildings_L15-0368E-1245N_1474_3210_13_2019_04.tif
L15-0368E-1245N_1474_3210_13,2019,5,2019_05,True,True,True,False,False,False,True,True,True,datasets\sen12_mt_urbanmapping\multimodal_cd_dataset\L15-0368E-1245N_1474_3210_13\s1\s1_L15-0368E-1245N_1474_3210_13_2019_05.tif,datasets\sen12_mt_urbanmapping\multimodal_cd_dataset\L15-0368E-1245N_1474_3210_13\s2\s2_L15-0368E-1245N_1474_3210_13_2019_05.tif,datasets\sen12_mt_urbanmapping\multimodal_cd_dataset\L15-0368E-1245N_1474_3210_13\buildings\buildings_L15-0368E-1245N_1474_3210_13_2019_05.tif
L15-0368E-1245N_1474_3210_13,2019,6,2019_06,True,True,True,False,False,False,True,True,True,datasets\sen12_mt_urbanmapping\multimodal_cd_dataset\L15-0368E-1245N_1474_3210_13\s1\s1_L15-0368E-1245N_1474_3210_13_2019_06.tif,datasets\sen12_mt_urbanmapping\multimodal_cd_dataset\L15-0368E-1245N_1474_3210_13\s2\s2_L15-0368E-1245N_1474_3210_13_2019_06.tif,datasets\sen12_mt_urbanmapping\multimodal_cd_dataset\L15-0368E-1245N_1474_3210_13\buildings\buildings_L15-0368E-1245N_1474_3210_13_2019_06.tif
L15-0368E-1245N_1474_3210_13,2019,7,2019_07,True,True,True,False,False,False,True,True,True,datasets\sen12_mt_urbanmapping\multimodal_cd_dataset\L15-0368E-1245N_1474_3210_13\s1\s1_L15-0368E-1245N_1474_3210_13_2019_07.tif,datasets\sen12_mt_urbanmapping\multimodal_cd_dataset\L15-0368E-1245N_1474_3210_13\s2\s2_L15-0368E-1245N_1474_3210_13_2019_07.tif,datasets\sen12_mt_urbanmapping\multimodal_cd_dataset\L15-0368E-1245N_1474_3210_13\buildings\buildings_L15-0368E-1245N_1474_3210_13_2019_07.tif
L15-0368E-1245N_1474_3210_13,2019,8,2019_08,True,True,True,False,False,False,True,True,True,datasets\sen12_mt_urbanmapping\multimodal_cd_dataset\L15-0368E-1245N_1474_3210_13\s1\s1_L15-0368E-1245N_1474_3210_13_2019_08.tif,datasets\sen12_mt_urbanmapping\multimodal_cd_dataset\L15-0368E-1245N_1474_3210_13\s2\s2_L15-0368E-1245N_1474_3210_13_2019_08.tif,datasets\sen12_mt_urbanmapping\multimodal_cd_dataset\L15-0368E-1245N_1474_3210_13\buildings\buildings_L15-0368E-1245N_1474_3210_13_2019_08.tif
L15-0368E-1245N_1474_3210_13,2019,9,2019_09,True,True,True,False,False,False,True,True,True,datasets\sen12_mt_urbanmapping\multimodal_cd_dataset\L15-0368E-1245N_1474_3210_13\s1\s1_L15-0368E-1245N_1474_3210_13_2019_09.tif,datasets\sen12_mt_urbanmapping\multimodal_cd_dataset\L15-0368E-1245N_1474_3210_13\s2\s2_L15-0368E-1245N_1474_3210_13_2019_09.tif,datasets\sen12_mt_urbanmapping\multimodal_cd_dataset\L15-0368E-1245N_1474_3210_13\buildings\buildings_L15-0368E-1245N_1474_3210_13_2019_09.tif
L15-0368E-1245N_1474_3210_13,2019,10,2019_10,True,True,True,False,False,False,True,True,True,datasets\sen12_mt_urbanmapping\multimodal_cd_dataset\L15-0368E-1245N_1474_3210_13\s1\s1_L15-0368E-1245N_1474_3210_13_2019_10.tif,datasets\sen12_mt_urbanmapping\multimodal_cd_dataset\L15-0368E-1245N_1474_3210_13\s2\s2_L15-0368E-1245N_1474_3210_13_2019_10.tif,datasets\sen12_mt_urbanmapping\multimodal_cd_dataset\L15-0368E-1245N_1474_3210_13\buildings\buildings_L15-0368E-1245N_1474_3210_13_2019_10.tif
L15-0368E-1245N_1474_3210_13,2019,11,2019_11,True,True,True,False,False,False,True,True,True,datasets\sen12_mt_urbanmapping\multimodal_cd_dataset\L15-0368E-1245N_1474_3210_13\s1\s1_L15-0368E-1245N_1474_3210_13_2019_11.tif,datasets\sen12_mt_urbanmapping\multimodal_cd_dataset\L15-0368E-1245N_1474_3210_13\s2\s2_L15-0368E-1245N_1474_3210_13_2019_11.tif,datasets\sen12_mt_urbanmapping\multimodal_cd_dataset\L15-0368E-1245N_1474_3210_13\buildings\buildings_L15-0368E-1245N_1474_3210_13_2019_11.tif
L15-0368E-1245N_1474_3210_13,2019,12,2019_12,True,True,True,False,False,False,True,True,True,datasets\sen12_mt_urbanmapping\multimodal_cd_dataset\L15-0368E-1245N_1474_3210_13\s1\s1_L15-0368E-1245N_1474_3210_13_2019_12.tif,datasets\sen12_mt_urbanmapping\multimodal_cd_dataset\L15-0368E-1245N_1474_3210_13\s2\s2_L15-0368E-1245N_1474_3210_13_2019_12.tif,datasets\sen12_mt_urbanmapping\multimodal_cd_dataset\L15-0368E-1245N_1474_3210_13\buildings\buildings_L15-0368E-1245N_1474_3210_13_2019_12.tif
L15-0368E-1245N_1474_3210_13,2020,1,2020_01,True,True,True,False,False,False,True,True,True,datasets\sen12_mt_urbanmapping\multimodal_cd_dataset\L15-0368E-1245N_1474_3210_13\s1\s1_L15-0368E-1245N_1474_3210_13_2020_01.tif,datasets\sen12_mt_urbanmapping\multimodal_cd_dataset\L15-0368E-1245N_1474_3210_13\s2\s2_L15-0368E-1245N_1474_3210_13_2020_01.tif,datasets\sen12_mt_urbanmapping\multimodal_cd_dataset\L15-0368E-1245N_1474_3210_13\buildings\buildings_L15-0368E-1245N_1474_3210_13_2020_01.tif
L15-0387E-1276N_1549_3087_13,2018,1,2018_01,True,True,True,True,False,False,True,True,True,datasets\sen12_mt_urbanmapping\multimodal_cd_dataset\L15-0387E-1276N_1549_3087_13\s1\s1_L15-0387E-1276N_1549_3087_13_2018_01.tif,datasets\sen12_mt_urbanmapping\multimodal_cd_dataset\L15-0387E-1276N_1549_3087_13\s2\s2_L15-0387E-1276N_1549_3087_13_2018_01.tif,datasets\sen12_mt_urbanmapping\multimodal_cd_dataset\L15-0387E-1276N_1549_3087_13\buildings\buildings_L15-0387E-1276N_1549_3087_13_2018_01.tif
L15-0387E-1276N_1549_3087_13,2018,2,2018_02,True,True,True,True,False,False,True,True,True,datasets\sen12_mt_urbanmapping\multimodal_cd_dataset\L15-0387E-1276N_1549_3087_13\s1\s1_L15-0387E-1276N_1549_3087_13_2018_02.tif,datasets\sen12_mt_urbanmapping\multimodal_cd_dataset\L15-0387E-1276N_1549_3087_13\s2\s2_L15-0387E-1276N_1549_3087_13_2018_02.tif,datasets\sen12_mt_urbanmapping\multimodal_cd_dataset\L15-0387E-1276N_1549_3087_13\buildings\buildings_L15-0387E-1276N_1549_3087_13_2018_02.tif
L15-0387E-1276N_1549_3087_13,2018,3,2018_03,True,True,True,False,False,False,True,True,True,datasets\sen12_mt_urbanmapping\multimodal_cd_dataset\L15-0387E-1276N_1549_3087_13\s1\s1_L15-0387E-1276N_1549_3087_13_2018_03.tif,datasets\sen12_mt_urbanmapping\multimodal_cd_dataset\L15-0387E-1276N_1549_3087_13\s2\s2_L15-0387E-1276N_1549_3087_13_2018_03.tif,datasets\sen12_mt_urbanmapping\multimodal_cd_dataset\L15-0387E-1276N_1549_3087_13\buildings\buildings_L15-0387E-1276N_1549_3087_13_2018_03.tif
L15-0387E-1276N_1549_3087_13,2018,4,2018_04,True,True,True,False,False,False,True,True,True,datasets\sen12_mt_urbanmapping\multimodal_cd_dataset\L15-0387E-1276N_1549_3087_13\s1\s1_L15-0387E-1276N_1549_3087_13_2018_04.tif,datasets\sen12_mt_urbanmapping\multimodal_cd_dataset\L15-0387E-1276N_1549_3087_13\s2\s2_L15-0387E-1276N_1549_3087_13_2018_04.tif,datasets\sen12_mt_urbanmapping\multimodal_cd_dataset\L15-0387E-1276N_1549_3087_13\buildings\buildings_L15-0387E-1276N_1549_3087_13_2018_04.tif
L15-0387E-1276N_1549_3087_13,2018,5,2018_05,True,True,True,False,False,False,True,True,True,datasets\sen12_mt_urbanmapping\multimodal_cd_dataset\L15-0387E-1276N_1549_3087_13\s1\s1_L15-0387E-1276N_1549_3087_13_2018_05.tif,datasets\sen12_mt_urbanmapping\multimodal_cd_dataset\L15-0387E-1276N_1549_3087_13\s2\s2_L15-0387E-1276N_1549_3087_13_2018_05.tif,datasets\sen12_mt_urbanmapping\multimodal_cd_dataset\L15-0387E-1276N_1549_3087_13\buildings\buildings_L15-0387E-1276N_1549_3087_13_2018_05.tif
L15-0387E-1276N_1549_3087_13,2018,6,2018_06,True,True,True,False,False,False,True,True,True,datasets\sen12_mt_urbanmapping\multimodal_cd_dataset\L15-0387E-1276N_1549_3087_13\s1\s1_L15-0387E-1276N_1549_3087_13_2018_06.tif,datasets\sen12_mt_urbanmapping\multimodal_cd_dataset\L15-0387E-1276N_1549_3087_13\s2\s2_L15-0387E-1276N_1549_3087_13_2018_06.tif,datasets\sen12_mt_urbanmapping\multimodal_cd_dataset\L15-0387E-1276N_1549_3087_13\buildings\buildings_L15-0387E-1276N_1549_3087_13_2018_06.tif
L15-0387E-1276N_1549_3087_13,2018,7,2018_07,True,True,True,False,False,False,True,True,True,datasets\sen12_mt_urbanmapping\multimodal_cd_dataset\L15-0387E-1276N_1549_3087_13\s1\s1_L15-0387E-1276N_1549_3087_13_2018_07.tif,datasets\sen12_mt_urbanmapping\multimodal_cd_dataset\L15-0387E-1276N_1549_3087_13\s2\s2_L15-0387E-1276N_1549_3087_13_2018_07.tif,datasets\sen12_mt_urbanmapping\multimodal_cd_dataset\L15-0387E-1276N_1549_3087_13\buildings\buildings_L15-0387E-1276N_1549_3087_13_2018_07.tif
L15-0387E-1276N_1549_3087_13,2018,8,2018_08,False,True,False,False,True,False,False,True,False,,datasets\sen12_mt_urbanmapping\multimodal_cd_dataset\L15-0387E-1276N_1549_3087_13\s2\s2_L15-0387E-1276N_1549_3087_13_2018_08.tif,
L15-0387E-1276N_1549_3087_13,2018,9,2018_09,False,True,False,False,True,False,False,True,False,,datasets\sen12_mt_urbanmapping\multimodal_cd_dataset\L15-0387E-1276N_1549_3087_13\s2\s2_L15-0387E-1276N_1549_3087_13_2018_09.tif,
L15-0387E-1276N_1549_3087_13,2018,10,2018_10,True,True,True,False,False,False,True,True,True,datasets\sen12_mt_urbanmapping\multimodal_cd_dataset\L15-0387E-1276N_1549_3087_13\s1\s1_L15-0387E-1276N_1549_3087_13_2018_10.tif,datasets\sen12_mt_urbanmapping\multimodal_cd_dataset\L15-0387E-1276N_1549_3087_13\s2\s2_L15-0387E-1276N_1549_3087_13_2018_10.tif,datasets\sen12_mt_urbanmapping\multimodal_cd_dataset\L15-0387E-1276N_1549_3087_13\buildings\buildings_L15-0387E-1276N_1549_3087_13_2018_10.tif
L15-0387E-1276N_1549_3087_13,2018,11,2018_11,False,True,False,True,True,False,False,True,False,,datasets\sen12_mt_urbanmapping\multimodal_cd_dataset\L15-0387E-1276N_1549_3087_13\s2\s2_L15-0387E-1276N_1549_3087_13_2018_11.tif,
L15-0387E-1276N_1549_3087_13,2018,12,2018_12,False,False,False,True,True,True,False,True,False,,datasets\sen12_mt_urbanmapping\multimodal_cd_dataset\L15-0387E-1276N_1549_3087_13\s2\s2_L15-0387E-1276N_1549_3087_13_2018_12.tif,
L15-0387E-1276N_1549_3087_13,2019,3,2019_03,False,True,False,False,True,False,False,True,False,,datasets\sen12_mt_urbanmapping\multimodal_cd_dataset\L15-0387E-1276N_1549_3087_13\s2\s2_L15-0387E-1276N_1549_3087_13_2019_03.tif,
L15-0387E-1276N_1549_3087_13,2019,4,2019_04,False,True,False,False,True,False,False,True,False,,datasets\sen12_mt_urbanmapping\multimodal_cd_dataset\L15-0387E-1276N_1549_3087_13\s2\s2_L15-0387E-1276N_1549_3087_13_2019_04.tif,
L15-0387E-1276N_1549_3087_13,2019,5,2019_05,True,True,True,False,False,False,True,True,True,datasets\sen12_mt_urbanmapping\multimodal_cd_dataset\L15-0387E-1276N_1549_3087_13\s1\s1_L15-0387E-1276N_1549_3087_13_2019_05.tif,datasets\sen12_mt_urbanmapping\multimodal_cd_dataset\L15-0387E-1276N_1549_3087_13\s2\s2_L15-0387E-1276N_1549_3087_13_2019_05.tif,datasets\sen12_mt_urbanmapping\multimodal_cd_dataset\L15-0387E-1276N_1549_3087_13\buildings\buildings_L15-0387E-1276N_1549_3087_13_2019_05.tif
L15-0387E-1276N_1549_3087_13,2019,6,2019_06,True,True,True,False,False,False,True,True,True,datasets\sen12_mt_urbanmapping\multimodal_cd_dataset\L15-0387E-1276N_1549_3087_13\s1\s1_L15-0387E-1276N_1549_3087_13_2019_06.tif,datasets\sen12_mt_urbanmapping\multimodal_cd_dataset\L15-0387E-1276N_1549_3087_13\s2\s2_L15-0387E-1276N_1549_3087_13_2019_06.tif,datasets\sen12_mt_urbanmapping\multimodal_cd_dataset\L15-0387E-1276N_1549_3087_13\buildings\buildings_L15-0387E-1276N_1549_3087_13_2019_06.tif
L15-0387E-1276N_1549_3087_13,2019,7,2019_07,True,True,True,False,False,False,True,True,True,datasets\sen12_mt_urbanmapping\multimodal_cd_dataset\L15-0387E-1276N_1549_3087_13\s1\s1_L15-0387E-1276N_1549_3087_13_2019_07.tif,datasets\sen12_mt_urbanmapping\multimodal_cd_dataset\L15-0387E-1276N_1549_3087_13\s2\s2_L15-0387E-1276N_1549_3087_13_2019_07.tif,datasets\sen12_mt_urbanmapping\multimodal_cd_dataset\L15-0387E-1276N_1549_3087_13\buildings\buildings_L15-0387E-1276N_1549_3087_13_2019_07.tif
L15-0387E-1276N_1549_3087_13,2019,8,2019_08,True,True,True,False,False,False,True,True,True,datasets\sen12_mt_urbanmapping\multimodal_cd_dataset\L15-0387E-1276N_1549_3087_13\s1\s1_L15-0387E-1276N_1549_3087_13_2019_08.tif,datasets\sen12_mt_urbanmapping\multimodal_cd_dataset\L15-0387E-1276N_1549_3087_13\s2\s2_L15-0387E-1276N_1549_3087_13_2019_08.tif,datasets\sen12_mt_urbanmapping\multimodal_cd_dataset\L15-0387E-1276N_1549_3087_13\buildings\buildings_L15-0387E-1276N_1549_3087_13_2019_08.tif
L15-0387E-1276N_1549_3087_13,2019,9,2019_09,True,True,True,False,False,False,True,True,True,datasets\sen12_mt_urbanmapping\multimodal_cd_dataset\L15-0387E-1276N_1549_3087_13\s1\s1_L15-0387E-1276N_1549_3087_13_2019_09.tif,datasets\sen12_mt_urbanmapping\multimodal_cd_dataset\L15-0387E-1276N_1549_3087_13\s2\s2_L15-0387E-1276N_1549_3087_13_2019_09.tif,datasets\sen12_mt_urbanmapping\multimodal_cd_dataset\L15-0387E-1276N_1549_3087_13\buildings\buildings_L15-0387E-1276N_1549_3087_13_2019_09.tif
L15-0387E-1276N_1549_3087_13,2019,10,2019_10,True,True,True,True,False,False,True,True,True,datasets\sen12_mt_urbanmapping\multimodal_cd_dataset\L15-0387E-1276N_1549_3087_13\s1\s1_L15-0387E-1276N_1549_3087_13_2019_10.tif,datasets\sen12_mt_urbanmapping\multimodal_cd_dataset\L15-0387E-1276N_1549_3087_13\s2\s2_L15-0387E-1276N_1549_3087_13_2019_10.tif,datasets\sen12_mt_urbanmapping\multimodal_cd_dataset\L15-0387E-1276N_1549_3087_13\buildings\buildings_L15-0387E-1276N_1549_3087_13_2019_10.tif
L15-0387E-1276N_1549_3087_13,2019,11,2019_11,True,True,True,True,False,False,True,True,True,datasets\sen12_mt_urbanmapping\multimodal_cd_dataset\L15-0387E-1276N_1549_3087_13\s1\s1_L15-0387E-1276N_1549_3087_13_2019_11.tif,datasets\sen12_mt_urbanmapping\multimodal_cd_dataset\L15-0387E-1276N_1549_3087_13\s2\s2_L15-0387E-1276N_1549_3087_13_2019_11.tif,datasets\sen12_mt_urbanmapping\multimodal_cd_dataset\L15-0387E-1276N_1549_3087_13\buildings\buildings_L15-0387E-1276N_1549_3087_13_2019_11.tif
L15-0387E-1276N_1549_3087_13,2019,12,2019_12,True,False,True,True,False,True,True,True,True,datasets\sen12_mt_urbanmapping\multimodal_cd_dataset\L15-0387E-1276N_1549_3087_13\s1\s1_L15-0387E-1276N_1549_3087_13_2019_12.tif,datasets\sen12_mt_urbanmapping\multimodal_cd_dataset\L15-0387E-1276N_1549_3087_13\s2\s2_L15-0387E-1276N_1549_3087_13_2019_12.tif,datasets\sen12_mt_urbanmapping\multimodal_cd_dataset\L15-0387E-1276N_1549_3087_13\buildings\buildings_L15-0387E-1276N_1549_3087_13_2019_12.tif
L15-0434E-1218N_1736_3318_13,2018,1,2018_01,True,True,True,False,False,False,True,True,True,datasets\sen12_mt_urbanmapping\multimodal_cd_dataset\L15-0434E-1218N_1736_3318_13\s1\s1_L15-0434E-1218N_1736_3318_13_2018_01.tif,datasets\sen12_mt_urbanmapping\multimodal_cd_dataset\L15-0434E-1218N_1736_3318_13\s2\s2_L15-0434E-1218N_1736_3318_13_2018_01.tif,datasets\sen12_mt_urbanmapping\multimodal_cd_dataset\L15-0434E-1218N_1736_3318_13\buildings\buildings_L15-0434E-1218N_1736_3318_13_2018_01.tif
L15-0434E-1218N_1736_3318_13,2018,2,2018_02,False,True,False,False,True,False,False,True,False,,datasets\sen12_mt_urbanmapping\multimodal_cd_dataset\L15-0434E-1218N_1736_3318_13\s2\s2_L15-0434E-1218N_1736_3318_13_2018_02.tif,
L15-0434E-1218N_1736_3318_13,2018,3,2018_03,True,True,True,False,False,False,True,True,True,datasets\sen12_mt_urbanmapping\multimodal_cd_dataset\L15-0434E-1218N_1736_3318_13\s1\s1_L15-0434E-1218N_1736_3318_13_2018_03.tif,datasets\sen12_mt_urbanmapping\multimodal_cd_dataset\L15-0434E-1218N_1736_3318_13\s2\s2_L15-0434E-1218N_1736_3318_13_2018_03.tif,datasets\sen12_mt_urbanmapping\multimodal_cd_dataset\L15-0434E-1218N_1736_3318_13\buildings\buildings_L15-0434E-1218N_1736_3318_13_2018_03.tif
L15-0434E-1218N_1736_3318_13,2018,4,2018_04,True,True,True,False,False,False,True,True,True,datasets\sen12_mt_urbanmapping\multimodal_cd_dataset\L15-0434E-1218N_1736_3318_13\s1\s1_L15-0434E-1218N_1736_3318_13_2018_04.tif,datasets\sen12_mt_urbanmapping\multimodal_cd_dataset\L15-0434E-1218N_1736_3318_13\s2\s2_L15-0434E-1218N_1736_3318_13_2018_04.tif,datasets\sen12_mt_urbanmapping\multimodal_cd_dataset\L15-0434E-1218N_1736_3318_13\buildings\buildings_L15-0434E-1218N_1736_3318_13_2018_04.tif
L15-0434E-1218N_1736_3318_13,2018,5,2018_05,True,True,True,False,False,False,True,True,True,datasets\sen12_mt_urbanmapping\multimodal_cd_dataset\L15-0434E-1218N_1736_3318_13\s1\s1_L15-0434E-1218N_1736_3318_13_2018_05.tif,datasets\sen12_mt_urbanmapping\multimodal_cd_dataset\L15-0434E-1218N_1736_3318_13\s2\s2_L15-0434E-1218N_1736_3318_13_2018_05.tif,datasets\sen12_mt_urbanmapping\multimodal_cd_dataset\L15-0434E-1218N_1736_3318_13\buildings\buildings_L15-0434E-1218N_1736_3318_13_2018_05.tif
L15-0434E-1218N_1736_3318_13,2018,6,2018_06,True,True,True,False,False,False,True,True,True,datasets\sen12_mt_urbanmapping\multimodal_cd_dataset\L15-0434E-1218N_1736_3318_13\s1\s1_L15-0434E-1218N_1736_3318_13_2018_06.tif,datasets\sen12_mt_urbanmapping\multimodal_cd_dataset\L15-0434E-1218N_1736_3318_13\s2\s2_L15-0434E-1218N_1736_3318_13_2018_06.tif,datasets\sen12_mt_urbanmapping\multimodal_cd_dataset\L15-0434E-1218N_1736_3318_13\buildings\buildings_L15-0434E-1218N_1736_3318_13_2018_06.tif
L15-0434E-1218N_1736_3318_13,2018,7,2018_07,True,False,True,False,False,True,True,True,True,datasets\sen12_mt_urbanmapping\multimodal_cd_dataset\L15-0434E-1218N_1736_3318_13\s1\s1_L15-0434E-1218N_1736_3318_13_2018_07.tif,datasets\sen12_mt_urbanmapping\multimodal_cd_dataset\L15-0434E-1218N_1736_3318_13\s2\s2_L15-0434E-1218N_1736_3318_13_2018_07.tif,datasets\sen12_mt_urbanmapping\multimodal_cd_dataset\L15-0434E-1218N_1736_3318_13\buildings\buildings_L15-0434E-1218N_1736_3318_13_2018_07.tif
L15-0434E-1218N_1736_3318_13,2018,8,2018_08,True,True,True,False,False,False,True,True,True,datasets\sen12_mt_urbanmapping\multimodal_cd_dataset\L15-0434E-1218N_1736_3318_13\s1\s1_L15-0434E-1218N_1736_3318_13_2018_08.tif,datasets\sen12_mt_urbanmapping\multimodal_cd_dataset\L15-0434E-1218N_1736_3318_13\s2\s2_L15-0434E-1218N_1736_3318_13_2018_08.tif,datasets\sen12_mt_urbanmapping\multimodal_cd_dataset\L15-0434E-1218N_1736_3318_13\buildings\buildings_L15-0434E-1218N_1736_3318_13_2018_08.tif
L15-0434E-1218N_1736_3318_13,2018,9,2018_09,True,True,True,False,False,False,True,True,True,datasets\sen12_mt_urbanmapping\multimodal_cd_dataset\L15-0434E-1218N_1736_3318_13\s1\s1_L15-0434E-1218N_1736_3318_13_2018_09.tif,datasets\sen12_mt_urbanmapping\multimodal_cd_dataset\L15-0434E-1218N_1736_3318_13\s2\s2_L15-0434E-1218N_1736_3318_13_2018_09.tif,datasets\sen12_mt_urbanmapping\multimodal_cd_dataset\L15-0434E-1218N_1736_3318_13\buildings\buildings_L15-0434E-1218N_1736_3318_13_2018_09.tif
L15-0434E-1218N_1736_3318_13,2018,10,2018_10,True,True,True,False,False,False,True,True,True,datasets\sen12_mt_urbanmapping\multimodal_cd_dataset\L15-0434E-1218N_1736_3318_13\s1\s1_L15-0434E-1218N_1736_3318_13_2018_10.tif,datasets\sen12_mt_urbanmapping\multimodal_cd_dataset\L15-0434E-1218N_1736_3318_13\s2\s2_L15-0434E-1218N_1736_3318_13_2018_10.tif,datasets\sen12_mt_urbanmapping\multimodal_cd_dataset\L15-0434E-1218N_1736_3318_13\buildings\buildings_L15-0434E-1218N_1736_3318_13_2018_10.tif
L15-0434E-1218N_1736_3318_13,2018,11,2018_11,False,True,False,False,True,False,False,True,False,,datasets\sen12_mt_urbanmapping\multimodal_cd_dataset\L15-0434E-1218N_1736_3318_13\s2\s2_L15-0434E-1218N_1736_3318_13_2018_11.tif,
L15-0434E-1218N_1736_3318_13,2018,12,2018_12,False,True,False,False,True,False,False,True,False,,datasets\sen12_mt_urbanmapping\multimodal_cd_dataset\L15-0434E-1218N_1736_3318_13\s2\s2_L15-0434E-1218N_1736_3318_13_2018_12.tif,
L15-0434E-1218N_1736_3318_13,2019,1,2019_01,False,True,False,False,True,False,False,True,False,,datasets\sen12_mt_urbanmapping\multimodal_cd_dataset\L15-0434E-1218N_1736_3318_13\s2\s2_L15-0434E-1218N_1736_3318_13_2019_01.tif,
L15-0434E-1218N_1736_3318_13,2019,2,2019_02,False,True,False,False,True,False,False,True,False,,datasets\sen12_mt_urbanmapping\multimodal_cd_dataset\L15-0434E-1218N_1736_3318_13\s2\s2_L15-0434E-1218N_1736_3318_13_2019_02.tif,
L15-0434E-1218N_1736_3318_13,2019,3,2019_03,False,True,False,False,True,False,False,True,False,,datasets\sen12_mt_urbanmapping\multimodal_cd_dataset\L15-0434E-1218N_1736_3318_13\s2\s2_L15-0434E-1218N_1736_3318_13_2019_03.tif,
L15-0434E-1218N_1736_3318_13,2019,4,2019_04,False,True,False,False,True,False,False,True,False,,datasets\sen12_mt_urbanmapping\multimodal_cd_dataset\L15-0434E-1218N_1736_3318_13\s2\s2_L15-0434E-1218N_1736_3318_13_2019_04.tif,
L15-0434E-1218N_1736_3318_13,2019,5,2019_05,True,True,True,False,False,False,True,True,True,datasets\sen12_mt_urbanmapping\multimodal_cd_dataset\L15-0434E-1218N_1736_3318_13\s1\s1_L15-0434E-1218N_1736_3318_13_2019_05.tif,datasets\sen12_mt_urbanmapping\multimodal_cd_dataset\L15-0434E-1218N_1736_3318_13\s2\s2_L15-0434E-1218N_1736_3318_13_2019_05.tif,datasets\sen12_mt_urbanmapping\multimodal_cd_dataset\L15-0434E-1218N_1736_3318_13\buildings\buildings_L15-0434E-1218N_1736_3318_13_2019_05.tif
L15-0434E-1218N_1736_3318_13,2019,6,2019_06,True,True,True,False,False,False,True,True,True,datasets\sen12_mt_urbanmapping\multimodal_cd_dataset\L15-0434E-1218N_1736_3318_13\s1\s1_L15-0434E-1218N_1736_3318_13_2019_06.tif,datasets\sen12_mt_urbanmapping\multimodal_cd_dataset\L15-0434E-1218N_1736_3318_13\s2\s2_L15-0434E-1218N_1736_3318_13_2019_06.tif,datasets\sen12_mt_urbanmapping\multimodal_cd_dataset\L15-0434E-1218N_1736_3318_13\buildings\buildings_L15-0434E-1218N_1736_3318_13_2019_06.tif
L15-0434E-1218N_1736_3318_13,2019,7,2019_07,True,True,True,False,False,False,True,True,True,datasets\sen12_mt_urbanmapping\multimodal_cd_dataset\L15-0434E-1218N_1736_3318_13\s1\s1_L15-0434E-1218N_1736_3318_13_2019_07.tif,datasets\sen12_mt_urbanmapping\multimodal_cd_dataset\L15-0434E-1218N_1736_3318_13\s2\s2_L15-0434E-1218N_1736_3318_13_2019_07.tif,datasets\sen12_mt_urbanmapping\multimodal_cd_dataset\L15-0434E-1218N_1736_3318_13\buildings\buildings_L15-0434E-1218N_1736_3318_13_2019_07.tif
L15-0434E-1218N_1736_3318_13,2019,8,2019_08,True,True,True,False,False,False,True,True,True,datasets\sen12_mt_urbanmapping\multimodal_cd_dataset\L15-0434E-1218N_1736_3318_13\s1\s1_L15-0434E-1218N_1736_3318_13_2019_08.tif,datasets\sen12_mt_urbanmapping\multimodal_cd_dataset\L15-0434E-1218N_1736_3318_13\s2\s2_L15-0434E-1218N_1736_3318_13_2019_08.tif,datasets\sen12_mt_urbanmapping\multimodal_cd_dataset\L15-0434E-1218N_1736_3318_13\buildings\buildings_L15-0434E-1218N_1736_3318_13_2019_08.tif
L15-0434E-1218N_1736_3318_13,2019,9,2019_09,True,False,True,False,False,True,True,True,True,datasets\sen12_mt_urbanmapping\multimodal_cd_dataset\L15-0434E-1218N_1736_3318_13\s1\s1_L15-0434E-1218N_1736_3318_13_2019_09.tif,datasets\sen12_mt_urbanmapping\multimodal_cd_dataset\L15-0434E-1218N_1736_3318_13\s2\s2_L15-0434E-1218N_1736_3318_13_2019_09.tif,datasets\sen12_mt_urbanmapping\multimodal_cd_dataset\L15-0434E-1218N_1736_3318_13\buildings\buildings_L15-0434E-1218N_1736_3318_13_2019_09.tif
L15-0434E-1218N_1736_3318_13,2019,10,2019_10,True,True,True,False,False,False,True,True,True,datasets\sen12_mt_urbanmapping\multimodal_cd_dataset\L15-0434E-1218N_1736_3318_13\s1\s1_L15-0434E-1218N_1736_3318_13_2019_10.tif,datasets\sen12_mt_urbanmapping\multimodal_cd_dataset\L15-0434E-1218N_1736_3318_13\s2\s2_L15-0434E-1218N_1736_3318_13_2019_10.tif,datasets\sen12_mt_urbanmapping\multimodal_cd_dataset\L15-0434E-1218N_1736_3318_13\buildings\buildings_L15-0434E-1218N_1736_3318_13_2019_10.tif
L15-0434E-1218N_1736_3318_13,2019,11,2019_11,True,True,True,False,False,False,True,True,True,datasets\sen12_mt_urbanmapping\multimodal_cd_dataset\L15-0434E-1218N_1736_3318_13\s1\s1_L15-0434E-1218N_1736_3318_13_2019_11.tif,datasets\sen12_mt_urbanmapping\multimodal_cd_dataset\L15-0434E-1218N_1736_3318_13\s2\s2_L15-0434E-1218N_1736_3318_13_2019_11.tif,datasets\sen12_mt_urbanmapping\multimodal_cd_dataset\L15-0434E-1218N_1736_3318_13\buildings\buildings_L15-0434E-1218N_1736_3318_13_2019_11.tif
L15-0434E-1218N_1736_3318_13,2019,12,2019_12,True,True,True,False,False,False,True,True,True,datasets\sen12_mt_urbanmapping\multimodal_cd_dataset\L15-0434E-1218N_1736_3318_13\s1\s1_L15-0434E-1218N_1736_3318_13_2019_12.tif,datasets\sen12_mt_urbanmapping\multimodal_cd_dataset\L15-0434E-1218N_1736_3318_13\s2\s2_L15-0434E-1218N_1736_3318_13_2019_12.tif,datasets\sen12_mt_urbanmapping\multimodal_cd_dataset\L15-0434E-1218N_1736_3318_13\buildings\buildings_L15-0434E-1218N_1736_3318_13_2019_12.tif
L15-0434E-1218N_1736_3318_13,2020,1,2020_01,True,True,True,False,False,False,True,True,True,datasets\sen12_mt_urbanmapping\multimodal_cd_dataset\L15-0434E-1218N_1736_3318_13\s1\s1_L15-0434E-1218N_1736_3318_13_2020_01.tif,datasets\sen12_mt_urbanmapping\multimodal_cd_dataset\L15-0434E-1218N_1736_3318_13\s2\s2_L15-0434E-1218N_1736_3318_13_2020_01.tif,datasets\sen12_mt_urbanmapping\multimodal_cd_dataset\L15-0434E-1218N_1736_3318_13\buildings\buildings_L15-0434E-1218N_1736_3318_13_2020_01.tif
L15-0457E-1135N_1831_3648_13,2018,1,2018_01,True,True,True,False,False,False,True,True,True,datasets\sen12_mt_urbanmapping\multimodal_cd_dataset\L15-0457E-1135N_1831_3648_13\s1\s1_L15-0457E-1135N_1831_3648_13_2018_01.tif,datasets\sen12_mt_urbanmapping\multimodal_cd_dataset\L15-0457E-1135N_1831_3648_13\s2\s2_L15-0457E-1135N_1831_3648_13_2018_01.tif,datasets\sen12_mt_urbanmapping\multimodal_cd_dataset\L15-0457E-1135N_1831_3648_13\buildings\buildings_L15-0457E-1135N_1831_3648_13_2018_01.tif
L15-0457E-1135N_1831_3648_13,2018,2,2018_02,True,True,True,False,False,False,True,True,True,datasets\sen12_mt_urbanmapping\multimodal_cd_dataset\L15-0457E-1135N_1831_3648_13\s1\s1_L15-0457E-1135N_1831_3648_13_2018_02.tif,datasets\sen12_mt_urbanmapping\multimodal_cd_dataset\L15-0457E-1135N_1831_3648_13\s2\s2_L15-0457E-1135N_1831_3648_13_2018_02.tif,datasets\sen12_mt_urbanmapping\multimodal_cd_dataset\L15-0457E-1135N_1831_3648_13\buildings\buildings_L15-0457E-1135N_1831_3648_13_2018_02.tif
L15-0457E-1135N_1831_3648_13,2018,3,2018_03,True,True,True,False,False,False,True,True,True,datasets\sen12_mt_urbanmapping\multimodal_cd_dataset\L15-0457E-1135N_1831_3648_13\s1\s1_L15-0457E-1135N_1831_3648_13_2018_03.tif,datasets\sen12_mt_urbanmapping\multimodal_cd_dataset\L15-0457E-1135N_1831_3648_13\s2\s2_L15-0457E-1135N_1831_3648_13_2018_03.tif,datasets\sen12_mt_urbanmapping\multimodal_cd_dataset\L15-0457E-1135N_1831_3648_13\buildings\buildings_L15-0457E-1135N_1831_3648_13_2018_03.tif
L15-0457E-1135N_1831_3648_13,2018,4,2018_04,True,True,True,False,False,False,True,True,True,datasets\sen12_mt_urbanmapping\multimodal_cd_dataset\L15-0457E-1135N_1831_3648_13\s1\s1_L15-0457E-1135N_1831_3648_13_2018_04.tif,datasets\sen12_mt_urbanmapping\multimodal_cd_dataset\L15-0457E-1135N_1831_3648_13\s2\s2_L15-0457E-1135N_1831_3648_13_2018_04.tif,datasets\sen12_mt_urbanmapping\multimodal_cd_dataset\L15-0457E-1135N_1831_3648_13\buildings\buildings_L15-0457E-1135N_1831_3648_13_2018_04.tif
L15-0457E-1135N_1831_3648_13,2018,5,2018_05,True,True,True,False,False,False,True,True,True,datasets\sen12_mt_urbanmapping\multimodal_cd_dataset\L15-0457E-1135N_1831_3648_13\s1\s1_L15-0457E-1135N_1831_3648_13_2018_05.tif,datasets\sen12_mt_urbanmapping\multimodal_cd_dataset\L15-0457E-1135N_1831_3648_13\s2\s2_L15-0457E-1135N_1831_3648_13_2018_05.tif,datasets\sen12_mt_urbanmapping\multimodal_cd_dataset\L15-0457E-1135N_1831_3648_13\buildings\buildings_L15-0457E-1135N_1831_3648_13_2018_05.tif
L15-0457E-1135N_1831_3648_13,2018,6,2018_06,True,True,True,False,False,False,True,True,True,datasets\sen12_mt_urbanmapping\multimodal_cd_dataset\L15-0457E-1135N_1831_3648_13\s1\s1_L15-0457E-1135N_1831_3648_13_2018_06.tif,datasets\sen12_mt_urbanmapping\multimodal_cd_dataset\L15-0457E-1135N_1831_3648_13\s2\s2_L15-0457E-1135N_1831_3648_13_2018_06.tif,datasets\sen12_mt_urbanmapping\multimodal_cd_dataset\L15-0457E-1135N_1831_3648_13\buildings\buildings_L15-0457E-1135N_1831_3648_13_2018_06.tif
L15-0457E-1135N_1831_3648_13,2018,7,2018_07,True,True,True,False,False,False,True,True,True,datasets\sen12_mt_urbanmapping\multimodal_cd_dataset\L15-0457E-1135N_1831_3648_13\s1\s1_L15-0457E-1135N_1831_3648_13_2018_07.tif,datasets\sen12_mt_urbanmapping\multimodal_cd_dataset\L15-0457E-1135N_1831_3648_13\s2\s2_L15-0457E-1135N_1831_3648_13_2018_07.tif,datasets\sen12_mt_urbanmapping\multimodal_cd_dataset\L15-0457E-1135N_1831_3648_13\buildings\buildings_L15-0457E-1135N_1831_3648_13_2018_07.tif
L15-0457E-1135N_1831_3648_13,2018,8,2018_08,True,True,True,False,False,False,True,True,True,datasets\sen12_mt_urbanmapping\multimodal_cd_dataset\L15-0457E-1135N_1831_3648_13\s1\s1_L15-0457E-1135N_1831_3648_13_2018_08.tif,datasets\sen12_mt_urbanmapping\multimodal_cd_dataset\L15-0457E-1135N_1831_3648_13\s2\s2_L15-0457E-1135N_1831_3648_13_2018_08.tif,datasets\sen12_mt_urbanmapping\multimodal_cd_dataset\L15-0457E-1135N_1831_3648_13\buildings\buildings_L15-0457E-1135N_1831_3648_13_2018_08.tif
L15-0457E-1135N_1831_3648_13,2018,9,2018_09,True,True,True,True,False,False,True,True,True,datasets\sen12_mt_urbanmapping\multimodal_cd_dataset\L15-0457E-1135N_1831_3648_13\s1\s1_L15-0457E-1135N_1831_3648_13_2018_09.tif,datasets\sen12_mt_urbanmapping\multimodal_cd_dataset\L15-0457E-1135N_1831_3648_13\s2\s2_L15-0457E-1135N_1831_3648_13_2018_09.tif,datasets\sen12_mt_urbanmapping\multimodal_cd_dataset\L15-0457E-1135N_1831_3648_13\buildings\buildings_L15-0457E-1135N_1831_3648_13_2018_09.tif
L15-0457E-1135N_1831_3648_13,2018,10,2018_10,True,True,True,True,False,False,True,True,True,datasets\sen12_mt_urbanmapping\multimodal_cd_dataset\L15-0457E-1135N_1831_3648_13\s1\s1_L15-0457E-1135N_1831_3648_13_2018_10.tif,datasets\sen12_mt_urbanmapping\multimodal_cd_dataset\L15-0457E-1135N_1831_3648_13\s2\s2_L15-0457E-1135N_1831_3648_13_2018_10.tif,datasets\sen12_mt_urbanmapping\multimodal_cd_dataset\L15-0457E-1135N_1831_3648_13\buildings\buildings_L15-0457E-1135N_1831_3648_13_2018_10.tif
L15-0457E-1135N_1831_3648_13,2018,11,2018_11,True,True,True,False,False,False,True,True,True,datasets\sen12_mt_urbanmapping\multimodal_cd_dataset\L15-0457E-1135N_1831_3648_13\s1\s1_L15-0457E-1135N_1831_3648_13_2018_11.tif,datasets\sen12_mt_urbanmapping\multimodal_cd_dataset\L15-0457E-1135N_1831_3648_13\s2\s2_L15-0457E-1135N_1831_3648_13_2018_11.tif,datasets\sen12_mt_urbanmapping\multimodal_cd_dataset\L15-0457E-1135N_1831_3648_13\buildings\buildings_L15-0457E-1135N_1831_3648_13_2018_11.tif
L15-0457E-1135N_1831_3648_13,2018,12,2018_12,True,True,True,False,False,False,True,True,True,datasets\sen12_mt_urbanmapping\multimodal_cd_dataset\L15-0457E-1135N_1831_3648_13\s1\s1_L15-0457E-1135N_1831_3648_13_2018_12.tif,datasets\sen12_mt_urbanmapping\multimodal_cd_dataset\L15-0457E-1135N_1831_3648_13\s2\s2_L15-0457E-1135N_1831_3648_13_2018_12.tif,datasets\sen12_mt_urbanmapping\multimodal_cd_dataset\L15-0457E-1135N_1831_3648_13\buildings\buildings_L15-0457E-1135N_1831_3648_13_2018_12.tif
L15-0457E-1135N_1831_3648_13,2019,1,2019_01,True,True,True,False,False,False,True,True,True,datasets\sen12_mt_urbanmapping\multimodal_cd_dataset\L15-0457E-1135N_1831_3648_13\s1\s1_L15-0457E-1135N_1831_3648_13_2019_01.tif,datasets\sen12_mt_urbanmapping\multimodal_cd_dataset\L15-0457E-1135N_1831_3648_13\s2\s2_L15-0457E-1135N_1831_3648_13_2019_01.tif,datasets\sen12_mt_urbanmapping\multimodal_cd_dataset\L15-0457E-1135N_1831_3648_13\buildings\buildings_L15-0457E-1135N_1831_3648_13_2019_01.tif
L15-0457E-1135N_1831_3648_13,2019,2,2019_02,True,True,True,False,False,False,True,True,True,datasets\sen12_mt_urbanmapping\multimodal_cd_dataset\L15-0457E-1135N_1831_3648_13\s1\s1_L15-0457E-1135N_1831_3648_13_2019_02.tif,datasets\sen12_mt_urbanmapping\multimodal_cd_dataset\L15-0457E-1135N_1831_3648_13\s2\s2_L15-0457E-1135N_1831_3648_13_2019_02.tif,datasets\sen12_mt_urbanmapping\multimodal_cd_dataset\L15-0457E-1135N_1831_3648_13\buildings\buildings_L15-0457E-1135N_1831_3648_13_2019_02.tif
L15-0457E-1135N_1831_3648_13,2019,3,2019_03,True,True,True,False,False,False,True,True,True,datasets\sen12_mt_urbanmapping\multimodal_cd_dataset\L15-0457E-1135N_1831_3648_13\s1\s1_L15-0457E-1135N_1831_3648_13_2019_03.tif,datasets\sen12_mt_urbanmapping\multimodal_cd_dataset\L15-0457E-1135N_1831_3648_13\s2\s2_L15-0457E-1135N_1831_3648_13_2019_03.tif,datasets\sen12_mt_urbanmapping\multimodal_cd_dataset\L15-0457E-1135N_1831_3648_13\buildings\buildings_L15-0457E-1135N_1831_3648_13_2019_03.tif
L15-0457E-1135N_1831_3648_13,2019,4,2019_04,True,True,True,False,False,False,True,True,True,datasets\sen12_mt_urbanmapping\multimodal_cd_dataset\L15-0457E-1135N_1831_3648_13\s1\s1_L15-0457E-1135N_1831_3648_13_2019_04.tif,datasets\sen12_mt_urbanmapping\multimodal_cd_dataset\L15-0457E-1135N_1831_3648_13\s2\s2_L15-0457E-1135N_1831_3648_13_2019_04.tif,datasets\sen12_mt_urbanmapping\multimodal_cd_dataset\L15-0457E-1135N_1831_3648_13\buildings\buildings_L15-0457E-1135N_1831_3648_13_2019_04.tif
L15-0457E-1135N_1831_3648_13,2019,5,2019_05,True,True,True,False,False,False,True,True,True,datasets\sen12_mt_urbanmapping\multimodal_cd_dataset\L15-0457E-1135N_1831_3648_13\s1\s1_L15-0457E-1135N_1831_3648_13_2019_05.tif,datasets\sen12_mt_urbanmapping\multimodal_cd_dataset\L15-0457E-1135N_1831_3648_13\s2\s2_L15-0457E-1135N_1831_3648_13_2019_05.tif,datasets\sen12_mt_urbanmapping\multimodal_cd_dataset\L15-0457E-1135N_1831_3648_13\buildings\buildings_L15-0457E-1135N_1831_3648_13_2019_05.tif
L15-0457E-1135N_1831_3648_13,2019,6,2019_06,True,False,True,False,False,True,True,True,True,datasets\sen12_mt_urbanmapping\multimodal_cd_dataset\L15-0457E-1135N_1831_3648_13\s1\s1_L15-0457E-1135N_1831_3648_13_2019_06.tif,datasets\sen12_mt_urbanmapping\multimodal_cd_dataset\L15-0457E-1135N_1831_3648_13\s2\s2_L15-0457E-1135N_1831_3648_13_2019_06.tif,datasets\sen12_mt_urbanmapping\multimodal_cd_dataset\L15-0457E-1135N_1831_3648_13\buildings\buildings_L15-0457E-1135N_1831_3648_13_2019_06.tif
L15-0457E-1135N_1831_3648_13,2019,7,2019_07,True,True,True,True,False,False,True,True,True,datasets\sen12_mt_urbanmapping\multimodal_cd_dataset\L15-0457E-1135N_1831_3648_13\s1\s1_L15-0457E-1135N_1831_3648_13_2019_07.tif,datasets\sen12_mt_urbanmapping\multimodal_cd_dataset\L15-0457E-1135N_1831_3648_13\s2\s2_L15-0457E-1135N_1831_3648_13_2019_07.tif,datasets\sen12_mt_urbanmapping\multimodal_cd_dataset\L15-0457E-1135N_1831_3648_13\buildings\buildings_L15-0457E-1135N_1831_3648_13_2019_07.tif
L15-0457E-1135N_1831_3648_13,2019,8,2019_08,True,True,True,True,False,False,True,True,True,datasets\sen12_mt_urbanmapping\multimodal_cd_dataset\L15-0457E-1135N_1831_3648_13\s1\s1_L15-0457E-1135N_1831_3648_13_2019_08.tif,datasets\sen12_mt_urbanmapping\multimodal_cd_dataset\L15-0457E-1135N_1831_3648_13\s2\s2_L15-0457E-1135N_1831_3648_13_2019_08.tif,datasets\sen12_mt_urbanmapping\multimodal_cd_dataset\L15-0457E-1135N_1831_3648_13\buildings\buildings_L15-0457E-1135N_1831_3648_13_2019_08.tif
L15-0457E-1135N_1831_3648_13,2019,9,2019_09,True,False,True,True,False,True,True,True,True,datasets\sen12_mt_urbanmapping\multimodal_cd_dataset\L15-0457E-1135N_1831_3648_13\s1\s1_L15-0457E-1135N_1831_3648_13_2019_09.tif,datasets\sen12_mt_urbanmapping\multimodal_cd_dataset\L15-0457E-1135N_1831_3648_13\s2\s2_L15-0457E-1135N_1831_3648_13_2019_09.tif,datasets\sen12_mt_urbanmapping\multimodal_cd_dataset\L15-0457E-1135N_1831_3648_13\buildings\buildings_L15-0457E-1135N_1831_3648_13_2019_09.tif
L15-0457E-1135N_1831_3648_13,2019,10,2019_10,True,False,True,False,False,True,True,True,True,datasets\sen12_mt_urbanmapping\multimodal_cd_dataset\L15-0457E-1135N_1831_3648_13\s1\s1_L15-0457E-1135N_1831_3648_13_2019_10.tif,datasets\sen12_mt_urbanmapping\multimodal_cd_dataset\L15-0457E-1135N_1831_3648_13\s2\s2_L15-0457E-1135N_1831_3648_13_2019_10.tif,datasets\sen12_mt_urbanmapping\multimodal_cd_dataset\L15-0457E-1135N_1831_3648_13\buildings\buildings_L15-0457E-1135N_1831_3648_13_2019_10.tif
L15-0457E-1135N_1831_3648_13,2019,11,2019_11,True,True,True,True,False,False,True,True,True,datasets\sen12_mt_urbanmapping\multimodal_cd_dataset\L15-0457E-1135N_1831_3648_13\s1\s1_L15-0457E-1135N_1831_3648_13_2019_11.tif,datasets\sen12_mt_urbanmapping\multimodal_cd_dataset\L15-0457E-1135N_1831_3648_13\s2\s2_L15-0457E-1135N_1831_3648_13_2019_11.tif,datasets\sen12_mt_urbanmapping\multimodal_cd_dataset\L15-0457E-1135N_1831_3648_13\buildings\buildings_L15-0457E-1135N_1831_3648_13_2019_11.tif
L15-0457E-1135N_1831_3648_13,2019,12,2019_12,True,True,True,False,False,False,True,True,True,datasets\sen12_mt_urbanmapping\multimodal_cd_dataset\L15-0457E-1135N_1831_3648_13\s1\s1_L15-0457E-1135N_1831_3648_13_2019_12.tif,datasets\sen12_mt_urbanmapping\multimodal_cd_dataset\L15-0457E-1135N_1831_3648_13\s2\s2_L15-0457E-1135N_1831_3648_13_2019_12.tif,datasets\sen12_mt_urbanmapping\multimodal_cd_dataset\L15-0457E-1135N_1831_3648_13\buildings\buildings_L15-0457E-1135N_1831_3648_13_2019_12.tif
L15-0487E-1246N_1950_3207_13,2018,1,2018_01,True,True,True,False,False,False,True,True,True,datasets\sen12_mt_urbanmapping\multimodal_cd_dataset\L15-0487E-1246N_1950_3207_13\s1\s1_L15-0487E-1246N_1950_3207_13_2018_01.tif,datasets\sen12_mt_urbanmapping\multimodal_cd_dataset\L15-0487E-1246N_1950_3207_13\s2\s2_L15-0487E-1246N_1950_3207_13_2018_01.tif,datasets\sen12_mt_urbanmapping\multimodal_cd_dataset\L15-0487E-1246N_1950_3207_13\buildings\buildings_L15-0487E-1246N_1950_3207_13_2018_01.tif
L15-0487E-1246N_1950_3207_13,2018,2,2018_02,True,True,True,False,False,False,True,True,True,datasets\sen12_mt_urbanmapping\multimodal_cd_dataset\L15-0487E-1246N_1950_3207_13\s1\s1_L15-0487E-1246N_1950_3207_13_2018_02.tif,datasets\sen12_mt_urbanmapping\multimodal_cd_dataset\L15-0487E-1246N_1950_3207_13\s2\s2_L15-0487E-1246N_1950_3207_13_2018_02.tif,datasets\sen12_mt_urbanmapping\multimodal_cd_dataset\L15-0487E-1246N_1950_3207_13\buildings\buildings_L15-0487E-1246N_1950_3207_13_2018_02.tif
L15-0487E-1246N_1950_3207_13,2018,3,2018_03,True,True,True,False,False,False,True,True,True,datasets\sen12_mt_urbanmapping\multimodal_cd_dataset\L15-0487E-1246N_1950_3207_13\s1\s1_L15-0487E-1246N_1950_3207_13_2018_03.tif,datasets\sen12_mt_urbanmapping\multimodal_cd_dataset\L15-0487E-1246N_1950_3207_13\s2\s2_L15-0487E-1246N_1950_3207_13_2018_03.tif,datasets\sen12_mt_urbanmapping\multimodal_cd_dataset\L15-0487E-1246N_1950_3207_13\buildings\buildings_L15-0487E-1246N_1950_3207_13_2018_03.tif
L15-0487E-1246N_1950_3207_13,2018,4,2018_04,True,True,True,False,False,False,True,True,True,datasets\sen12_mt_urbanmapping\multimodal_cd_dataset\L15-0487E-1246N_1950_3207_13\s1\s1_L15-0487E-1246N_1950_3207_13_2018_04.tif,datasets\sen12_mt_urbanmapping\multimodal_cd_dataset\L15-0487E-1246N_1950_3207_13\s2\s2_L15-0487E-1246N_1950_3207_13_2018_04.tif,datasets\sen12_mt_urbanmapping\multimodal_cd_dataset\L15-0487E-1246N_1950_3207_13\buildings\buildings_L15-0487E-1246N_1950_3207_13_2018_04.tif
L15-0487E-1246N_1950_3207_13,2018,5,2018_05,True,True,True,True,False,False,True,True,True,datasets\sen12_mt_urbanmapping\multimodal_cd_dataset\L15-0487E-1246N_1950_3207_13\s1\s1_L15-0487E-1246N_1950_3207_13_2018_05.tif,datasets\sen12_mt_urbanmapping\multimodal_cd_dataset\L15-0487E-1246N_1950_3207_13\s2\s2_L15-0487E-1246N_1950_3207_13_2018_05.tif,datasets\sen12_mt_urbanmapping\multimodal_cd_dataset\L15-0487E-1246N_1950_3207_13\buildings\buildings_L15-0487E-1246N_1950_3207_13_2018_05.tif
L15-0487E-1246N_1950_3207_13,2018,6,2018_06,True,True,True,False,False,False,True,True,True,datasets\sen12_mt_urbanmapping\multimodal_cd_dataset\L15-0487E-1246N_1950_3207_13\s1\s1_L15-0487E-1246N_1950_3207_13_2018_06.tif,datasets\sen12_mt_urbanmapping\multimodal_cd_dataset\L15-0487E-1246N_1950_3207_13\s2\s2_L15-0487E-1246N_1950_3207_13_2018_06.tif,datasets\sen12_mt_urbanmapping\multimodal_cd_dataset\L15-0487E-1246N_1950_3207_13\buildings\buildings_L15-0487E-1246N_1950_3207_13_2018_06.tif
L15-0487E-1246N_1950_3207_13,2018,7,2018_07,True,True,True,False,False,False,True,True,True,datasets\sen12_mt_urbanmapping\multimodal_cd_dataset\L15-0487E-1246N_1950_3207_13\s1\s1_L15-0487E-1246N_1950_3207_13_2018_07.tif,datasets\sen12_mt_urbanmapping\multimodal_cd_dataset\L15-0487E-1246N_1950_3207_13\s2\s2_L15-0487E-1246N_1950_3207_13_2018_07.tif,datasets\sen12_mt_urbanmapping\multimodal_cd_dataset\L15-0487E-1246N_1950_3207_13\buildings\buildings_L15-0487E-1246N_1950_3207_13_2018_07.tif
L15-0487E-1246N_1950_3207_13,2018,8,2018_08,True,True,True,False,False,False,True,True,True,datasets\sen12_mt_urbanmapping\multimodal_cd_dataset\L15-0487E-1246N_1950_3207_13\s1\s1_L15-0487E-1246N_1950_3207_13_2018_08.tif,datasets\sen12_mt_urbanmapping\multimodal_cd_dataset\L15-0487E-1246N_1950_3207_13\s2\s2_L15-0487E-1246N_1950_3207_13_2018_08.tif,datasets\sen12_mt_urbanmapping\multimodal_cd_dataset\L15-0487E-1246N_1950_3207_13\buildings\buildings_L15-0487E-1246N_1950_3207_13_2018_08.tif
L15-0487E-1246N_1950_3207_13,2018,9,2018_09,True,False,True,True,False,True,True,True,True,datasets\sen12_mt_urbanmapping\multimodal_cd_dataset\L15-0487E-1246N_1950_3207_13\s1\s1_L15-0487E-1246N_1950_3207_13_2018_09.tif,datasets\sen12_mt_urbanmapping\multimodal_cd_dataset\L15-0487E-1246N_1950_3207_13\s2\s2_L15-0487E-1246N_1950_3207_13_2018_09.tif,datasets\sen12_mt_urbanmapping\multimodal_cd_dataset\L15-0487E-1246N_1950_3207_13\buildings\buildings_L15-0487E-1246N_1950_3207_13_2018_09.tif
L15-0487E-1246N_1950_3207_13,2018,10,2018_10,True,False,True,False,False,True,True,True,True,datasets\sen12_mt_urbanmapping\multimodal_cd_dataset\L15-0487E-1246N_1950_3207_13\s1\s1_L15-0487E-1246N_1950_3207_13_2018_10.tif,datasets\sen12_mt_urbanmapping\multimodal_cd_dataset\L15-0487E-1246N_1950_3207_13\s2\s2_L15-0487E-1246N_1950_3207_13_2018_10.tif,datasets\sen12_mt_urbanmapping\multimodal_cd_dataset\L15-0487E-1246N_1950_3207_13\buildings\buildings_L15-0487E-1246N_1950_3207_13_2018_10.tif
L15-0487E-1246N_1950_3207_13,2018,11,2018_11,True,True,True,False,False,False,True,True,True,datasets\sen12_mt_urbanmapping\multimodal_cd_dataset\L15-0487E-1246N_1950_3207_13\s1\s1_L15-0487E-1246N_1950_3207_13_2018_11.tif,datasets\sen12_mt_urbanmapping\multimodal_cd_dataset\L15-0487E-1246N_1950_3207_13\s2\s2_L15-0487E-1246N_1950_3207_13_2018_11.tif,datasets\sen12_mt_urbanmapping\multimodal_cd_dataset\L15-0487E-1246N_1950_3207_13\buildings\buildings_L15-0487E-1246N_1950_3207_13_2018_11.tif
L15-0487E-1246N_1950_3207_13,2018,12,2018_12,True,True,True,False,False,False,True,True,True,datasets\sen12_mt_urbanmapping\multimodal_cd_dataset\L15-0487E-1246N_1950_3207_13\s1\s1_L15-0487E-1246N_1950_3207_13_2018_12.tif,datasets\sen12_mt_urbanmapping\multimodal_cd_dataset\L15-0487E-1246N_1950_3207_13\s2\s2_L15-0487E-1246N_1950_3207_13_2018_12.tif,datasets\sen12_mt_urbanmapping\multimodal_cd_dataset\L15-0487E-1246N_1950_3207_13\buildings\buildings_L15-0487E-1246N_1950_3207_13_2018_12.tif
L15-0487E-1246N_1950_3207_13,2019,1,2019_01,True,True,True,True,False,False,True,True,True,datasets\sen12_mt_urbanmapping\multimodal_cd_dataset\L15-0487E-1246N_1950_3207_13\s1\s1_L15-0487E-1246N_1950_3207_13_2019_01.tif,datasets\sen12_mt_urbanmapping\multimodal_cd_dataset\L15-0487E-1246N_1950_3207_13\s2\s2_L15-0487E-1246N_1950_3207_13_2019_01.tif,datasets\sen12_mt_urbanmapping\multimodal_cd_dataset\L15-0487E-1246N_1950_3207_13\buildings\buildings_L15-0487E-1246N_1950_3207_13_2019_01.tif
L15-0487E-1246N_1950_3207_13,2019,2,2019_02,True,False,True,True,False,True,True,True,True,datasets\sen12_mt_urbanmapping\multimodal_cd_dataset\L15-0487E-1246N_1950_3207_13\s1\s1_L15-0487E-1246N_1950_3207_13_2019_02.tif,datasets\sen12_mt_urbanmapping\multimodal_cd_dataset\L15-0487E-1246N_1950_3207_13\s2\s2_L15-0487E-1246N_1950_3207_13_2019_02.tif,datasets\sen12_mt_urbanmapping\multimodal_cd_dataset\L15-0487E-1246N_1950_3207_13\buildings\buildings_L15-0487E-1246N_1950_3207_13_2019_02.tif
L15-0487E-1246N_1950_3207_13,2019,3,2019_03,False,True,False,False,True,False,False,True,False,,datasets\sen12_mt_urbanmapping\multimodal_cd_dataset\L15-0487E-1246N_1950_3207_13\s2\s2_L15-0487E-1246N_1950_3207_13_2019_03.tif,
L15-0487E-1246N_1950_3207_13,2019,4,2019_04,True,True,True,False,False,False,True,True,True,datasets\sen12_mt_urbanmapping\multimodal_cd_dataset\L15-0487E-1246N_1950_3207_13\s1\s1_L15-0487E-1246N_1950_3207_13_2019_04.tif,datasets\sen12_mt_urbanmapping\multimodal_cd_dataset\L15-0487E-1246N_1950_3207_13\s2\s2_L15-0487E-1246N_1950_3207_13_2019_04.tif,datasets\sen12_mt_urbanmapping\multimodal_cd_dataset\L15-0487E-1246N_1950_3207_13\buildings\buildings_L15-0487E-1246N_1950_3207_13_2019_04.tif
L15-0487E-1246N_1950_3207_13,2019,5,2019_05,True,True,True,False,False,False,True,True,True,datasets\sen12_mt_urbanmapping\multimodal_cd_dataset\L15-0487E-1246N_1950_3207_13\s1\s1_L15-0487E-1246N_1950_3207_13_2019_05.tif,datasets\sen12_mt_urbanmapping\multimodal_cd_dataset\L15-0487E-1246N_1950_3207_13\s2\s2_L15-0487E-1246N_1950_3207_13_2019_05.tif,datasets\sen12_mt_urbanmapping\multimodal_cd_dataset\L15-0487E-1246N_1950_3207_13\buildings\buildings_L15-0487E-1246N_1950_3207_13_2019_05.tif
L15-0487E-1246N_1950_3207_13,2019,6,2019_06,True,True,True,False,False,False,True,True,True,datasets\sen12_mt_urbanmapping\multimodal_cd_dataset\L15-0487E-1246N_1950_3207_13\s1\s1_L15-0487E-1246N_1950_3207_13_2019_06.tif,datasets\sen12_mt_urbanmapping\multimodal_cd_dataset\L15-0487E-1246N_1950_3207_13\s2\s2_L15-0487E-1246N_1950_3207_13_2019_06.tif,datasets\sen12_mt_urbanmapping\multimodal_cd_dataset\L15-0487E-1246N_1950_3207_13\buildings\buildings_L15-0487E-1246N_1950_3207_13_2019_06.tif
L15-0487E-1246N_1950_3207_13,2019,7,2019_07,True,True,True,True,False,False,True,True,True,datasets\sen12_mt_urbanmapping\multimodal_cd_dataset\L15-0487E-1246N_1950_3207_13\s1\s1_L15-0487E-1246N_1950_3207_13_2019_07.tif,datasets\sen12_mt_urbanmapping\multimodal_cd_dataset\L15-0487E-1246N_1950_3207_13\s2\s2_L15-0487E-1246N_1950_3207_13_2019_07.tif,datasets\sen12_mt_urbanmapping\multimodal_cd_dataset\L15-0487E-1246N_1950_3207_13\buildings\buildings_L15-0487E-1246N_1950_3207_13_2019_07.tif
L15-0487E-1246N_1950_3207_13,2019,8,2019_08,True,True,True,False,False,False,True,True,True,datasets\sen12_mt_urbanmapping\multimodal_cd_dataset\L15-0487E-1246N_1950_3207_13\s1\s1_L15-0487E-1246N_1950_3207_13_2019_08.tif,datasets\sen12_mt_urbanmapping\multimodal_cd_dataset\L15-0487E-1246N_1950_3207_13\s2\s2_L15-0487E-1246N_1950_3207_13_2019_08.tif,datasets\sen12_mt_urbanmapping\multimodal_cd_dataset\L15-0487E-1246N_1950_3207_13\buildings\buildings_L15-0487E-1246N_1950_3207_13_2019_08.tif
L15-0487E-1246N_1950_3207_13,2019,9,2019_09,True,True,True,False,False,False,True,True,True,datasets\sen12_mt_urbanmapping\multimodal_cd_dataset\L15-0487E-1246N_1950_3207_13\s1\s1_L15-0487E-1246N_1950_3207_13_2019_09.tif,datasets\sen12_mt_urbanmapping\multimodal_cd_dataset\L15-0487E-1246N_1950_3207_13\s2\s2_L15-0487E-1246N_1950_3207_13_2019_09.tif,datasets\sen12_mt_urbanmapping\multimodal_cd_dataset\L15-0487E-1246N_1950_3207_13\buildings\buildings_L15-0487E-1246N_1950_3207_13_2019_09.tif
L15-0487E-1246N_1950_3207_13,2019,10,2019_10,True,True,True,False,False,False,True,True,True,datasets\sen12_mt_urbanmapping\multimodal_cd_dataset\L15-0487E-1246N_1950_3207_13\s1\s1_L15-0487E-1246N_1950_3207_13_2019_10.tif,datasets\sen12_mt_urbanmapping\multimodal_cd_dataset\L15-0487E-1246N_1950_3207_13\s2\s2_L15-0487E-1246N_1950_3207_13_2019_10.tif,datasets\sen12_mt_urbanmapping\multimodal_cd_dataset\L15-0487E-1246N_1950_3207_13\buildings\buildings_L15-0487E-1246N_1950_3207_13_2019_10.tif
L15-0487E-1246N_1950_3207_13,2019,11,2019_11,True,True,True,False,False,False,True,True,True,datasets\sen12_mt_urbanmapping\multimodal_cd_dataset\L15-0487E-1246N_1950_3207_13\s1\s1_L15-0487E-1246N_1950_3207_13_2019_11.tif,datasets\sen12_mt_urbanmapping\multimodal_cd_dataset\L15-0487E-1246N_1950_3207_13\s2\s2_L15-0487E-1246N_1950_3207_13_2019_11.tif,datasets\sen12_mt_urbanmapping\multimodal_cd_dataset\L15-0487E-1246N_1950_3207_13\buildings\buildings_L15-0487E-1246N_1950_3207_13_2019_11.tif
L15-0487E-1246N_1950_3207_13,2019,12,2019_12,True,True,True,False,False,False,True,True,True,datasets\sen12_mt_urbanmapping\multimodal_cd_dataset\L15-0487E-1246N_1950_3207_13\s1\s1_L15-0487E-1246N_1950_3207_13_2019_12.tif,datasets\sen12_mt_urbanmapping\multimodal_cd_dataset\L15-0487E-1246N_1950_3207_13\s2\s2_L15-0487E-1246N_1950_3207_13_2019_12.tif,datasets\sen12_mt_urbanmapping\multimodal_cd_dataset\L15-0487E-1246N_1950_3207_13\buildings\buildings_L15-0487E-1246N_1950_3207_13_2019_12.tif
L15-0487E-1246N_1950_3207_13,2020,1,2020_01,True,True,True,False,False,False,True,True,True,datasets\sen12_mt_urbanmapping\multimodal_cd_dataset\L15-0487E-1246N_1950_3207_13\s1\s1_L15-0487E-1246N_1950_3207_13_2020_01.tif,datasets\sen12_mt_urbanmapping\multimodal_cd_dataset\L15-0487E-1246N_1950_3207_13\s2\s2_L15-0487E-1246N_1950_3207_13_2020_01.tif,datasets\sen12_mt_urbanmapping\multimodal_cd_dataset\L15-0487E-1246N_1950_3207_13\buildings\buildings_L15-0487E-1246N_1950_3207_13_2020_01.tif
L15-0506E-1204N_2027_3374_13,2018,1,2018_01,True,True,True,False,False,False,True,True,True,datasets\sen12_mt_urbanmapping\multimodal_cd_dataset\L15-0506E-1204N_2027_3374_13\s1\s1_L15-0506E-1204N_2027_3374_13_2018_01.tif,datasets\sen12_mt_urbanmapping\multimodal_cd_dataset\L15-0506E-1204N_2027_3374_13\s2\s2_L15-0506E-1204N_2027_3374_13_2018_01.tif,datasets\sen12_mt_urbanmapping\multimodal_cd_dataset\L15-0506E-1204N_2027_3374_13\buildings\buildings_L15-0506E-1204N_2027_3374_13_2018_01.tif
L15-0506E-1204N_2027_3374_13,2018,2,2018_02,True,False,True,False,False,True,True,True,True,datasets\sen12_mt_urbanmapping\multimodal_cd_dataset\L15-0506E-1204N_2027_3374_13\s1\s1_L15-0506E-1204N_2027_3374_13_2018_02.tif,datasets\sen12_mt_urbanmapping\multimodal_cd_dataset\L15-0506E-1204N_2027_3374_13\s2\s2_L15-0506E-1204N_2027_3374_13_2018_02.tif,datasets\sen12_mt_urbanmapping\multimodal_cd_dataset\L15-0506E-1204N_2027_3374_13\buildings\buildings_L15-0506E-1204N_2027_3374_13_2018_02.tif
L15-0506E-1204N_2027_3374_13,2018,3,2018_03,True,True,True,False,False,False,True,True,True,datasets\sen12_mt_urbanmapping\multimodal_cd_dataset\L15-0506E-1204N_2027_3374_13\s1\s1_L15-0506E-1204N_2027_3374_13_2018_03.tif,datasets\sen12_mt_urbanmapping\multimodal_cd_dataset\L15-0506E-1204N_2027_3374_13\s2\s2_L15-0506E-1204N_2027_3374_13_2018_03.tif,datasets\sen12_mt_urbanmapping\multimodal_cd_dataset\L15-0506E-1204N_2027_3374_13\buildings\buildings_L15-0506E-1204N_2027_3374_13_2018_03.tif
L15-0506E-1204N_2027_3374_13,2018,4,2018_04,True,True,True,False,False,False,True,True,True,datasets\sen12_mt_urbanmapping\multimodal_cd_dataset\L15-0506E-1204N_2027_3374_13\s1\s1_L15-0506E-1204N_2027_3374_13_2018_04.tif,datasets\sen12_mt_urbanmapping\multimodal_cd_dataset\L15-0506E-1204N_2027_3374_13\s2\s2_L15-0506E-1204N_2027_3374_13_2018_04.tif,datasets\sen12_mt_urbanmapping\multimodal_cd_dataset\L15-0506E-1204N_2027_3374_13\buildings\buildings_L15-0506E-1204N_2027_3374_13_2018_04.tif
L15-0506E-1204N_2027_3374_13,2018,5,2018_05,True,False,True,False,False,True,True,True,True,datasets\sen12_mt_urbanmapping\multimodal_cd_dataset\L15-0506E-1204N_2027_3374_13\s1\s1_L15-0506E-1204N_2027_3374_13_2018_05.tif,datasets\sen12_mt_urbanmapping\multimodal_cd_dataset\L15-0506E-1204N_2027_3374_13\s2\s2_L15-0506E-1204N_2027_3374_13_2018_05.tif,datasets\sen12_mt_urbanmapping\multimodal_cd_dataset\L15-0506E-1204N_2027_3374_13\buildings\buildings_L15-0506E-1204N_2027_3374_13_2018_05.tif
L15-0506E-1204N_2027_3374_13,2018,6,2018_06,True,False,True,True,False,True,True,True,True,datasets\sen12_mt_urbanmapping\multimodal_cd_dataset\L15-0506E-1204N_2027_3374_13\s1\s1_L15-0506E-1204N_2027_3374_13_2018_06.tif,datasets\sen12_mt_urbanmapping\multimodal_cd_dataset\L15-0506E-1204N_2027_3374_13\s2\s2_L15-0506E-1204N_2027_3374_13_2018_06.tif,datasets\sen12_mt_urbanmapping\multimodal_cd_dataset\L15-0506E-1204N_2027_3374_13\buildings\buildings_L15-0506E-1204N_2027_3374_13_2018_06.tif
L15-0506E-1204N_2027_3374_13,2018,7,2018_07,True,False,True,False,False,True,True,True,True,datasets\sen12_mt_urbanmapping\multimodal_cd_dataset\L15-0506E-1204N_2027_3374_13\s1\s1_L15-0506E-1204N_2027_3374_13_2018_07.tif,datasets\sen12_mt_urbanmapping\multimodal_cd_dataset\L15-0506E-1204N_2027_3374_13\s2\s2_L15-0506E-1204N_2027_3374_13_2018_07.tif,datasets\sen12_mt_urbanmapping\multimodal_cd_dataset\L15-0506E-1204N_2027_3374_13\buildings\buildings_L15-0506E-1204N_2027_3374_13_2018_07.tif
L15-0506E-1204N_2027_3374_13,2018,8,2018_08,True,False,True,False,False,True,True,True,True,datasets\sen12_mt_urbanmapping\multimodal_cd_dataset\L15-0506E-1204N_2027_3374_13\s1\s1_L15-0506E-1204N_2027_3374_13_2018_08.tif,datasets\sen12_mt_urbanmapping\multimodal_cd_dataset\L15-0506E-1204N_2027_3374_13\s2\s2_L15-0506E-1204N_2027_3374_13_2018_08.tif,datasets\sen12_mt_urbanmapping\multimodal_cd_dataset\L15-0506E-1204N_2027_3374_13\buildings\buildings_L15-0506E-1204N_2027_3374_13_2018_08.tif
L15-0506E-1204N_2027_3374_13,2018,9,2018_09,True,True,True,False,False,False,True,True,True,datasets\sen12_mt_urbanmapping\multimodal_cd_dataset\L15-0506E-1204N_2027_3374_13\s1\s1_L15-0506E-1204N_2027_3374_13_2018_09.tif,datasets\sen12_mt_urbanmapping\multimodal_cd_dataset\L15-0506E-1204N_2027_3374_13\s2\s2_L15-0506E-1204N_2027_3374_13_2018_09.tif,datasets\sen12_mt_urbanmapping\multimodal_cd_dataset\L15-0506E-1204N_2027_3374_13\buildings\buildings_L15-0506E-1204N_2027_3374_13_2018_09.tif
L15-0506E-1204N_2027_3374_13,2018,10,2018_10,True,True,True,False,False,False,True,True,True,datasets\sen12_mt_urbanmapping\multimodal_cd_dataset\L15-0506E-1204N_2027_3374_13\s1\s1_L15-0506E-1204N_2027_3374_13_2018_10.tif,datasets\sen12_mt_urbanmapping\multimodal_cd_dataset\L15-0506E-1204N_2027_3374_13\s2\s2_L15-0506E-1204N_2027_3374_13_2018_10.tif,datasets\sen12_mt_urbanmapping\multimodal_cd_dataset\L15-0506E-1204N_2027_3374_13\buildings\buildings_L15-0506E-1204N_2027_3374_13_2018_10.tif
L15-0506E-1204N_2027_3374_13,2018,11,2018_11,True,False,True,False,False,True,True,True,True,datasets\sen12_mt_urbanmapping\multimodal_cd_dataset\L15-0506E-1204N_2027_3374_13\s1\s1_L15-0506E-1204N_2027_3374_13_2018_11.tif,datasets\sen12_mt_urbanmapping\multimodal_cd_dataset\L15-0506E-1204N_2027_3374_13\s2\s2_L15-0506E-1204N_2027_3374_13_2018_11.tif,datasets\sen12_mt_urbanmapping\multimodal_cd_dataset\L15-0506E-1204N_2027_3374_13\buildings\buildings_L15-0506E-1204N_2027_3374_13_2018_11.tif
L15-0506E-1204N_2027_3374_13,2018,12,2018_12,True,True,True,False,False,False,True,True,True,datasets\sen12_mt_urbanmapping\multimodal_cd_dataset\L15-0506E-1204N_2027_3374_13\s1\s1_L15-0506E-1204N_2027_3374_13_2018_12.tif,datasets\sen12_mt_urbanmapping\multimodal_cd_dataset\L15-0506E-1204N_2027_3374_13\s2\s2_L15-0506E-1204N_2027_3374_13_2018_12.tif,datasets\sen12_mt_urbanmapping\multimodal_cd_dataset\L15-0506E-1204N_2027_3374_13\buildings\buildings_L15-0506E-1204N_2027_3374_13_2018_12.tif
L15-0506E-1204N_2027_3374_13,2019,1,2019_01,True,True,True,False,False,False,True,True,True,datasets\sen12_mt_urbanmapping\multimodal_cd_dataset\L15-0506E-1204N_2027_3374_13\s1\s1_L15-0506E-1204N_2027_3374_13_2019_01.tif,datasets\sen12_mt_urbanmapping\multimodal_cd_dataset\L15-0506E-1204N_2027_3374_13\s2\s2_L15-0506E-1204N_2027_3374_13_2019_01.tif,datasets\sen12_mt_urbanmapping\multimodal_cd_dataset\L15-0506E-1204N_2027_3374_13\buildings\buildings_L15-0506E-1204N_2027_3374_13_2019_01.tif
L15-0506E-1204N_2027_3374_13,2019,2,2019_02,True,True,True,False,False,False,True,True,True,datasets\sen12_mt_urbanmapping\multimodal_cd_dataset\L15-0506E-1204N_2027_3374_13\s1\s1_L15-0506E-1204N_2027_3374_13_2019_02.tif,datasets\sen12_mt_urbanmapping\multimodal_cd_dataset\L15-0506E-1204N_2027_3374_13\s2\s2_L15-0506E-1204N_2027_3374_13_2019_02.tif,datasets\sen12_mt_urbanmapping\multimodal_cd_dataset\L15-0506E-1204N_2027_3374_13\buildings\buildings_L15-0506E-1204N_2027_3374_13_2019_02.tif
L15-0506E-1204N_2027_3374_13,2019,3,2019_03,True,True,True,False,False,False,True,True,True,datasets\sen12_mt_urbanmapping\multimodal_cd_dataset\L15-0506E-1204N_2027_3374_13\s1\s1_L15-0506E-1204N_2027_3374_13_2019_03.tif,datasets\sen12_mt_urbanmapping\multimodal_cd_dataset\L15-0506E-1204N_2027_3374_13\s2\s2_L15-0506E-1204N_2027_3374_13_2019_03.tif,datasets\sen12_mt_urbanmapping\multimodal_cd_dataset\L15-0506E-1204N_2027_3374_13\buildings\buildings_L15-0506E-1204N_2027_3374_13_2019_03.tif
L15-0506E-1204N_2027_3374_13,2019,4,2019_04,True,True,True,False,False,False,True,True,True,datasets\sen12_mt_urbanmapping\multimodal_cd_dataset\L15-0506E-1204N_2027_3374_13\s1\s1_L15-0506E-1204N_2027_3374_13_2019_04.tif,datasets\sen12_mt_urbanmapping\multimodal_cd_dataset\L15-0506E-1204N_2027_3374_13\s2\s2_L15-0506E-1204N_2027_3374_13_2019_04.tif,datasets\sen12_mt_urbanmapping\multimodal_cd_dataset\L15-0506E-1204N_2027_3374_13\buildings\buildings_L15-0506E-1204N_2027_3374_13_2019_04.tif
L15-0506E-1204N_2027_3374_13,2019,5,2019_05,True,False,True,False,False,True,True,True,True,datasets\sen12_mt_urbanmapping\multimodal_cd_dataset\L15-0506E-1204N_2027_3374_13\s1\s1_L15-0506E-1204N_2027_3374_13_2019_05.tif,datasets\sen12_mt_urbanmapping\multimodal_cd_dataset\L15-0506E-1204N_2027_3374_13\s2\s2_L15-0506E-1204N_2027_3374_13_2019_05.tif,datasets\sen12_mt_urbanmapping\multimodal_cd_dataset\L15-0506E-1204N_2027_3374_13\buildings\buildings_L15-0506E-1204N_2027_3374_13_2019_05.tif
L15-0506E-1204N_2027_3374_13,2019,6,2019_06,True,False,True,False,False,True,True,True,True,datasets\sen12_mt_urbanmapping\multimodal_cd_dataset\L15-0506E-1204N_2027_3374_13\s1\s1_L15-0506E-1204N_2027_3374_13_2019_06.tif,datasets\sen12_mt_urbanmapping\multimodal_cd_dataset\L15-0506E-1204N_2027_3374_13\s2\s2_L15-0506E-1204N_2027_3374_13_2019_06.tif,datasets\sen12_mt_urbanmapping\multimodal_cd_dataset\L15-0506E-1204N_2027_3374_13\buildings\buildings_L15-0506E-1204N_2027_3374_13_2019_06.tif
L15-0506E-1204N_2027_3374_13,2019,7,2019_07,True,True,True,False,False,False,True,True,True,datasets\sen12_mt_urbanmapping\multimodal_cd_dataset\L15-0506E-1204N_2027_3374_13\s1\s1_L15-0506E-1204N_2027_3374_13_2019_07.tif,datasets\sen12_mt_urbanmapping\multimodal_cd_dataset\L15-0506E-1204N_2027_3374_13\s2\s2_L15-0506E-1204N_2027_3374_13_2019_07.tif,datasets\sen12_mt_urbanmapping\multimodal_cd_dataset\L15-0506E-1204N_2027_3374_13\buildings\buildings_L15-0506E-1204N_2027_3374_13_2019_07.tif
L15-0506E-1204N_2027_3374_13,2019,8,2019_08,True,False,True,False,False,True,True,True,True,datasets\sen12_mt_urbanmapping\multimodal_cd_dataset\L15-0506E-1204N_2027_3374_13\s1\s1_L15-0506E-1204N_2027_3374_13_2019_08.tif,datasets\sen12_mt_urbanmapping\multimodal_cd_dataset\L15-0506E-1204N_2027_3374_13\s2\s2_L15-0506E-1204N_2027_3374_13_2019_08.tif,datasets\sen12_mt_urbanmapping\multimodal_cd_dataset\L15-0506E-1204N_2027_3374_13\buildings\buildings_L15-0506E-1204N_2027_3374_13_2019_08.tif
L15-0506E-1204N_2027_3374_13,2019,9,2019_09,True,True,True,False,False,False,True,True,True,datasets\sen12_mt_urbanmapping\multimodal_cd_dataset\L15-0506E-1204N_2027_3374_13\s1\s1_L15-0506E-1204N_2027_3374_13_2019_09.tif,datasets\sen12_mt_urbanmapping\multimodal_cd_dataset\L15-0506E-1204N_2027_3374_13\s2\s2_L15-0506E-1204N_2027_3374_13_2019_09.tif,datasets\sen12_mt_urbanmapping\multimodal_cd_dataset\L15-0506E-1204N_2027_3374_13\buildings\buildings_L15-0506E-1204N_2027_3374_13_2019_09.tif
L15-0506E-1204N_2027_3374_13,2019,10,2019_10,True,True,True,False,False,False,True,True,True,datasets\sen12_mt_urbanmapping\multimodal_cd_dataset\L15-0506E-1204N_2027_3374_13\s1\s1_L15-0506E-1204N_2027_3374_13_2019_10.tif,datasets\sen12_mt_urbanmapping\multimodal_cd_dataset\L15-0506E-1204N_2027_3374_13\s2\s2_L15-0506E-1204N_2027_3374_13_2019_10.tif,datasets\sen12_mt_urbanmapping\multimodal_cd_dataset\L15-0506E-1204N_2027_3374_13\buildings\buildings_L15-0506E-1204N_2027_3374_13_2019_10.tif
L15-0506E-1204N_2027_3374_13,2019,11,2019_11,True,True,True,True,False,False,True,True,True,datasets\sen12_mt_urbanmapping\multimodal_cd_dataset\L15-0506E-1204N_2027_3374_13\s1\s1_L15-0506E-1204N_2027_3374_13_2019_11.tif,datasets\sen12_mt_urbanmapping\multimodal_cd_dataset\L15-0506E-1204N_2027_3374_13\s2\s2_L15-0506E-1204N_2027_3374_13_2019_11.tif,datasets\sen12_mt_urbanmapping\multimodal_cd_dataset\L15-0506E-1204N_2027_3374_13\buildings\buildings_L15-0506E-1204N_2027_3374_13_2019_11.tif
L15-0506E-1204N_2027_3374_13,2019,12,2019_12,True,True,True,False,False,False,True,True,True,datasets\sen12_mt_urbanmapping\multimodal_cd_dataset\L15-0506E-1204N_2027_3374_13\s1\s1_L15-0506E-1204N_2027_3374_13_2019_12.tif,datasets\sen12_mt_urbanmapping\multimodal_cd_dataset\L15-0506E-1204N_2027_3374_13\s2\s2_L15-0506E-1204N_2027_3374_13_2019_12.tif,datasets\sen12_mt_urbanmapping\multimodal_cd_dataset\L15-0506E-1204N_2027_3374_13\buildings\buildings_L15-0506E-1204N_2027_3374_13_2019_12.tif
L15-0544E-1228N_2176_3279_13,2018,1,2018_01,True,True,True,False,False,False,True,True,True,datasets\sen12_mt_urbanmapping\multimodal_cd_dataset\L15-0544E-1228N_2176_3279_13\s1\s1_L15-0544E-1228N_2176_3279_13_2018_01.tif,datasets\sen12_mt_urbanmapping\multimodal_cd_dataset\L15-0544E-1228N_2176_3279_13\s2\s2_L15-0544E-1228N_2176_3279_13_2018_01.tif,datasets\sen12_mt_urbanmapping\multimodal_cd_dataset\L15-0544E-1228N_2176_3279_13\buildings\buildings_L15-0544E-1228N_2176_3279_13_2018_01.tif
L15-0544E-1228N_2176_3279_13,2018,2,2018_02,True,True,True,False,False,False,True,True,True,datasets\sen12_mt_urbanmapping\multimodal_cd_dataset\L15-0544E-1228N_2176_3279_13\s1\s1_L15-0544E-1228N_2176_3279_13_2018_02.tif,datasets\sen12_mt_urbanmapping\multimodal_cd_dataset\L15-0544E-1228N_2176_3279_13\s2\s2_L15-0544E-1228N_2176_3279_13_2018_02.tif,datasets\sen12_mt_urbanmapping\multimodal_cd_dataset\L15-0544E-1228N_2176_3279_13\buildings\buildings_L15-0544E-1228N_2176_3279_13_2018_02.tif
L15-0544E-1228N_2176_3279_13,2018,3,2018_03,True,True,True,False,False,False,True,True,True,datasets\sen12_mt_urbanmapping\multimodal_cd_dataset\L15-0544E-1228N_2176_3279_13\s1\s1_L15-0544E-1228N_2176_3279_13_2018_03.tif,datasets\sen12_mt_urbanmapping\multimodal_cd_dataset\L15-0544E-1228N_2176_3279_13\s2\s2_L15-0544E-1228N_2176_3279_13_2018_03.tif,datasets\sen12_mt_urbanmapping\multimodal_cd_dataset\L15-0544E-1228N_2176_3279_13\buildings\buildings_L15-0544E-1228N_2176_3279_13_2018_03.tif
L15-0544E-1228N_2176_3279_13,2018,4,2018_04,True,True,True,False,False,False,True,True,True,datasets\sen12_mt_urbanmapping\multimodal_cd_dataset\L15-0544E-1228N_2176_3279_13\s1\s1_L15-0544E-1228N_2176_3279_13_2018_04.tif,datasets\sen12_mt_urbanmapping\multimodal_cd_dataset\L15-0544E-1228N_2176_3279_13\s2\s2_L15-0544E-1228N_2176_3279_13_2018_04.tif,datasets\sen12_mt_urbanmapping\multimodal_cd_dataset\L15-0544E-1228N_2176_3279_13\buildings\buildings_L15-0544E-1228N_2176_3279_13_2018_04.tif
L15-0544E-1228N_2176_3279_13,2018,5,2018_05,True,True,True,False,False,False,True,True,True,datasets\sen12_mt_urbanmapping\multimodal_cd_dataset\L15-0544E-1228N_2176_3279_13\s1\s1_L15-0544E-1228N_2176_3279_13_2018_05.tif,datasets\sen12_mt_urbanmapping\multimodal_cd_dataset\L15-0544E-1228N_2176_3279_13\s2\s2_L15-0544E-1228N_2176_3279_13_2018_05.tif,datasets\sen12_mt_urbanmapping\multimodal_cd_dataset\L15-0544E-1228N_2176_3279_13\buildings\buildings_L15-0544E-1228N_2176_3279_13_2018_05.tif
L15-0544E-1228N_2176_3279_13,2018,6,2018_06,True,True,True,False,False,False,True,True,True,datasets\sen12_mt_urbanmapping\multimodal_cd_dataset\L15-0544E-1228N_2176_3279_13\s1\s1_L15-0544E-1228N_2176_3279_13_2018_06.tif,datasets\sen12_mt_urbanmapping\multimodal_cd_dataset\L15-0544E-1228N_2176_3279_13\s2\s2_L15-0544E-1228N_2176_3279_13_2018_06.tif,datasets\sen12_mt_urbanmapping\multimodal_cd_dataset\L15-0544E-1228N_2176_3279_13\buildings\buildings_L15-0544E-1228N_2176_3279_13_2018_06.tif
L15-0544E-1228N_2176_3279_13,2018,7,2018_07,True,False,True,False,False,True,True,True,True,datasets\sen12_mt_urbanmapping\multimodal_cd_dataset\L15-0544E-1228N_2176_3279_13\s1\s1_L15-0544E-1228N_2176_3279_13_2018_07.tif,datasets\sen12_mt_urbanmapping\multimodal_cd_dataset\L15-0544E-1228N_2176_3279_13\s2\s2_L15-0544E-1228N_2176_3279_13_2018_07.tif,datasets\sen12_mt_urbanmapping\multimodal_cd_dataset\L15-0544E-1228N_2176_3279_13\buildings\buildings_L15-0544E-1228N_2176_3279_13_2018_07.tif
L15-0544E-1228N_2176_3279_13,2018,8,2018_08,True,True,True,False,False,False,True,True,True,datasets\sen12_mt_urbanmapping\multimodal_cd_dataset\L15-0544E-1228N_2176_3279_13\s1\s1_L15-0544E-1228N_2176_3279_13_2018_08.tif,datasets\sen12_mt_urbanmapping\multimodal_cd_dataset\L15-0544E-1228N_2176_3279_13\s2\s2_L15-0544E-1228N_2176_3279_13_2018_08.tif,datasets\sen12_mt_urbanmapping\multimodal_cd_dataset\L15-0544E-1228N_2176_3279_13\buildings\buildings_L15-0544E-1228N_2176_3279_13_2018_08.tif
L15-0544E-1228N_2176_3279_13,2018,9,2018_09,True,True,True,True,False,False,True,True,True,datasets\sen12_mt_urbanmapping\multimodal_cd_dataset\L15-0544E-1228N_2176_3279_13\s1\s1_L15-0544E-1228N_2176_3279_13_2018_09.tif,datasets\sen12_mt_urbanmapping\multimodal_cd_dataset\L15-0544E-1228N_2176_3279_13\s2\s2_L15-0544E-1228N_2176_3279_13_2018_09.tif,datasets\sen12_mt_urbanmapping\multimodal_cd_dataset\L15-0544E-1228N_2176_3279_13\buildings\buildings_L15-0544E-1228N_2176_3279_13_2018_09.tif
L15-0544E-1228N_2176_3279_13,2018,10,2018_10,True,True,True,False,False,False,True,True,True,datasets\sen12_mt_urbanmapping\multimodal_cd_dataset\L15-0544E-1228N_2176_3279_13\s1\s1_L15-0544E-1228N_2176_3279_13_2018_10.tif,datasets\sen12_mt_urbanmapping\multimodal_cd_dataset\L15-0544E-1228N_2176_3279_13\s2\s2_L15-0544E-1228N_2176_3279_13_2018_10.tif,datasets\sen12_mt_urbanmapping\multimodal_cd_dataset\L15-0544E-1228N_2176_3279_13\buildings\buildings_L15-0544E-1228N_2176_3279_13_2018_10.tif
L15-0544E-1228N_2176_3279_13,2018,11,2018_11,True,True,True,False,False,False,True,True,True,datasets\sen12_mt_urbanmapping\multimodal_cd_dataset\L15-0544E-1228N_2176_3279_13\s1\s1_L15-0544E-1228N_2176_3279_13_2018_11.tif,datasets\sen12_mt_urbanmapping\multimodal_cd_dataset\L15-0544E-1228N_2176_3279_13\s2\s2_L15-0544E-1228N_2176_3279_13_2018_11.tif,datasets\sen12_mt_urbanmapping\multimodal_cd_dataset\L15-0544E-1228N_2176_3279_13\buildings\buildings_L15-0544E-1228N_2176_3279_13_2018_11.tif
L15-0544E-1228N_2176_3279_13,2018,12,2018_12,True,True,True,False,False,False,True,True,True,datasets\sen12_mt_urbanmapping\multimodal_cd_dataset\L15-0544E-1228N_2176_3279_13\s1\s1_L15-0544E-1228N_2176_3279_13_2018_12.tif,datasets\sen12_mt_urbanmapping\multimodal_cd_dataset\L15-0544E-1228N_2176_3279_13\s2\s2_L15-0544E-1228N_2176_3279_13_2018_12.tif,datasets\sen12_mt_urbanmapping\multimodal_cd_dataset\L15-0544E-1228N_2176_3279_13\buildings\buildings_L15-0544E-1228N_2176_3279_13_2018_12.tif
L15-0544E-1228N_2176_3279_13,2019,1,2019_01,True,False,True,False,False,True,True,True,True,datasets\sen12_mt_urbanmapping\multimodal_cd_dataset\L15-0544E-1228N_2176_3279_13\s1\s1_L15-0544E-1228N_2176_3279_13_2019_01.tif,datasets\sen12_mt_urbanmapping\multimodal_cd_dataset\L15-0544E-1228N_2176_3279_13\s2\s2_L15-0544E-1228N_2176_3279_13_2019_01.tif,datasets\sen12_mt_urbanmapping\multimodal_cd_dataset\L15-0544E-1228N_2176_3279_13\buildings\buildings_L15-0544E-1228N_2176_3279_13_2019_01.tif
L15-0544E-1228N_2176_3279_13,2019,2,2019_02,True,True,True,False,False,False,True,True,True,datasets\sen12_mt_urbanmapping\multimodal_cd_dataset\L15-0544E-1228N_2176_3279_13\s1\s1_L15-0544E-1228N_2176_3279_13_2019_02.tif,datasets\sen12_mt_urbanmapping\multimodal_cd_dataset\L15-0544E-1228N_2176_3279_13\s2\s2_L15-0544E-1228N_2176_3279_13_2019_02.tif,datasets\sen12_mt_urbanmapping\multimodal_cd_dataset\L15-0544E-1228N_2176_3279_13\buildings\buildings_L15-0544E-1228N_2176_3279_13_2019_02.tif
L15-0544E-1228N_2176_3279_13,2019,3,2019_03,True,True,True,False,False,False,True,True,True,datasets\sen12_mt_urbanmapping\multimodal_cd_dataset\L15-0544E-1228N_2176_3279_13\s1\s1_L15-0544E-1228N_2176_3279_13_2019_03.tif,datasets\sen12_mt_urbanmapping\multimodal_cd_dataset\L15-0544E-1228N_2176_3279_13\s2\s2_L15-0544E-1228N_2176_3279_13_2019_03.tif,datasets\sen12_mt_urbanmapping\multimodal_cd_dataset\L15-0544E-1228N_2176_3279_13\buildings\buildings_L15-0544E-1228N_2176_3279_13_2019_03.tif
L15-0544E-1228N_2176_3279_13,2019,4,2019_04,True,True,True,False,False,False,True,True,True,datasets\sen12_mt_urbanmapping\multimodal_cd_dataset\L15-0544E-1228N_2176_3279_13\s1\s1_L15-0544E-1228N_2176_3279_13_2019_04.tif,datasets\sen12_mt_urbanmapping\multimodal_cd_dataset\L15-0544E-1228N_2176_3279_13\s2\s2_L15-0544E-1228N_2176_3279_13_2019_04.tif,datasets\sen12_mt_urbanmapping\multimodal_cd_dataset\L15-0544E-1228N_2176_3279_13\buildings\buildings_L15-0544E-1228N_2176_3279_13_2019_04.tif
L15-0544E-1228N_2176_3279_13,2019,5,2019_05,True,True,True,True,False,False,True,True,True,datasets\sen12_mt_urbanmapping\multimodal_cd_dataset\L15-0544E-1228N_2176_3279_13\s1\s1_L15-0544E-1228N_2176_3279_13_2019_05.tif,datasets\sen12_mt_urbanmapping\multimodal_cd_dataset\L15-0544E-1228N_2176_3279_13\s2\s2_L15-0544E-1228N_2176_3279_13_2019_05.tif,datasets\sen12_mt_urbanmapping\multimodal_cd_dataset\L15-0544E-1228N_2176_3279_13\buildings\buildings_L15-0544E-1228N_2176_3279_13_2019_05.tif
L15-0544E-1228N_2176_3279_13,2019,6,2019_06,True,True,True,False,False,False,True,True,True,datasets\sen12_mt_urbanmapping\multimodal_cd_dataset\L15-0544E-1228N_2176_3279_13\s1\s1_L15-0544E-1228N_2176_3279_13_2019_06.tif,datasets\sen12_mt_urbanmapping\multimodal_cd_dataset\L15-0544E-1228N_2176_3279_13\s2\s2_L15-0544E-1228N_2176_3279_13_2019_06.tif,datasets\sen12_mt_urbanmapping\multimodal_cd_dataset\L15-0544E-1228N_2176_3279_13\buildings\buildings_L15-0544E-1228N_2176_3279_13_2019_06.tif
L15-0544E-1228N_2176_3279_13,2019,7,2019_07,True,True,True,False,False,False,True,True,True,datasets\sen12_mt_urbanmapping\multimodal_cd_dataset\L15-0544E-1228N_2176_3279_13\s1\s1_L15-0544E-1228N_2176_3279_13_2019_07.tif,datasets\sen12_mt_urbanmapping\multimodal_cd_dataset\L15-0544E-1228N_2176_3279_13\s2\s2_L15-0544E-1228N_2176_3279_13_2019_07.tif,datasets\sen12_mt_urbanmapping\multimodal_cd_dataset\L15-0544E-1228N_2176_3279_13\buildings\buildings_L15-0544E-1228N_2176_3279_13_2019_07.tif
L15-0544E-1228N_2176_3279_13,2019,8,2019_08,True,True,True,False,False,False,True,True,True,datasets\sen12_mt_urbanmapping\multimodal_cd_dataset\L15-0544E-1228N_2176_3279_13\s1\s1_L15-0544E-1228N_2176_3279_13_2019_08.tif,datasets\sen12_mt_urbanmapping\multimodal_cd_dataset\L15-0544E-1228N_2176_3279_13\s2\s2_L15-0544E-1228N_2176_3279_13_2019_08.tif,datasets\sen12_mt_urbanmapping\multimodal_cd_dataset\L15-0544E-1228N_2176_3279_13\buildings\buildings_L15-0544E-1228N_2176_3279_13_2019_08.tif
L15-0544E-1228N_2176_3279_13,2019,9,2019_09,True,True,True,False,False,False,True,True,True,datasets\sen12_mt_urbanmapping\multimodal_cd_dataset\L15-0544E-1228N_2176_3279_13\s1\s1_L15-0544E-1228N_2176_3279_13_2019_09.tif,datasets\sen12_mt_urbanmapping\multimodal_cd_dataset\L15-0544E-1228N_2176_3279_13\s2\s2_L15-0544E-1228N_2176_3279_13_2019_09.tif,datasets\sen12_mt_urbanmapping\multimodal_cd_dataset\L15-0544E-1228N_2176_3279_13\buildings\buildings_L15-0544E-1228N_2176_3279_13_2019_09.tif
L15-0544E-1228N_2176_3279_13,2019,10,2019_10,True,True,True,False,False,False,True,True,True,datasets\sen12_mt_urbanmapping\multimodal_cd_dataset\L15-0544E-1228N_2176_3279_13\s1\s1_L15-0544E-1228N_2176_3279_13_2019_10.tif,datasets\sen12_mt_urbanmapping\multimodal_cd_dataset\L15-0544E-1228N_2176_3279_13\s2\s2_L15-0544E-1228N_2176_3279_13_2019_10.tif,datasets\sen12_mt_urbanmapping\multimodal_cd_dataset\L15-0544E-1228N_2176_3279_13\buildings\buildings_L15-0544E-1228N_2176_3279_13_2019_10.tif
L15-0544E-1228N_2176_3279_13,2019,11,2019_11,True,True,True,False,False,False,True,True,True,datasets\sen12_mt_urbanmapping\multimodal_cd_dataset\L15-0544E-1228N_2176_3279_13\s1\s1_L15-0544E-1228N_2176_3279_13_2019_11.tif,datasets\sen12_mt_urbanmapping\multimodal_cd_dataset\L15-0544E-1228N_2176_3279_13\s2\s2_L15-0544E-1228N_2176_3279_13_2019_11.tif,datasets\sen12_mt_urbanmapping\multimodal_cd_dataset\L15-0544E-1228N_2176_3279_13\buildings\buildings_L15-0544E-1228N_2176_3279_13_2019_11.tif
L15-0544E-1228N_2176_3279_13,2019,12,2019_12,True,True,True,False,False,False,True,True,True,datasets\sen12_mt_urbanmapping\multimodal_cd_dataset\L15-0544E-1228N_2176_3279_13\s1\s1_L15-0544E-1228N_2176_3279_13_2019_12.tif,datasets\sen12_mt_urbanmapping\multimodal_cd_dataset\L15-0544E-1228N_2176_3279_13\s2\s2_L15-0544E-1228N_2176_3279_13_2019_12.tif,datasets\sen12_mt_urbanmapping\multimodal_cd_dataset\L15-0544E-1228N_2176_3279_13\buildings\buildings_L15-0544E-1228N_2176_3279_13_2019_12.tif
L15-0566E-1185N_2265_3451_13,2018,1,2018_01,True,True,True,True,False,False,True,True,True,datasets\sen12_mt_urbanmapping\multimodal_cd_dataset\L15-0566E-1185N_2265_3451_13\s1\s1_L15-0566E-1185N_2265_3451_13_2018_01.tif,datasets\sen12_mt_urbanmapping\multimodal_cd_dataset\L15-0566E-1185N_2265_3451_13\s2\s2_L15-0566E-1185N_2265_3451_13_2018_01.tif,datasets\sen12_mt_urbanmapping\multimodal_cd_dataset\L15-0566E-1185N_2265_3451_13\buildings\buildings_L15-0566E-1185N_2265_3451_13_2018_01.tif
L15-0566E-1185N_2265_3451_13,2018,2,2018_02,True,False,True,False,False,True,True,True,True,datasets\sen12_mt_urbanmapping\multimodal_cd_dataset\L15-0566E-1185N_2265_3451_13\s1\s1_L15-0566E-1185N_2265_3451_13_2018_02.tif,datasets\sen12_mt_urbanmapping\multimodal_cd_dataset\L15-0566E-1185N_2265_3451_13\s2\s2_L15-0566E-1185N_2265_3451_13_2018_02.tif,datasets\sen12_mt_urbanmapping\multimodal_cd_dataset\L15-0566E-1185N_2265_3451_13\buildings\buildings_L15-0566E-1185N_2265_3451_13_2018_02.tif
L15-0566E-1185N_2265_3451_13,2018,3,2018_03,True,False,True,False,False,True,True,True,True,datasets\sen12_mt_urbanmapping\multimodal_cd_dataset\L15-0566E-1185N_2265_3451_13\s1\s1_L15-0566E-1185N_2265_3451_13_2018_03.tif,datasets\sen12_mt_urbanmapping\multimodal_cd_dataset\L15-0566E-1185N_2265_3451_13\s2\s2_L15-0566E-1185N_2265_3451_13_2018_03.tif,datasets\sen12_mt_urbanmapping\multimodal_cd_dataset\L15-0566E-1185N_2265_3451_13\buildings\buildings_L15-0566E-1185N_2265_3451_13_2018_03.tif
L15-0566E-1185N_2265_3451_13,2018,4,2018_04,True,True,True,True,False,False,True,True,True,datasets\sen12_mt_urbanmapping\multimodal_cd_dataset\L15-0566E-1185N_2265_3451_13\s1\s1_L15-0566E-1185N_2265_3451_13_2018_04.tif,datasets\sen12_mt_urbanmapping\multimodal_cd_dataset\L15-0566E-1185N_2265_3451_13\s2\s2_L15-0566E-1185N_2265_3451_13_2018_04.tif,datasets\sen12_mt_urbanmapping\multimodal_cd_dataset\L15-0566E-1185N_2265_3451_13\buildings\buildings_L15-0566E-1185N_2265_3451_13_2018_04.tif
L15-0566E-1185N_2265_3451_13,2018,5,2018_05,True,False,True,True,False,True,True,True,True,datasets\sen12_mt_urbanmapping\multimodal_cd_dataset\L15-0566E-1185N_2265_3451_13\s1\s1_L15-0566E-1185N_2265_3451_13_2018_05.tif,datasets\sen12_mt_urbanmapping\multimodal_cd_dataset\L15-0566E-1185N_2265_3451_13\s2\s2_L15-0566E-1185N_2265_3451_13_2018_05.tif,datasets\sen12_mt_urbanmapping\multimodal_cd_dataset\L15-0566E-1185N_2265_3451_13\buildings\buildings_L15-0566E-1185N_2265_3451_13_2018_05.tif
L15-0566E-1185N_2265_3451_13,2018,7,2018_07,True,True,True,False,False,False,True,True,True,datasets\sen12_mt_urbanmapping\multimodal_cd_dataset\L15-0566E-1185N_2265_3451_13\s1\s1_L15-0566E-1185N_2265_3451_13_2018_07.tif,datasets\sen12_mt_urbanmapping\multimodal_cd_dataset\L15-0566E-1185N_2265_3451_13\s2\s2_L15-0566E-1185N_2265_3451_13_2018_07.tif,datasets\sen12_mt_urbanmapping\multimodal_cd_dataset\L15-0566E-1185N_2265_3451_13\buildings\buildings_L15-0566E-1185N_2265_3451_13_2018_07.tif
L15-0566E-1185N_2265_3451_13,2018,8,2018_08,True,False,True,False,False,True,True,True,True,datasets\sen12_mt_urbanmapping\multimodal_cd_dataset\L15-0566E-1185N_2265_3451_13\s1\s1_L15-0566E-1185N_2265_3451_13_2018_08.tif,datasets\sen12_mt_urbanmapping\multimodal_cd_dataset\L15-0566E-1185N_2265_3451_13\s2\s2_L15-0566E-1185N_2265_3451_13_2018_08.tif,datasets\sen12_mt_urbanmapping\multimodal_cd_dataset\L15-0566E-1185N_2265_3451_13\buildings\buildings_L15-0566E-1185N_2265_3451_13_2018_08.tif
L15-0566E-1185N_2265_3451_13,2018,10,2018_10,True,True,True,True,False,False,True,True,True,datasets\sen12_mt_urbanmapping\multimodal_cd_dataset\L15-0566E-1185N_2265_3451_13\s1\s1_L15-0566E-1185N_2265_3451_13_2018_10.tif,datasets\sen12_mt_urbanmapping\multimodal_cd_dataset\L15-0566E-1185N_2265_3451_13\s2\s2_L15-0566E-1185N_2265_3451_13_2018_10.tif,datasets\sen12_mt_urbanmapping\multimodal_cd_dataset\L15-0566E-1185N_2265_3451_13\buildings\buildings_L15-0566E-1185N_2265_3451_13_2018_10.tif
L15-0566E-1185N_2265_3451_13,2018,11,2018_11,True,True,True,False,False,False,True,True,True,datasets\sen12_mt_urbanmapping\multimodal_cd_dataset\L15-0566E-1185N_2265_3451_13\s1\s1_L15-0566E-1185N_2265_3451_13_2018_11.tif,datasets\sen12_mt_urbanmapping\multimodal_cd_dataset\L15-0566E-1185N_2265_3451_13\s2\s2_L15-0566E-1185N_2265_3451_13_2018_11.tif,datasets\sen12_mt_urbanmapping\multimodal_cd_dataset\L15-0566E-1185N_2265_3451_13\buildings\buildings_L15-0566E-1185N_2265_3451_13_2018_11.tif
L15-0566E-1185N_2265_3451_13,2019,1,2019_01,True,True,True,False,False,False,True,True,True,datasets\sen12_mt_urbanmapping\multimodal_cd_dataset\L15-0566E-1185N_2265_3451_13\s1\s1_L15-0566E-1185N_2265_3451_13_2019_01.tif,datasets\sen12_mt_urbanmapping\multimodal_cd_dataset\L15-0566E-1185N_2265_3451_13\s2\s2_L15-0566E-1185N_2265_3451_13_2019_01.tif,datasets\sen12_mt_urbanmapping\multimodal_cd_dataset\L15-0566E-1185N_2265_3451_13\buildings\buildings_L15-0566E-1185N_2265_3451_13_2019_01.tif
L15-0566E-1185N_2265_3451_13,2019,2,2019_02,True,True,True,False,False,False,True,True,True,datasets\sen12_mt_urbanmapping\multimodal_cd_dataset\L15-0566E-1185N_2265_3451_13\s1\s1_L15-0566E-1185N_2265_3451_13_2019_02.tif,datasets\sen12_mt_urbanmapping\multimodal_cd_dataset\L15-0566E-1185N_2265_3451_13\s2\s2_L15-0566E-1185N_2265_3451_13_2019_02.tif,datasets\sen12_mt_urbanmapping\multimodal_cd_dataset\L15-0566E-1185N_2265_3451_13\buildings\buildings_L15-0566E-1185N_2265_3451_13_2019_02.tif
L15-0566E-1185N_2265_3451_13,2019,3,2019_03,True,False,True,False,False,True,True,True,True,datasets\sen12_mt_urbanmapping\multimodal_cd_dataset\L15-0566E-1185N_2265_3451_13\s1\s1_L15-0566E-1185N_2265_3451_13_2019_03.tif,datasets\sen12_mt_urbanmapping\multimodal_cd_dataset\L15-0566E-1185N_2265_3451_13\s2\s2_L15-0566E-1185N_2265_3451_13_2019_03.tif,datasets\sen12_mt_urbanmapping\multimodal_cd_dataset\L15-0566E-1185N_2265_3451_13\buildings\buildings_L15-0566E-1185N_2265_3451_13_2019_03.tif
L15-0566E-1185N_2265_3451_13,2019,4,2019_04,True,True,True,False,False,False,True,True,True,datasets\sen12_mt_urbanmapping\multimodal_cd_dataset\L15-0566E-1185N_2265_3451_13\s1\s1_L15-0566E-1185N_2265_3451_13_2019_04.tif,datasets\sen12_mt_urbanmapping\multimodal_cd_dataset\L15-0566E-1185N_2265_3451_13\s2\s2_L15-0566E-1185N_2265_3451_13_2019_04.tif,datasets\sen12_mt_urbanmapping\multimodal_cd_dataset\L15-0566E-1185N_2265_3451_13\buildings\buildings_L15-0566E-1185N_2265_3451_13_2019_04.tif
L15-0566E-1185N_2265_3451_13,2019,5,2019_05,True,False,True,False,False,True,True,True,True,datasets\sen12_mt_urbanmapping\multimodal_cd_dataset\L15-0566E-1185N_2265_3451_13\s1\s1_L15-0566E-1185N_2265_3451_13_2019_05.tif,datasets\sen12_mt_urbanmapping\multimodal_cd_dataset\L15-0566E-1185N_2265_3451_13\s2\s2_L15-0566E-1185N_2265_3451_13_2019_05.tif,datasets\sen12_mt_urbanmapping\multimodal_cd_dataset\L15-0566E-1185N_2265_3451_13\buildings\buildings_L15-0566E-1185N_2265_3451_13_2019_05.tif
L15-0566E-1185N_2265_3451_13,2019,6,2019_06,True,False,True,False,False,True,True,True,True,datasets\sen12_mt_urbanmapping\multimodal_cd_dataset\L15-0566E-1185N_2265_3451_13\s1\s1_L15-0566E-1185N_2265_3451_13_2019_06.tif,datasets\sen12_mt_urbanmapping\multimodal_cd_dataset\L15-0566E-1185N_2265_3451_13\s2\s2_L15-0566E-1185N_2265_3451_13_2019_06.tif,datasets\sen12_mt_urbanmapping\multimodal_cd_dataset\L15-0566E-1185N_2265_3451_13\buildings\buildings_L15-0566E-1185N_2265_3451_13_2019_06.tif
L15-0566E-1185N_2265_3451_13,2019,7,2019_07,True,False,True,True,False,True,True,True,True,datasets\sen12_mt_urbanmapping\multimodal_cd_dataset\L15-0566E-1185N_2265_3451_13\s1\s1_L15-0566E-1185N_2265_3451_13_2019_07.tif,datasets\sen12_mt_urbanmapping\multimodal_cd_dataset\L15-0566E-1185N_2265_3451_13\s2\s2_L15-0566E-1185N_2265_3451_13_2019_07.tif,datasets\sen12_mt_urbanmapping\multimodal_cd_dataset\L15-0566E-1185N_2265_3451_13\buildings\buildings_L15-0566E-1185N_2265_3451_13_2019_07.tif
L15-0566E-1185N_2265_3451_13,2019,9,2019_09,True,False,True,True,False,True,True,True,True,datasets\sen12_mt_urbanmapping\multimodal_cd_dataset\L15-0566E-1185N_2265_3451_13\s1\s1_L15-0566E-1185N_2265_3451_13_2019_09.tif,datasets\sen12_mt_urbanmapping\multimodal_cd_dataset\L15-0566E-1185N_2265_3451_13\s2\s2_L15-0566E-1185N_2265_3451_13_2019_09.tif,datasets\sen12_mt_urbanmapping\multimodal_cd_dataset\L15-0566E-1185N_2265_3451_13\buildings\buildings_L15-0566E-1185N_2265_3451_13_2019_09.tif
L15-0566E-1185N_2265_3451_13,2019,10,2019_10,True,False,True,False,False,True,True,True,True,datasets\sen12_mt_urbanmapping\multimodal_cd_dataset\L15-0566E-1185N_2265_3451_13\s1\s1_L15-0566E-1185N_2265_3451_13_2019_10.tif,datasets\sen12_mt_urbanmapping\multimodal_cd_dataset\L15-0566E-1185N_2265_3451_13\s2\s2_L15-0566E-1185N_2265_3451_13_2019_10.tif,datasets\sen12_mt_urbanmapping\multimodal_cd_dataset\L15-0566E-1185N_2265_3451_13\buildings\buildings_L15-0566E-1185N_2265_3451_13_2019_10.tif
L15-0566E-1185N_2265_3451_13,2019,11,2019_11,True,True,True,False,False,False,True,True,True,datasets\sen12_mt_urbanmapping\multimodal_cd_dataset\L15-0566E-1185N_2265_3451_13\s1\s1_L15-0566E-1185N_2265_3451_13_2019_11.tif,datasets\sen12_mt_urbanmapping\multimodal_cd_dataset\L15-0566E-1185N_2265_3451_13\s2\s2_L15-0566E-1185N_2265_3451_13_2019_11.tif,datasets\sen12_mt_urbanmapping\multimodal_cd_dataset\L15-0566E-1185N_2265_3451_13\buildings\buildings_L15-0566E-1185N_2265_3451_13_2019_11.tif
L15-0566E-1185N_2265_3451_13,2019,12,2019_12,True,True,True,False,False,False,True,True,True,datasets\sen12_mt_urbanmapping\multimodal_cd_dataset\L15-0566E-1185N_2265_3451_13\s1\s1_L15-0566E-1185N_2265_3451_13_2019_12.tif,datasets\sen12_mt_urbanmapping\multimodal_cd_dataset\L15-0566E-1185N_2265_3451_13\s2\s2_L15-0566E-1185N_2265_3451_13_2019_12.tif,datasets\sen12_mt_urbanmapping\multimodal_cd_dataset\L15-0566E-1185N_2265_3451_13\buildings\buildings_L15-0566E-1185N_2265_3451_13_2019_12.tif
L15-0566E-1185N_2265_3451_13,2020,1,2020_01,True,True,True,False,False,False,True,True,True,datasets\sen12_mt_urbanmapping\multimodal_cd_dataset\L15-0566E-1185N_2265_3451_13\s1\s1_L15-0566E-1185N_2265_3451_13_2020_01.tif,datasets\sen12_mt_urbanmapping\multimodal_cd_dataset\L15-0566E-1185N_2265_3451_13\s2\s2_L15-0566E-1185N_2265_3451_13_2020_01.tif,datasets\sen12_mt_urbanmapping\multimodal_cd_dataset\L15-0566E-1185N_2265_3451_13\buildings\buildings_L15-0566E-1185N_2265_3451_13_2020_01.tif
L15-0571E-1075N_2287_3888_13,2018,1,2018_01,True,False,True,True,False,True,True,True,True,datasets\sen12_mt_urbanmapping\multimodal_cd_dataset\L15-0571E-1075N_2287_3888_13\s1\s1_L15-0571E-1075N_2287_3888_13_2018_01.tif,datasets\sen12_mt_urbanmapping\multimodal_cd_dataset\L15-0571E-1075N_2287_3888_13\s2\s2_L15-0571E-1075N_2287_3888_13_2018_01.tif,datasets\sen12_mt_urbanmapping\multimodal_cd_dataset\L15-0571E-1075N_2287_3888_13\buildings\buildings_L15-0571E-1075N_2287_3888_13_2018_01.tif
L15-0571E-1075N_2287_3888_13,2018,2,2018_02,True,False,True,False,False,True,True,True,True,datasets\sen12_mt_urbanmapping\multimodal_cd_dataset\L15-0571E-1075N_2287_3888_13\s1\s1_L15-0571E-1075N_2287_3888_13_2018_02.tif,datasets\sen12_mt_urbanmapping\multimodal_cd_dataset\L15-0571E-1075N_2287_3888_13\s2\s2_L15-0571E-1075N_2287_3888_13_2018_02.tif,datasets\sen12_mt_urbanmapping\multimodal_cd_dataset\L15-0571E-1075N_2287_3888_13\buildings\buildings_L15-0571E-1075N_2287_3888_13_2018_02.tif
L15-0571E-1075N_2287_3888_13,2018,3,2018_03,True,False,True,False,False,True,True,True,True,datasets\sen12_mt_urbanmapping\multimodal_cd_dataset\L15-0571E-1075N_2287_3888_13\s1\s1_L15-0571E-1075N_2287_3888_13_2018_03.tif,datasets\sen12_mt_urbanmapping\multimodal_cd_dataset\L15-0571E-1075N_2287_3888_13\s2\s2_L15-0571E-1075N_2287_3888_13_2018_03.tif,datasets\sen12_mt_urbanmapping\multimodal_cd_dataset\L15-0571E-1075N_2287_3888_13\buildings\buildings_L15-0571E-1075N_2287_3888_13_2018_03.tif
L15-0571E-1075N_2287_3888_13,2018,4,2018_04,True,False,True,True,False,True,True,True,True,datasets\sen12_mt_urbanmapping\multimodal_cd_dataset\L15-0571E-1075N_2287_3888_13\s1\s1_L15-0571E-1075N_2287_3888_13_2018_04.tif,datasets\sen12_mt_urbanmapping\multimodal_cd_dataset\L15-0571E-1075N_2287_3888_13\s2\s2_L15-0571E-1075N_2287_3888_13_2018_04.tif,datasets\sen12_mt_urbanmapping\multimodal_cd_dataset\L15-0571E-1075N_2287_3888_13\buildings\buildings_L15-0571E-1075N_2287_3888_13_2018_04.tif
L15-0571E-1075N_2287_3888_13,2018,7,2018_07,True,False,True,True,False,True,True,True,True,datasets\sen12_mt_urbanmapping\multimodal_cd_dataset\L15-0571E-1075N_2287_3888_13\s1\s1_L15-0571E-1075N_2287_3888_13_2018_07.tif,datasets\sen12_mt_urbanmapping\multimodal_cd_dataset\L15-0571E-1075N_2287_3888_13\s2\s2_L15-0571E-1075N_2287_3888_13_2018_07.tif,datasets\sen12_mt_urbanmapping\multimodal_cd_dataset\L15-0571E-1075N_2287_3888_13\buildings\buildings_L15-0571E-1075N_2287_3888_13_2018_07.tif
L15-0571E-1075N_2287_3888_13,2018,8,2018_08,True,False,True,True,False,True,True,True,True,datasets\sen12_mt_urbanmapping\multimodal_cd_dataset\L15-0571E-1075N_2287_3888_13\s1\s1_L15-0571E-1075N_2287_3888_13_2018_08.tif,datasets\sen12_mt_urbanmapping\multimodal_cd_dataset\L15-0571E-1075N_2287_3888_13\s2\s2_L15-0571E-1075N_2287_3888_13_2018_08.tif,datasets\sen12_mt_urbanmapping\multimodal_cd_dataset\L15-0571E-1075N_2287_3888_13\buildings\buildings_L15-0571E-1075N_2287_3888_13_2018_08.tif
L15-0571E-1075N_2287_3888_13,2018,9,2018_09,True,False,True,True,False,True,True,True,True,datasets\sen12_mt_urbanmapping\multimodal_cd_dataset\L15-0571E-1075N_2287_3888_13\s1\s1_L15-0571E-1075N_2287_3888_13_2018_09.tif,datasets\sen12_mt_urbanmapping\multimodal_cd_dataset\L15-0571E-1075N_2287_3888_13\s2\s2_L15-0571E-1075N_2287_3888_13_2018_09.tif,datasets\sen12_mt_urbanmapping\multimodal_cd_dataset\L15-0571E-1075N_2287_3888_13\buildings\buildings_L15-0571E-1075N_2287_3888_13_2018_09.tif
L15-0571E-1075N_2287_3888_13,2018,10,2018_10,True,False,True,True,False,True,True,True,True,datasets\sen12_mt_urbanmapping\multimodal_cd_dataset\L15-0571E-1075N_2287_3888_13\s1\s1_L15-0571E-1075N_2287_3888_13_2018_10.tif,datasets\sen12_mt_urbanmapping\multimodal_cd_dataset\L15-0571E-1075N_2287_3888_13\s2\s2_L15-0571E-1075N_2287_3888_13_2018_10.tif,datasets\sen12_mt_urbanmapping\multimodal_cd_dataset\L15-0571E-1075N_2287_3888_13\buildings\buildings_L15-0571E-1075N_2287_3888_13_2018_10.tif
L15-0571E-1075N_2287_3888_13,2018,11,2018_11,True,False,True,True,False,True,True,True,True,datasets\sen12_mt_urbanmapping\multimodal_cd_dataset\L15-0571E-1075N_2287_3888_13\s1\s1_L15-0571E-1075N_2287_3888_13_2018_11.tif,datasets\sen12_mt_urbanmapping\multimodal_cd_dataset\L15-0571E-1075N_2287_3888_13\s2\s2_L15-0571E-1075N_2287_3888_13_2018_11.tif,datasets\sen12_mt_urbanmapping\multimodal_cd_dataset\L15-0571E-1075N_2287_3888_13\buildings\buildings_L15-0571E-1075N_2287_3888_13_2018_11.tif
L15-0571E-1075N_2287_3888_13,2018,12,2018_12,True,True,True,True,False,False,True,True,True,datasets\sen12_mt_urbanmapping\multimodal_cd_dataset\L15-0571E-1075N_2287_3888_13\s1\s1_L15-0571E-1075N_2287_3888_13_2018_12.tif,datasets\sen12_mt_urbanmapping\multimodal_cd_dataset\L15-0571E-1075N_2287_3888_13\s2\s2_L15-0571E-1075N_2287_3888_13_2018_12.tif,datasets\sen12_mt_urbanmapping\multimodal_cd_dataset\L15-0571E-1075N_2287_3888_13\buildings\buildings_L15-0571E-1075N_2287_3888_13_2018_12.tif
L15-0571E-1075N_2287_3888_13,2019,1,2019_01,True,True,True,False,False,False,True,True,True,datasets\sen12_mt_urbanmapping\multimodal_cd_dataset\L15-0571E-1075N_2287_3888_13\s1\s1_L15-0571E-1075N_2287_3888_13_2019_01.tif,datasets\sen12_mt_urbanmapping\multimodal_cd_dataset\L15-0571E-1075N_2287_3888_13\s2\s2_L15-0571E-1075N_2287_3888_13_2019_01.tif,datasets\sen12_mt_urbanmapping\multimodal_cd_dataset\L15-0571E-1075N_2287_3888_13\buildings\buildings_L15-0571E-1075N_2287_3888_13_2019_01.tif
L15-0571E-1075N_2287_3888_13,2019,2,2019_02,True,False,True,True,False,True,True,True,True,datasets\sen12_mt_urbanmapping\multimodal_cd_dataset\L15-0571E-1075N_2287_3888_13\s1\s1_L15-0571E-1075N_2287_3888_13_2019_02.tif,datasets\sen12_mt_urbanmapping\multimodal_cd_dataset\L15-0571E-1075N_2287_3888_13\s2\s2_L15-0571E-1075N_2287_3888_13_2019_02.tif,datasets\sen12_mt_urbanmapping\multimodal_cd_dataset\L15-0571E-1075N_2287_3888_13\buildings\buildings_L15-0571E-1075N_2287_3888_13_2019_02.tif
L15-0571E-1075N_2287_3888_13,2019,3,2019_03,True,True,True,True,False,False,True,True,True,datasets\sen12_mt_urbanmapping\multimodal_cd_dataset\L15-0571E-1075N_2287_3888_13\s1\s1_L15-0571E-1075N_2287_3888_13_2019_03.tif,datasets\sen12_mt_urbanmapping\multimodal_cd_dataset\L15-0571E-1075N_2287_3888_13\s2\s2_L15-0571E-1075N_2287_3888_13_2019_03.tif,datasets\sen12_mt_urbanmapping\multimodal_cd_dataset\L15-0571E-1075N_2287_3888_13\buildings\buildings_L15-0571E-1075N_2287_3888_13_2019_03.tif
L15-0571E-1075N_2287_3888_13,2019,4,2019_04,True,False,True,True,False,True,True,True,True,datasets\sen12_mt_urbanmapping\multimodal_cd_dataset\L15-0571E-1075N_2287_3888_13\s1\s1_L15-0571E-1075N_2287_3888_13_2019_04.tif,datasets\sen12_mt_urbanmapping\multimodal_cd_dataset\L15-0571E-1075N_2287_3888_13\s2\s2_L15-0571E-1075N_2287_3888_13_2019_04.tif,datasets\sen12_mt_urbanmapping\multimodal_cd_dataset\L15-0571E-1075N_2287_3888_13\buildings\buildings_L15-0571E-1075N_2287_3888_13_2019_04.tif
L15-0571E-1075N_2287_3888_13,2019,5,2019_05,True,False,True,True,False,True,True,True,True,datasets\sen12_mt_urbanmapping\multimodal_cd_dataset\L15-0571E-1075N_2287_3888_13\s1\s1_L15-0571E-1075N_2287_3888_13_2019_05.tif,datasets\sen12_mt_urbanmapping\multimodal_cd_dataset\L15-0571E-1075N_2287_3888_13\s2\s2_L15-0571E-1075N_2287_3888_13_2019_05.tif,datasets\sen12_mt_urbanmapping\multimodal_cd_dataset\L15-0571E-1075N_2287_3888_13\buildings\buildings_L15-0571E-1075N_2287_3888_13_2019_05.tif
L15-0571E-1075N_2287_3888_13,2019,6,2019_06,True,False,True,True,False,True,True,True,True,datasets\sen12_mt_urbanmapping\multimodal_cd_dataset\L15-0571E-1075N_2287_3888_13\s1\s1_L15-0571E-1075N_2287_3888_13_2019_06.tif,datasets\sen12_mt_urbanmapping\multimodal_cd_dataset\L15-0571E-1075N_2287_3888_13\s2\s2_L15-0571E-1075N_2287_3888_13_2019_06.tif,datasets\sen12_mt_urbanmapping\multimodal_cd_dataset\L15-0571E-1075N_2287_3888_13\buildings\buildings_L15-0571E-1075N_2287_3888_13_2019_06.tif
L15-0571E-1075N_2287_3888_13,2019,8,2019_08,True,False,True,True,False,True,True,True,True,datasets\sen12_mt_urbanmapping\multimodal_cd_dataset\L15-0571E-1075N_2287_3888_13\s1\s1_L15-0571E-1075N_2287_3888_13_2019_08.tif,datasets\sen12_mt_urbanmapping\multimodal_cd_dataset\L15-0571E-1075N_2287_3888_13\s2\s2_L15-0571E-1075N_2287_3888_13_2019_08.tif,datasets\sen12_mt_urbanmapping\multimodal_cd_dataset\L15-0571E-1075N_2287_3888_13\buildings\buildings_L15-0571E-1075N_2287_3888_13_2019_08.tif
L15-0571E-1075N_2287_3888_13,2019,9,2019_09,True,False,True,True,False,True,True,True,True,datasets\sen12_mt_urbanmapping\multimodal_cd_dataset\L15-0571E-1075N_2287_3888_13\s1\s1_L15-0571E-1075N_2287_3888_13_2019_09.tif,datasets\sen12_mt_urbanmapping\multimodal_cd_dataset\L15-0571E-1075N_2287_3888_13\s2\s2_L15-0571E-1075N_2287_3888_13_2019_09.tif,datasets\sen12_mt_urbanmapping\multimodal_cd_dataset\L15-0571E-1075N_2287_3888_13\buildings\buildings_L15-0571E-1075N_2287_3888_13_2019_09.tif
L15-0571E-1075N_2287_3888_13,2019,11,2019_11,True,False,True,True,False,True,True,True,True,datasets\sen12_mt_urbanmapping\multimodal_cd_dataset\L15-0571E-1075N_2287_3888_13\s1\s1_L15-0571E-1075N_2287_3888_13_2019_11.tif,datasets\sen12_mt_urbanmapping\multimodal_cd_dataset\L15-0571E-1075N_2287_3888_13\s2\s2_L15-0571E-1075N_2287_3888_13_2019_11.tif,datasets\sen12_mt_urbanmapping\multimodal_cd_dataset\L15-0571E-1075N_2287_3888_13\buildings\buildings_L15-0571E-1075N_2287_3888_13_2019_11.tif
L15-0571E-1075N_2287_3888_13,2020,1,2020_01,True,False,True,True,False,True,True,True,True,datasets\sen12_mt_urbanmapping\multimodal_cd_dataset\L15-0571E-1075N_2287_3888_13\s1\s1_L15-0571E-1075N_2287_3888_13_2020_01.tif,datasets\sen12_mt_urbanmapping\multimodal_cd_dataset\L15-0571E-1075N_2287_3888_13\s2\s2_L15-0571E-1075N_2287_3888_13_2020_01.tif,datasets\sen12_mt_urbanmapping\multimodal_cd_dataset\L15-0571E-1075N_2287_3888_13\buildings\buildings_L15-0571E-1075N_2287_3888_13_2020_01.tif
L15-0577E-1243N_2309_3217_13,2018,2,2018_02,True,True,True,False,False,False,True,True,True,datasets\sen12_mt_urbanmapping\multimodal_cd_dataset\L15-0577E-1243N_2309_3217_13\s1\s1_L15-0577E-1243N_2309_3217_13_2018_02.tif,datasets\sen12_mt_urbanmapping\multimodal_cd_dataset\L15-0577E-1243N_2309_3217_13\s2\s2_L15-0577E-1243N_2309_3217_13_2018_02.tif,datasets\sen12_mt_urbanmapping\multimodal_cd_dataset\L15-0577E-1243N_2309_3217_13\buildings\buildings_L15-0577E-1243N_2309_3217_13_2018_02.tif
L15-0577E-1243N_2309_3217_13,2018,4,2018_04,True,True,True,False,False,False,True,True,True,datasets\sen12_mt_urbanmapping\multimodal_cd_dataset\L15-0577E-1243N_2309_3217_13\s1\s1_L15-0577E-1243N_2309_3217_13_2018_04.tif,datasets\sen12_mt_urbanmapping\multimodal_cd_dataset\L15-0577E-1243N_2309_3217_13\s2\s2_L15-0577E-1243N_2309_3217_13_2018_04.tif,datasets\sen12_mt_urbanmapping\multimodal_cd_dataset\L15-0577E-1243N_2309_3217_13\buildings\buildings_L15-0577E-1243N_2309_3217_13_2018_04.tif
L15-0577E-1243N_2309_3217_13,2018,5,2018_05,True,True,True,False,False,False,True,True,True,datasets\sen12_mt_urbanmapping\multimodal_cd_dataset\L15-0577E-1243N_2309_3217_13\s1\s1_L15-0577E-1243N_2309_3217_13_2018_05.tif,datasets\sen12_mt_urbanmapping\multimodal_cd_dataset\L15-0577E-1243N_2309_3217_13\s2\s2_L15-0577E-1243N_2309_3217_13_2018_05.tif,datasets\sen12_mt_urbanmapping\multimodal_cd_dataset\L15-0577E-1243N_2309_3217_13\buildings\buildings_L15-0577E-1243N_2309_3217_13_2018_05.tif
L15-0577E-1243N_2309_3217_13,2018,6,2018_06,True,False,True,False,False,True,True,True,True,datasets\sen12_mt_urbanmapping\multimodal_cd_dataset\L15-0577E-1243N_2309_3217_13\s1\s1_L15-0577E-1243N_2309_3217_13_2018_06.tif,datasets\sen12_mt_urbanmapping\multimodal_cd_dataset\L15-0577E-1243N_2309_3217_13\s2\s2_L15-0577E-1243N_2309_3217_13_2018_06.tif,datasets\sen12_mt_urbanmapping\multimodal_cd_dataset\L15-0577E-1243N_2309_3217_13\buildings\buildings_L15-0577E-1243N_2309_3217_13_2018_06.tif
L15-0577E-1243N_2309_3217_13,2018,7,2018_07,True,True,True,False,False,False,True,True,True,datasets\sen12_mt_urbanmapping\multimodal_cd_dataset\L15-0577E-1243N_2309_3217_13\s1\s1_L15-0577E-1243N_2309_3217_13_2018_07.tif,datasets\sen12_mt_urbanmapping\multimodal_cd_dataset\L15-0577E-1243N_2309_3217_13\s2\s2_L15-0577E-1243N_2309_3217_13_2018_07.tif,datasets\sen12_mt_urbanmapping\multimodal_cd_dataset\L15-0577E-1243N_2309_3217_13\buildings\buildings_L15-0577E-1243N_2309_3217_13_2018_07.tif
L15-0577E-1243N_2309_3217_13,2018,8,2018_08,True,False,True,False,False,True,True,True,True,datasets\sen12_mt_urbanmapping\multimodal_cd_dataset\L15-0577E-1243N_2309_3217_13\s1\s1_L15-0577E-1243N_2309_3217_13_2018_08.tif,datasets\sen12_mt_urbanmapping\multimodal_cd_dataset\L15-0577E-1243N_2309_3217_13\s2\s2_L15-0577E-1243N_2309_3217_13_2018_08.tif,datasets\sen12_mt_urbanmapping\multimodal_cd_dataset\L15-0577E-1243N_2309_3217_13\buildings\buildings_L15-0577E-1243N_2309_3217_13_2018_08.tif
L15-0577E-1243N_2309_3217_13,2018,9,2018_09,True,False,True,False,False,True,True,True,True,datasets\sen12_mt_urbanmapping\multimodal_cd_dataset\L15-0577E-1243N_2309_3217_13\s1\s1_L15-0577E-1243N_2309_3217_13_2018_09.tif,datasets\sen12_mt_urbanmapping\multimodal_cd_dataset\L15-0577E-1243N_2309_3217_13\s2\s2_L15-0577E-1243N_2309_3217_13_2018_09.tif,datasets\sen12_mt_urbanmapping\multimodal_cd_dataset\L15-0577E-1243N_2309_3217_13\buildings\buildings_L15-0577E-1243N_2309_3217_13_2018_09.tif
L15-0577E-1243N_2309_3217_13,2018,10,2018_10,True,True,True,False,False,False,True,True,True,datasets\sen12_mt_urbanmapping\multimodal_cd_dataset\L15-0577E-1243N_2309_3217_13\s1\s1_L15-0577E-1243N_2309_3217_13_2018_10.tif,datasets\sen12_mt_urbanmapping\multimodal_cd_dataset\L15-0577E-1243N_2309_3217_13\s2\s2_L15-0577E-1243N_2309_3217_13_2018_10.tif,datasets\sen12_mt_urbanmapping\multimodal_cd_dataset\L15-0577E-1243N_2309_3217_13\buildings\buildings_L15-0577E-1243N_2309_3217_13_2018_10.tif
L15-0577E-1243N_2309_3217_13,2018,11,2018_11,True,True,True,False,False,False,True,True,True,datasets\sen12_mt_urbanmapping\multimodal_cd_dataset\L15-0577E-1243N_2309_3217_13\s1\s1_L15-0577E-1243N_2309_3217_13_2018_11.tif,datasets\sen12_mt_urbanmapping\multimodal_cd_dataset\L15-0577E-1243N_2309_3217_13\s2\s2_L15-0577E-1243N_2309_3217_13_2018_11.tif,datasets\sen12_mt_urbanmapping\multimodal_cd_dataset\L15-0577E-1243N_2309_3217_13\buildings\buildings_L15-0577E-1243N_2309_3217_13_2018_11.tif
L15-0577E-1243N_2309_3217_13,2018,12,2018_12,True,True,True,False,False,False,True,True,True,datasets\sen12_mt_urbanmapping\multimodal_cd_dataset\L15-0577E-1243N_2309_3217_13\s1\s1_L15-0577E-1243N_2309_3217_13_2018_12.tif,datasets\sen12_mt_urbanmapping\multimodal_cd_dataset\L15-0577E-1243N_2309_3217_13\s2\s2_L15-0577E-1243N_2309_3217_13_2018_12.tif,datasets\sen12_mt_urbanmapping\multimodal_cd_dataset\L15-0577E-1243N_2309_3217_13\buildings\buildings_L15-0577E-1243N_2309_3217_13_2018_12.tif
L15-0577E-1243N_2309_3217_13,2019,1,2019_01,True,True,True,False,False,False,True,True,True,datasets\sen12_mt_urbanmapping\multimodal_cd_dataset\L15-0577E-1243N_2309_3217_13\s1\s1_L15-0577E-1243N_2309_3217_13_2019_01.tif,datasets\sen12_mt_urbanmapping\multimodal_cd_dataset\L15-0577E-1243N_2309_3217_13\s2\s2_L15-0577E-1243N_2309_3217_13_2019_01.tif,datasets\sen12_mt_urbanmapping\multimodal_cd_dataset\L15-0577E-1243N_2309_3217_13\buildings\buildings_L15-0577E-1243N_2309_3217_13_2019_01.tif
L15-0577E-1243N_2309_3217_13,2019,2,2019_02,True,True,True,False,False,False,True,True,True,datasets\sen12_mt_urbanmapping\multimodal_cd_dataset\L15-0577E-1243N_2309_3217_13\s1\s1_L15-0577E-1243N_2309_3217_13_2019_02.tif,datasets\sen12_mt_urbanmapping\multimodal_cd_dataset\L15-0577E-1243N_2309_3217_13\s2\s2_L15-0577E-1243N_2309_3217_13_2019_02.tif,datasets\sen12_mt_urbanmapping\multimodal_cd_dataset\L15-0577E-1243N_2309_3217_13\buildings\buildings_L15-0577E-1243N_2309_3217_13_2019_02.tif
L15-0577E-1243N_2309_3217_13,2019,3,2019_03,True,True,True,False,False,False,True,True,True,datasets\sen12_mt_urbanmapping\multimodal_cd_dataset\L15-0577E-1243N_2309_3217_13\s1\s1_L15-0577E-1243N_2309_3217_13_2019_03.tif,datasets\sen12_mt_urbanmapping\multimodal_cd_dataset\L15-0577E-1243N_2309_3217_13\s2\s2_L15-0577E-1243N_2309_3217_13_2019_03.tif,datasets\sen12_mt_urbanmapping\multimodal_cd_dataset\L15-0577E-1243N_2309_3217_13\buildings\buildings_L15-0577E-1243N_2309_3217_13_2019_03.tif
L15-0577E-1243N_2309_3217_13,2019,4,2019_04,True,True,True,False,False,False,True,True,True,datasets\sen12_mt_urbanmapping\multimodal_cd_dataset\L15-0577E-1243N_2309_3217_13\s1\s1_L15-0577E-1243N_2309_3217_13_2019_04.tif,datasets\sen12_mt_urbanmapping\multimodal_cd_dataset\L15-0577E-1243N_2309_3217_13\s2\s2_L15-0577E-1243N_2309_3217_13_2019_04.tif,datasets\sen12_mt_urbanmapping\multimodal_cd_dataset\L15-0577E-1243N_2309_3217_13\buildings\buildings_L15-0577E-1243N_2309_3217_13_2019_04.tif
L15-0577E-1243N_2309_3217_13,2019,5,2019_05,True,True,True,False,False,False,True,True,True,datasets\sen12_mt_urbanmapping\multimodal_cd_dataset\L15-0577E-1243N_2309_3217_13\s1\s1_L15-0577E-1243N_2309_3217_13_2019_05.tif,datasets\sen12_mt_urbanmapping\multimodal_cd_dataset\L15-0577E-1243N_2309_3217_13\s2\s2_L15-0577E-1243N_2309_3217_13_2019_05.tif,datasets\sen12_mt_urbanmapping\multimodal_cd_dataset\L15-0577E-1243N_2309_3217_13\buildings\buildings_L15-0577E-1243N_2309_3217_13_2019_05.tif
L15-0577E-1243N_2309_3217_13,2019,6,2019_06,True,True,True,False,False,False,True,True,True,datasets\sen12_mt_urbanmapping\multimodal_cd_dataset\L15-0577E-1243N_2309_3217_13\s1\s1_L15-0577E-1243N_2309_3217_13_2019_06.tif,datasets\sen12_mt_urbanmapping\multimodal_cd_dataset\L15-0577E-1243N_2309_3217_13\s2\s2_L15-0577E-1243N_2309_3217_13_2019_06.tif,datasets\sen12_mt_urbanmapping\multimodal_cd_dataset\L15-0577E-1243N_2309_3217_13\buildings\buildings_L15-0577E-1243N_2309_3217_13_2019_06.tif
L15-0577E-1243N_2309_3217_13,2019,7,2019_07,True,True,True,False,False,False,True,True,True,datasets\sen12_mt_urbanmapping\multimodal_cd_dataset\L15-0577E-1243N_2309_3217_13\s1\s1_L15-0577E-1243N_2309_3217_13_2019_07.tif,datasets\sen12_mt_urbanmapping\multimodal_cd_dataset\L15-0577E-1243N_2309_3217_13\s2\s2_L15-0577E-1243N_2309_3217_13_2019_07.tif,datasets\sen12_mt_urbanmapping\multimodal_cd_dataset\L15-0577E-1243N_2309_3217_13\buildings\buildings_L15-0577E-1243N_2309_3217_13_2019_07.tif
L15-0577E-1243N_2309_3217_13,2019,8,2019_08,True,True,True,False,False,False,True,True,True,datasets\sen12_mt_urbanmapping\multimodal_cd_dataset\L15-0577E-1243N_2309_3217_13\s1\s1_L15-0577E-1243N_2309_3217_13_2019_08.tif,datasets\sen12_mt_urbanmapping\multimodal_cd_dataset\L15-0577E-1243N_2309_3217_13\s2\s2_L15-0577E-1243N_2309_3217_13_2019_08.tif,datasets\sen12_mt_urbanmapping\multimodal_cd_dataset\L15-0577E-1243N_2309_3217_13\buildings\buildings_L15-0577E-1243N_2309_3217_13_2019_08.tif
L15-0577E-1243N_2309_3217_13,2019,9,2019_09,True,True,True,False,False,False,True,True,True,datasets\sen12_mt_urbanmapping\multimodal_cd_dataset\L15-0577E-1243N_2309_3217_13\s1\s1_L15-0577E-1243N_2309_3217_13_2019_09.tif,datasets\sen12_mt_urbanmapping\multimodal_cd_dataset\L15-0577E-1243N_2309_3217_13\s2\s2_L15-0577E-1243N_2309_3217_13_2019_09.tif,datasets\sen12_mt_urbanmapping\multimodal_cd_dataset\L15-0577E-1243N_2309_3217_13\buildings\buildings_L15-0577E-1243N_2309_3217_13_2019_09.tif
L15-0577E-1243N_2309_3217_13,2019,10,2019_10,True,True,True,False,False,False,True,True,True,datasets\sen12_mt_urbanmapping\multimodal_cd_dataset\L15-0577E-1243N_2309_3217_13\s1\s1_L15-0577E-1243N_2309_3217_13_2019_10.tif,datasets\sen12_mt_urbanmapping\multimodal_cd_dataset\L15-0577E-1243N_2309_3217_13\s2\s2_L15-0577E-1243N_2309_3217_13_2019_10.tif,datasets\sen12_mt_urbanmapping\multimodal_cd_dataset\L15-0577E-1243N_2309_3217_13\buildings\buildings_L15-0577E-1243N_2309_3217_13_2019_10.tif
L15-0577E-1243N_2309_3217_13,2019,11,2019_11,True,True,True,False,False,False,True,True,True,datasets\sen12_mt_urbanmapping\multimodal_cd_dataset\L15-0577E-1243N_2309_3217_13\s1\s1_L15-0577E-1243N_2309_3217_13_2019_11.tif,datasets\sen12_mt_urbanmapping\multimodal_cd_dataset\L15-0577E-1243N_2309_3217_13\s2\s2_L15-0577E-1243N_2309_3217_13_2019_11.tif,datasets\sen12_mt_urbanmapping\multimodal_cd_dataset\L15-0577E-1243N_2309_3217_13\buildings\buildings_L15-0577E-1243N_2309_3217_13_2019_11.tif
L15-0586E-1127N_2345_3680_13,2018,1,2018_01,True,False,True,False,False,True,True,True,True,datasets\sen12_mt_urbanmapping\multimodal_cd_dataset\L15-0586E-1127N_2345_3680_13\s1\s1_L15-0586E-1127N_2345_3680_13_2018_01.tif,datasets\sen12_mt_urbanmapping\multimodal_cd_dataset\L15-0586E-1127N_2345_3680_13\s2\s2_L15-0586E-1127N_2345_3680_13_2018_01.tif,datasets\sen12_mt_urbanmapping\multimodal_cd_dataset\L15-0586E-1127N_2345_3680_13\buildings\buildings_L15-0586E-1127N_2345_3680_13_2018_01.tif
L15-0586E-1127N_2345_3680_13,2018,2,2018_02,True,False,True,False,False,True,True,True,True,datasets\sen12_mt_urbanmapping\multimodal_cd_dataset\L15-0586E-1127N_2345_3680_13\s1\s1_L15-0586E-1127N_2345_3680_13_2018_02.tif,datasets\sen12_mt_urbanmapping\multimodal_cd_dataset\L15-0586E-1127N_2345_3680_13\s2\s2_L15-0586E-1127N_2345_3680_13_2018_02.tif,datasets\sen12_mt_urbanmapping\multimodal_cd_dataset\L15-0586E-1127N_2345_3680_13\buildings\buildings_L15-0586E-1127N_2345_3680_13_2018_02.tif
L15-0586E-1127N_2345_3680_13,2018,3,2018_03,True,False,True,False,False,True,True,True,True,datasets\sen12_mt_urbanmapping\multimodal_cd_dataset\L15-0586E-1127N_2345_3680_13\s1\s1_L15-0586E-1127N_2345_3680_13_2018_03.tif,datasets\sen12_mt_urbanmapping\multimodal_cd_dataset\L15-0586E-1127N_2345_3680_13\s2\s2_L15-0586E-1127N_2345_3680_13_2018_03.tif,datasets\sen12_mt_urbanmapping\multimodal_cd_dataset\L15-0586E-1127N_2345_3680_13\buildings\buildings_L15-0586E-1127N_2345_3680_13_2018_03.tif
L15-0586E-1127N_2345_3680_13,2018,4,2018_04,True,True,True,False,False,False,True,True,True,datasets\sen12_mt_urbanmapping\multimodal_cd_dataset\L15-0586E-1127N_2345_3680_13\s1\s1_L15-0586E-1127N_2345_3680_13_2018_04.tif,datasets\sen12_mt_urbanmapping\multimodal_cd_dataset\L15-0586E-1127N_2345_3680_13\s2\s2_L15-0586E-1127N_2345_3680_13_2018_04.tif,datasets\sen12_mt_urbanmapping\multimodal_cd_dataset\L15-0586E-1127N_2345_3680_13\buildings\buildings_L15-0586E-1127N_2345_3680_13_2018_04.tif
L15-0586E-1127N_2345_3680_13,2018,5,2018_05,True,True,True,False,False,False,True,True,True,datasets\sen12_mt_urbanmapping\multimodal_cd_dataset\L15-0586E-1127N_2345_3680_13\s1\s1_L15-0586E-1127N_2345_3680_13_2018_05.tif,datasets\sen12_mt_urbanmapping\multimodal_cd_dataset\L15-0586E-1127N_2345_3680_13\s2\s2_L15-0586E-1127N_2345_3680_13_2018_05.tif,datasets\sen12_mt_urbanmapping\multimodal_cd_dataset\L15-0586E-1127N_2345_3680_13\buildings\buildings_L15-0586E-1127N_2345_3680_13_2018_05.tif
L15-0586E-1127N_2345_3680_13,2018,6,2018_06,True,True,True,False,False,False,True,True,True,datasets\sen12_mt_urbanmapping\multimodal_cd_dataset\L15-0586E-1127N_2345_3680_13\s1\s1_L15-0586E-1127N_2345_3680_13_2018_06.tif,datasets\sen12_mt_urbanmapping\multimodal_cd_dataset\L15-0586E-1127N_2345_3680_13\s2\s2_L15-0586E-1127N_2345_3680_13_2018_06.tif,datasets\sen12_mt_urbanmapping\multimodal_cd_dataset\L15-0586E-1127N_2345_3680_13\buildings\buildings_L15-0586E-1127N_2345_3680_13_2018_06.tif
L15-0586E-1127N_2345_3680_13,2018,7,2018_07,True,True,True,True,False,False,True,True,True,datasets\sen12_mt_urbanmapping\multimodal_cd_dataset\L15-0586E-1127N_2345_3680_13\s1\s1_L15-0586E-1127N_2345_3680_13_2018_07.tif,datasets\sen12_mt_urbanmapping\multimodal_cd_dataset\L15-0586E-1127N_2345_3680_13\s2\s2_L15-0586E-1127N_2345_3680_13_2018_07.tif,datasets\sen12_mt_urbanmapping\multimodal_cd_dataset\L15-0586E-1127N_2345_3680_13\buildings\buildings_L15-0586E-1127N_2345_3680_13_2018_07.tif
L15-0586E-1127N_2345_3680_13,2018,8,2018_08,True,True,True,False,False,False,True,True,True,datasets\sen12_mt_urbanmapping\multimodal_cd_dataset\L15-0586E-1127N_2345_3680_13\s1\s1_L15-0586E-1127N_2345_3680_13_2018_08.tif,datasets\sen12_mt_urbanmapping\multimodal_cd_dataset\L15-0586E-1127N_2345_3680_13\s2\s2_L15-0586E-1127N_2345_3680_13_2018_08.tif,datasets\sen12_mt_urbanmapping\multimodal_cd_dataset\L15-0586E-1127N_2345_3680_13\buildings\buildings_L15-0586E-1127N_2345_3680_13_2018_08.tif
L15-0586E-1127N_2345_3680_13,2018,9,2018_09,True,True,True,False,False,False,True,True,True,datasets\sen12_mt_urbanmapping\multimodal_cd_dataset\L15-0586E-1127N_2345_3680_13\s1\s1_L15-0586E-1127N_2345_3680_13_2018_09.tif,datasets\sen12_mt_urbanmapping\multimodal_cd_dataset\L15-0586E-1127N_2345_3680_13\s2\s2_L15-0586E-1127N_2345_3680_13_2018_09.tif,datasets\sen12_mt_urbanmapping\multimodal_cd_dataset\L15-0586E-1127N_2345_3680_13\buildings\buildings_L15-0586E-1127N_2345_3680_13_2018_09.tif
L15-0586E-1127N_2345_3680_13,2018,10,2018_10,True,False,True,True,False,True,True,True,True,datasets\sen12_mt_urbanmapping\multimodal_cd_dataset\L15-0586E-1127N_2345_3680_13\s1\s1_L15-0586E-1127N_2345_3680_13_2018_10.tif,datasets\sen12_mt_urbanmapping\multimodal_cd_dataset\L15-0586E-1127N_2345_3680_13\s2\s2_L15-0586E-1127N_2345_3680_13_2018_10.tif,datasets\sen12_mt_urbanmapping\multimodal_cd_dataset\L15-0586E-1127N_2345_3680_13\buildings\buildings_L15-0586E-1127N_2345_3680_13_2018_10.tif
L15-0586E-1127N_2345_3680_13,2018,11,2018_11,True,True,True,False,False,False,True,True,True,datasets\sen12_mt_urbanmapping\multimodal_cd_dataset\L15-0586E-1127N_2345_3680_13\s1\s1_L15-0586E-1127N_2345_3680_13_2018_11.tif,datasets\sen12_mt_urbanmapping\multimodal_cd_dataset\L15-0586E-1127N_2345_3680_13\s2\s2_L15-0586E-1127N_2345_3680_13_2018_11.tif,datasets\sen12_mt_urbanmapping\multimodal_cd_dataset\L15-0586E-1127N_2345_3680_13\buildings\buildings_L15-0586E-1127N_2345_3680_13_2018_11.tif
L15-0586E-1127N_2345_3680_13,2018,12,2018_12,True,True,True,False,False,False,True,True,True,datasets\sen12_mt_urbanmapping\multimodal_cd_dataset\L15-0586E-1127N_2345_3680_13\s1\s1_L15-0586E-1127N_2345_3680_13_2018_12.tif,datasets\sen12_mt_urbanmapping\multimodal_cd_dataset\L15-0586E-1127N_2345_3680_13\s2\s2_L15-0586E-1127N_2345_3680_13_2018_12.tif,datasets\sen12_mt_urbanmapping\multimodal_cd_dataset\L15-0586E-1127N_2345_3680_13\buildings\buildings_L15-0586E-1127N_2345_3680_13_2018_12.tif
L15-0586E-1127N_2345_3680_13,2019,1,2019_01,True,True,True,False,False,False,True,True,True,datasets\sen12_mt_urbanmapping\multimodal_cd_dataset\L15-0586E-1127N_2345_3680_13\s1\s1_L15-0586E-1127N_2345_3680_13_2019_01.tif,datasets\sen12_mt_urbanmapping\multimodal_cd_dataset\L15-0586E-1127N_2345_3680_13\s2\s2_L15-0586E-1127N_2345_3680_13_2019_01.tif,datasets\sen12_mt_urbanmapping\multimodal_cd_dataset\L15-0586E-1127N_2345_3680_13\buildings\buildings_L15-0586E-1127N_2345_3680_13_2019_01.tif
L15-0586E-1127N_2345_3680_13,2019,2,2019_02,True,True,True,False,False,False,True,True,True,datasets\sen12_mt_urbanmapping\multimodal_cd_dataset\L15-0586E-1127N_2345_3680_13\s1\s1_L15-0586E-1127N_2345_3680_13_2019_02.tif,datasets\sen12_mt_urbanmapping\multimodal_cd_dataset\L15-0586E-1127N_2345_3680_13\s2\s2_L15-0586E-1127N_2345_3680_13_2019_02.tif,datasets\sen12_mt_urbanmapping\multimodal_cd_dataset\L15-0586E-1127N_2345_3680_13\buildings\buildings_L15-0586E-1127N_2345_3680_13_2019_02.tif
L15-0586E-1127N_2345_3680_13,2019,3,2019_03,True,True,True,False,False,False,True,True,True,datasets\sen12_mt_urbanmapping\multimodal_cd_dataset\L15-0586E-1127N_2345_3680_13\s1\s1_L15-0586E-1127N_2345_3680_13_2019_03.tif,datasets\sen12_mt_urbanmapping\multimodal_cd_dataset\L15-0586E-1127N_2345_3680_13\s2\s2_L15-0586E-1127N_2345_3680_13_2019_03.tif,datasets\sen12_mt_urbanmapping\multimodal_cd_dataset\L15-0586E-1127N_2345_3680_13\buildings\buildings_L15-0586E-1127N_2345_3680_13_2019_03.tif
L15-0586E-1127N_2345_3680_13,2019,4,2019_04,True,True,True,False,False,False,True,True,True,datasets\sen12_mt_urbanmapping\multimodal_cd_dataset\L15-0586E-1127N_2345_3680_13\s1\s1_L15-0586E-1127N_2345_3680_13_2019_04.tif,datasets\sen12_mt_urbanmapping\multimodal_cd_dataset\L15-0586E-1127N_2345_3680_13\s2\s2_L15-0586E-1127N_2345_3680_13_2019_04.tif,datasets\sen12_mt_urbanmapping\multimodal_cd_dataset\L15-0586E-1127N_2345_3680_13\buildings\buildings_L15-0586E-1127N_2345_3680_13_2019_04.tif
L15-0586E-1127N_2345_3680_13,2019,5,2019_05,True,True,True,False,False,False,True,True,True,datasets\sen12_mt_urbanmapping\multimodal_cd_dataset\L15-0586E-1127N_2345_3680_13\s1\s1_L15-0586E-1127N_2345_3680_13_2019_05.tif,datasets\sen12_mt_urbanmapping\multimodal_cd_dataset\L15-0586E-1127N_2345_3680_13\s2\s2_L15-0586E-1127N_2345_3680_13_2019_05.tif,datasets\sen12_mt_urbanmapping\multimodal_cd_dataset\L15-0586E-1127N_2345_3680_13\buildings\buildings_L15-0586E-1127N_2345_3680_13_2019_05.tif
L15-0586E-1127N_2345_3680_13,2019,6,2019_06,True,True,True,False,False,False,True,True,True,datasets\sen12_mt_urbanmapping\multimodal_cd_dataset\L15-0586E-1127N_2345_3680_13\s1\s1_L15-0586E-1127N_2345_3680_13_2019_06.tif,datasets\sen12_mt_urbanmapping\multimodal_cd_dataset\L15-0586E-1127N_2345_3680_13\s2\s2_L15-0586E-1127N_2345_3680_13_2019_06.tif,datasets\sen12_mt_urbanmapping\multimodal_cd_dataset\L15-0586E-1127N_2345_3680_13\buildings\buildings_L15-0586E-1127N_2345_3680_13_2019_06.tif
L15-0586E-1127N_2345_3680_13,2019,7,2019_07,True,True,True,False,False,False,True,True,True,datasets\sen12_mt_urbanmapping\multimodal_cd_dataset\L15-0586E-1127N_2345_3680_13\s1\s1_L15-0586E-1127N_2345_3680_13_2019_07.tif,datasets\sen12_mt_urbanmapping\multimodal_cd_dataset\L15-0586E-1127N_2345_3680_13\s2\s2_L15-0586E-1127N_2345_3680_13_2019_07.tif,datasets\sen12_mt_urbanmapping\multimodal_cd_dataset\L15-0586E-1127N_2345_3680_13\buildings\buildings_L15-0586E-1127N_2345_3680_13_2019_07.tif
L15-0586E-1127N_2345_3680_13,2019,8,2019_08,True,True,True,True,False,False,True,True,True,datasets\sen12_mt_urbanmapping\multimodal_cd_dataset\L15-0586E-1127N_2345_3680_13\s1\s1_L15-0586E-1127N_2345_3680_13_2019_08.tif,datasets\sen12_mt_urbanmapping\multimodal_cd_dataset\L15-0586E-1127N_2345_3680_13\s2\s2_L15-0586E-1127N_2345_3680_13_2019_08.tif,datasets\sen12_mt_urbanmapping\multimodal_cd_dataset\L15-0586E-1127N_2345_3680_13\buildings\buildings_L15-0586E-1127N_2345_3680_13_2019_08.tif
L15-0586E-1127N_2345_3680_13,2019,9,2019_09,True,True,True,False,False,False,True,True,True,datasets\sen12_mt_urbanmapping\multimodal_cd_dataset\L15-0586E-1127N_2345_3680_13\s1\s1_L15-0586E-1127N_2345_3680_13_2019_09.tif,datasets\sen12_mt_urbanmapping\multimodal_cd_dataset\L15-0586E-1127N_2345_3680_13\s2\s2_L15-0586E-1127N_2345_3680_13_2019_09.tif,datasets\sen12_mt_urbanmapping\multimodal_cd_dataset\L15-0586E-1127N_2345_3680_13\buildings\buildings_L15-0586E-1127N_2345_3680_13_2019_09.tif
L15-0586E-1127N_2345_3680_13,2019,10,2019_10,True,True,True,False,False,False,True,True,True,datasets\sen12_mt_urbanmapping\multimodal_cd_dataset\L15-0586E-1127N_2345_3680_13\s1\s1_L15-0586E-1127N_2345_3680_13_2019_10.tif,datasets\sen12_mt_urbanmapping\multimodal_cd_dataset\L15-0586E-1127N_2345_3680_13\s2\s2_L15-0586E-1127N_2345_3680_13_2019_10.tif,datasets\sen12_mt_urbanmapping\multimodal_cd_dataset\L15-0586E-1127N_2345_3680_13\buildings\buildings_L15-0586E-1127N_2345_3680_13_2019_10.tif
L15-0586E-1127N_2345_3680_13,2019,11,2019_11,True,True,True,False,False,False,True,True,True,datasets\sen12_mt_urbanmapping\multimodal_cd_dataset\L15-0586E-1127N_2345_3680_13\s1\s1_L15-0586E-1127N_2345_3680_13_2019_11.tif,datasets\sen12_mt_urbanmapping\multimodal_cd_dataset\L15-0586E-1127N_2345_3680_13\s2\s2_L15-0586E-1127N_2345_3680_13_2019_11.tif,datasets\sen12_mt_urbanmapping\multimodal_cd_dataset\L15-0586E-1127N_2345_3680_13\buildings\buildings_L15-0586E-1127N_2345_3680_13_2019_11.tif
L15-0586E-1127N_2345_3680_13,2019,12,2019_12,True,True,True,True,False,False,True,True,True,datasets\sen12_mt_urbanmapping\multimodal_cd_dataset\L15-0586E-1127N_2345_3680_13\s1\s1_L15-0586E-1127N_2345_3680_13_2019_12.tif,datasets\sen12_mt_urbanmapping\multimodal_cd_dataset\L15-0586E-1127N_2345_3680_13\s2\s2_L15-0586E-1127N_2345_3680_13_2019_12.tif,datasets\sen12_mt_urbanmapping\multimodal_cd_dataset\L15-0586E-1127N_2345_3680_13\buildings\buildings_L15-0586E-1127N_2345_3680_13_2019_12.tif
L15-0586E-1127N_2345_3680_13,2020,1,2020_01,True,True,True,False,False,False,True,True,True,datasets\sen12_mt_urbanmapping\multimodal_cd_dataset\L15-0586E-1127N_2345_3680_13\s1\s1_L15-0586E-1127N_2345_3680_13_2020_01.tif,datasets\sen12_mt_urbanmapping\multimodal_cd_dataset\L15-0586E-1127N_2345_3680_13\s2\s2_L15-0586E-1127N_2345_3680_13_2020_01.tif,datasets\sen12_mt_urbanmapping\multimodal_cd_dataset\L15-0586E-1127N_2345_3680_13\buildings\buildings_L15-0586E-1127N_2345_3680_13_2020_01.tif
L15-0595E-1278N_2383_3079_13,2018,1,2018_01,True,False,True,False,False,True,True,True,True,datasets\sen12_mt_urbanmapping\multimodal_cd_dataset\L15-0595E-1278N_2383_3079_13\s1\s1_L15-0595E-1278N_2383_3079_13_2018_01.tif,datasets\sen12_mt_urbanmapping\multimodal_cd_dataset\L15-0595E-1278N_2383_3079_13\s2\s2_L15-0595E-1278N_2383_3079_13_2018_01.tif,datasets\sen12_mt_urbanmapping\multimodal_cd_dataset\L15-0595E-1278N_2383_3079_13\buildings\buildings_L15-0595E-1278N_2383_3079_13_2018_01.tif
L15-0595E-1278N_2383_3079_13,2018,2,2018_02,True,False,True,False,False,True,True,True,True,datasets\sen12_mt_urbanmapping\multimodal_cd_dataset\L15-0595E-1278N_2383_3079_13\s1\s1_L15-0595E-1278N_2383_3079_13_2018_02.tif,datasets\sen12_mt_urbanmapping\multimodal_cd_dataset\L15-0595E-1278N_2383_3079_13\s2\s2_L15-0595E-1278N_2383_3079_13_2018_02.tif,datasets\sen12_mt_urbanmapping\multimodal_cd_dataset\L15-0595E-1278N_2383_3079_13\buildings\buildings_L15-0595E-1278N_2383_3079_13_2018_02.tif
L15-0595E-1278N_2383_3079_13,2018,3,2018_03,True,False,True,False,False,True,True,True,True,datasets\sen12_mt_urbanmapping\multimodal_cd_dataset\L15-0595E-1278N_2383_3079_13\s1\s1_L15-0595E-1278N_2383_3079_13_2018_03.tif,datasets\sen12_mt_urbanmapping\multimodal_cd_dataset\L15-0595E-1278N_2383_3079_13\s2\s2_L15-0595E-1278N_2383_3079_13_2018_03.tif,datasets\sen12_mt_urbanmapping\multimodal_cd_dataset\L15-0595E-1278N_2383_3079_13\buildings\buildings_L15-0595E-1278N_2383_3079_13_2018_03.tif
L15-0595E-1278N_2383_3079_13,2018,4,2018_04,True,True,True,False,False,False,True,True,True,datasets\sen12_mt_urbanmapping\multimodal_cd_dataset\L15-0595E-1278N_2383_3079_13\s1\s1_L15-0595E-1278N_2383_3079_13_2018_04.tif,datasets\sen12_mt_urbanmapping\multimodal_cd_dataset\L15-0595E-1278N_2383_3079_13\s2\s2_L15-0595E-1278N_2383_3079_13_2018_04.tif,datasets\sen12_mt_urbanmapping\multimodal_cd_dataset\L15-0595E-1278N_2383_3079_13\buildings\buildings_L15-0595E-1278N_2383_3079_13_2018_04.tif
L15-0595E-1278N_2383_3079_13,2018,5,2018_05,True,True,True,False,False,False,True,True,True,datasets\sen12_mt_urbanmapping\multimodal_cd_dataset\L15-0595E-1278N_2383_3079_13\s1\s1_L15-0595E-1278N_2383_3079_13_2018_05.tif,datasets\sen12_mt_urbanmapping\multimodal_cd_dataset\L15-0595E-1278N_2383_3079_13\s2\s2_L15-0595E-1278N_2383_3079_13_2018_05.tif,datasets\sen12_mt_urbanmapping\multimodal_cd_dataset\L15-0595E-1278N_2383_3079_13\buildings\buildings_L15-0595E-1278N_2383_3079_13_2018_05.tif
L15-0595E-1278N_2383_3079_13,2018,6,2018_06,True,True,True,False,False,False,True,True,True,datasets\sen12_mt_urbanmapping\multimodal_cd_dataset\L15-0595E-1278N_2383_3079_13\s1\s1_L15-0595E-1278N_2383_3079_13_2018_06.tif,datasets\sen12_mt_urbanmapping\multimodal_cd_dataset\L15-0595E-1278N_2383_3079_13\s2\s2_L15-0595E-1278N_2383_3079_13_2018_06.tif,datasets\sen12_mt_urbanmapping\multimodal_cd_dataset\L15-0595E-1278N_2383_3079_13\buildings\buildings_L15-0595E-1278N_2383_3079_13_2018_06.tif
L15-0595E-1278N_2383_3079_13,2018,7,2018_07,True,True,True,False,False,False,True,True,True,datasets\sen12_mt_urbanmapping\multimodal_cd_dataset\L15-0595E-1278N_2383_3079_13\s1\s1_L15-0595E-1278N_2383_3079_13_2018_07.tif,datasets\sen12_mt_urbanmapping\multimodal_cd_dataset\L15-0595E-1278N_2383_3079_13\s2\s2_L15-0595E-1278N_2383_3079_13_2018_07.tif,datasets\sen12_mt_urbanmapping\multimodal_cd_dataset\L15-0595E-1278N_2383_3079_13\buildings\buildings_L15-0595E-1278N_2383_3079_13_2018_07.tif
L15-0595E-1278N_2383_3079_13,2018,8,2018_08,True,True,True,False,False,False,True,True,True,datasets\sen12_mt_urbanmapping\multimodal_cd_dataset\L15-0595E-1278N_2383_3079_13\s1\s1_L15-0595E-1278N_2383_3079_13_2018_08.tif,datasets\sen12_mt_urbanmapping\multimodal_cd_dataset\L15-0595E-1278N_2383_3079_13\s2\s2_L15-0595E-1278N_2383_3079_13_2018_08.tif,datasets\sen12_mt_urbanmapping\multimodal_cd_dataset\L15-0595E-1278N_2383_3079_13\buildings\buildings_L15-0595E-1278N_2383_3079_13_2018_08.tif
L15-0595E-1278N_2383_3079_13,2018,9,2018_09,True,True,True,False,False,False,True,True,True,datasets\sen12_mt_urbanmapping\multimodal_cd_dataset\L15-0595E-1278N_2383_3079_13\s1\s1_L15-0595E-1278N_2383_3079_13_2018_09.tif,datasets\sen12_mt_urbanmapping\multimodal_cd_dataset\L15-0595E-1278N_2383_3079_13\s2\s2_L15-0595E-1278N_2383_3079_13_2018_09.tif,datasets\sen12_mt_urbanmapping\multimodal_cd_dataset\L15-0595E-1278N_2383_3079_13\buildings\buildings_L15-0595E-1278N_2383_3079_13_2018_09.tif
L15-0595E-1278N_2383_3079_13,2018,10,2018_10,True,True,True,False,False,False,True,True,True,datasets\sen12_mt_urbanmapping\multimodal_cd_dataset\L15-0595E-1278N_2383_3079_13\s1\s1_L15-0595E-1278N_2383_3079_13_2018_10.tif,datasets\sen12_mt_urbanmapping\multimodal_cd_dataset\L15-0595E-1278N_2383_3079_13\s2\s2_L15-0595E-1278N_2383_3079_13_2018_10.tif,datasets\sen12_mt_urbanmapping\multimodal_cd_dataset\L15-0595E-1278N_2383_3079_13\buildings\buildings_L15-0595E-1278N_2383_3079_13_2018_10.tif
L15-0595E-1278N_2383_3079_13,2018,11,2018_11,True,True,True,False,False,False,True,True,True,datasets\sen12_mt_urbanmapping\multimodal_cd_dataset\L15-0595E-1278N_2383_3079_13\s1\s1_L15-0595E-1278N_2383_3079_13_2018_11.tif,datasets\sen12_mt_urbanmapping\multimodal_cd_dataset\L15-0595E-1278N_2383_3079_13\s2\s2_L15-0595E-1278N_2383_3079_13_2018_11.tif,datasets\sen12_mt_urbanmapping\multimodal_cd_dataset\L15-0595E-1278N_2383_3079_13\buildings\buildings_L15-0595E-1278N_2383_3079_13_2018_11.tif
L15-0595E-1278N_2383_3079_13,2018,12,2018_12,True,True,True,True,False,False,True,True,True,datasets\sen12_mt_urbanmapping\multimodal_cd_dataset\L15-0595E-1278N_2383_3079_13\s1\s1_L15-0595E-1278N_2383_3079_13_2018_12.tif,datasets\sen12_mt_urbanmapping\multimodal_cd_dataset\L15-0595E-1278N_2383_3079_13\s2\s2_L15-0595E-1278N_2383_3079_13_2018_12.tif,datasets\sen12_mt_urbanmapping\multimodal_cd_dataset\L15-0595E-1278N_2383_3079_13\buildings\buildings_L15-0595E-1278N_2383_3079_13_2018_12.tif
L15-0595E-1278N_2383_3079_13,2019,1,2019_01,True,True,True,False,False,False,True,True,True,datasets\sen12_mt_urbanmapping\multimodal_cd_dataset\L15-0595E-1278N_2383_3079_13\s1\s1_L15-0595E-1278N_2383_3079_13_2019_01.tif,datasets\sen12_mt_urbanmapping\multimodal_cd_dataset\L15-0595E-1278N_2383_3079_13\s2\s2_L15-0595E-1278N_2383_3079_13_2019_01.tif,datasets\sen12_mt_urbanmapping\multimodal_cd_dataset\L15-0595E-1278N_2383_3079_13\buildings\buildings_L15-0595E-1278N_2383_3079_13_2019_01.tif
L15-0595E-1278N_2383_3079_13,2019,2,2019_02,True,False,True,False,False,True,True,True,True,datasets\sen12_mt_urbanmapping\multimodal_cd_dataset\L15-0595E-1278N_2383_3079_13\s1\s1_L15-0595E-1278N_2383_3079_13_2019_02.tif,datasets\sen12_mt_urbanmapping\multimodal_cd_dataset\L15-0595E-1278N_2383_3079_13\s2\s2_L15-0595E-1278N_2383_3079_13_2019_02.tif,datasets\sen12_mt_urbanmapping\multimodal_cd_dataset\L15-0595E-1278N_2383_3079_13\buildings\buildings_L15-0595E-1278N_2383_3079_13_2019_02.tif
L15-0595E-1278N_2383_3079_13,2019,3,2019_03,True,False,True,False,False,True,True,True,True,datasets\sen12_mt_urbanmapping\multimodal_cd_dataset\L15-0595E-1278N_2383_3079_13\s1\s1_L15-0595E-1278N_2383_3079_13_2019_03.tif,datasets\sen12_mt_urbanmapping\multimodal_cd_dataset\L15-0595E-1278N_2383_3079_13\s2\s2_L15-0595E-1278N_2383_3079_13_2019_03.tif,datasets\sen12_mt_urbanmapping\multimodal_cd_dataset\L15-0595E-1278N_2383_3079_13\buildings\buildings_L15-0595E-1278N_2383_3079_13_2019_03.tif
L15-0595E-1278N_2383_3079_13,2019,4,2019_04,True,True,True,False,False,False,True,True,True,datasets\sen12_mt_urbanmapping\multimodal_cd_dataset\L15-0595E-1278N_2383_3079_13\s1\s1_L15-0595E-1278N_2383_3079_13_2019_04.tif,datasets\sen12_mt_urbanmapping\multimodal_cd_dataset\L15-0595E-1278N_2383_3079_13\s2\s2_L15-0595E-1278N_2383_3079_13_2019_04.tif,datasets\sen12_mt_urbanmapping\multimodal_cd_dataset\L15-0595E-1278N_2383_3079_13\buildings\buildings_L15-0595E-1278N_2383_3079_13_2019_04.tif
L15-0595E-1278N_2383_3079_13,2019,5,2019_05,True,True,True,False,False,False,True,True,True,datasets\sen12_mt_urbanmapping\multimodal_cd_dataset\L15-0595E-1278N_2383_3079_13\s1\s1_L15-0595E-1278N_2383_3079_13_2019_05.tif,datasets\sen12_mt_urbanmapping\multimodal_cd_dataset\L15-0595E-1278N_2383_3079_13\s2\s2_L15-0595E-1278N_2383_3079_13_2019_05.tif,datasets\sen12_mt_urbanmapping\multimodal_cd_dataset\L15-0595E-1278N_2383_3079_13\buildings\buildings_L15-0595E-1278N_2383_3079_13_2019_05.tif
L15-0595E-1278N_2383_3079_13,2019,6,2019_06,True,False,True,False,False,True,True,True,True,datasets\sen12_mt_urbanmapping\multimodal_cd_dataset\L15-0595E-1278N_2383_3079_13\s1\s1_L15-0595E-1278N_2383_3079_13_2019_06.tif,datasets\sen12_mt_urbanmapping\multimodal_cd_dataset\L15-0595E-1278N_2383_3079_13\s2\s2_L15-0595E-1278N_2383_3079_13_2019_06.tif,datasets\sen12_mt_urbanmapping\multimodal_cd_dataset\L15-0595E-1278N_2383_3079_13\buildings\buildings_L15-0595E-1278N_2383_3079_13_2019_06.tif
L15-0595E-1278N_2383_3079_13,2019,7,2019_07,True,True,True,False,False,False,True,True,True,datasets\sen12_mt_urbanmapping\multimodal_cd_dataset\L15-0595E-1278N_2383_3079_13\s1\s1_L15-0595E-1278N_2383_3079_13_2019_07.tif,datasets\sen12_mt_urbanmapping\multimodal_cd_dataset\L15-0595E-1278N_2383_3079_13\s2\s2_L15-0595E-1278N_2383_3079_13_2019_07.tif,datasets\sen12_mt_urbanmapping\multimodal_cd_dataset\L15-0595E-1278N_2383_3079_13\buildings\buildings_L15-0595E-1278N_2383_3079_13_2019_07.tif
L15-0595E-1278N_2383_3079_13,2019,8,2019_08,True,True,True,False,False,False,True,True,True,datasets\sen12_mt_urbanmapping\multimodal_cd_dataset\L15-0595E-1278N_2383_3079_13\s1\s1_L15-0595E-1278N_2383_3079_13_2019_08.tif,datasets\sen12_mt_urbanmapping\multimodal_cd_dataset\L15-0595E-1278N_2383_3079_13\s2\s2_L15-0595E-1278N_2383_3079_13_2019_08.tif,datasets\sen12_mt_urbanmapping\multimodal_cd_dataset\L15-0595E-1278N_2383_3079_13\buildings\buildings_L15-0595E-1278N_2383_3079_13_2019_08.tif
L15-0595E-1278N_2383_3079_13,2019,9,2019_09,True,True,True,False,False,False,True,True,True,datasets\sen12_mt_urbanmapping\multimodal_cd_dataset\L15-0595E-1278N_2383_3079_13\s1\s1_L15-0595E-1278N_2383_3079_13_2019_09.tif,datasets\sen12_mt_urbanmapping\multimodal_cd_dataset\L15-0595E-1278N_2383_3079_13\s2\s2_L15-0595E-1278N_2383_3079_13_2019_09.tif,datasets\sen12_mt_urbanmapping\multimodal_cd_dataset\L15-0595E-1278N_2383_3079_13\buildings\buildings_L15-0595E-1278N_2383_3079_13_2019_09.tif
L15-0595E-1278N_2383_3079_13,2019,10,2019_10,True,True,True,False,False,False,True,True,True,datasets\sen12_mt_urbanmapping\multimodal_cd_dataset\L15-0595E-1278N_2383_3079_13\s1\s1_L15-0595E-1278N_2383_3079_13_2019_10.tif,datasets\sen12_mt_urbanmapping\multimodal_cd_dataset\L15-0595E-1278N_2383_3079_13\s2\s2_L15-0595E-1278N_2383_3079_13_2019_10.tif,datasets\sen12_mt_urbanmapping\multimodal_cd_dataset\L15-0595E-1278N_2383_3079_13\buildings\buildings_L15-0595E-1278N_2383_3079_13_2019_10.tif
L15-0595E-1278N_2383_3079_13,2019,11,2019_11,True,True,True,False,False,False,True,True,True,datasets\sen12_mt_urbanmapping\multimodal_cd_dataset\L15-0595E-1278N_2383_3079_13\s1\s1_L15-0595E-1278N_2383_3079_13_2019_11.tif,datasets\sen12_mt_urbanmapping\multimodal_cd_dataset\L15-0595E-1278N_2383_3079_13\s2\s2_L15-0595E-1278N_2383_3079_13_2019_11.tif,datasets\sen12_mt_urbanmapping\multimodal_cd_dataset\L15-0595E-1278N_2383_3079_13\buildings\buildings_L15-0595E-1278N_2383_3079_13_2019_11.tif
L15-0595E-1278N_2383_3079_13,2019,12,2019_12,True,True,True,False,False,False,True,True,True,datasets\sen12_mt_urbanmapping\multimodal_cd_dataset\L15-0595E-1278N_2383_3079_13\s1\s1_L15-0595E-1278N_2383_3079_13_2019_12.tif,datasets\sen12_mt_urbanmapping\multimodal_cd_dataset\L15-0595E-1278N_2383_3079_13\s2\s2_L15-0595E-1278N_2383_3079_13_2019_12.tif,datasets\sen12_mt_urbanmapping\multimodal_cd_dataset\L15-0595E-1278N_2383_3079_13\buildings\buildings_L15-0595E-1278N_2383_3079_13_2019_12.tif
L15-0595E-1278N_2383_3079_13,2020,1,2020_01,True,False,True,False,False,True,True,True,True,datasets\sen12_mt_urbanmapping\multimodal_cd_dataset\L15-0595E-1278N_2383_3079_13\s1\s1_L15-0595E-1278N_2383_3079_13_2020_01.tif,datasets\sen12_mt_urbanmapping\multimodal_cd_dataset\L15-0595E-1278N_2383_3079_13\s2\s2_L15-0595E-1278N_2383_3079_13_2020_01.tif,datasets\sen12_mt_urbanmapping\multimodal_cd_dataset\L15-0595E-1278N_2383_3079_13\buildings\buildings_L15-0595E-1278N_2383_3079_13_2020_01.tif
L15-0614E-0946N_2459_4406_13,2018,3,2018_03,True,False,True,True,False,True,True,True,True,datasets\sen12_mt_urbanmapping\multimodal_cd_dataset\L15-0614E-0946N_2459_4406_13\s1\s1_L15-0614E-0946N_2459_4406_13_2018_03.tif,datasets\sen12_mt_urbanmapping\multimodal_cd_dataset\L15-0614E-0946N_2459_4406_13\s2\s2_L15-0614E-0946N_2459_4406_13_2018_03.tif,datasets\sen12_mt_urbanmapping\multimodal_cd_dataset\L15-0614E-0946N_2459_4406_13\buildings\buildings_L15-0614E-0946N_2459_4406_13_2018_03.tif
L15-0614E-0946N_2459_4406_13,2018,4,2018_04,True,False,True,True,False,True,True,True,True,datasets\sen12_mt_urbanmapping\multimodal_cd_dataset\L15-0614E-0946N_2459_4406_13\s1\s1_L15-0614E-0946N_2459_4406_13_2018_04.tif,datasets\sen12_mt_urbanmapping\multimodal_cd_dataset\L15-0614E-0946N_2459_4406_13\s2\s2_L15-0614E-0946N_2459_4406_13_2018_04.tif,datasets\sen12_mt_urbanmapping\multimodal_cd_dataset\L15-0614E-0946N_2459_4406_13\buildings\buildings_L15-0614E-0946N_2459_4406_13_2018_04.tif
L15-0614E-0946N_2459_4406_13,2018,5,2018_05,True,True,True,False,False,False,True,True,True,datasets\sen12_mt_urbanmapping\multimodal_cd_dataset\L15-0614E-0946N_2459_4406_13\s1\s1_L15-0614E-0946N_2459_4406_13_2018_05.tif,datasets\sen12_mt_urbanmapping\multimodal_cd_dataset\L15-0614E-0946N_2459_4406_13\s2\s2_L15-0614E-0946N_2459_4406_13_2018_05.tif,datasets\sen12_mt_urbanmapping\multimodal_cd_dataset\L15-0614E-0946N_2459_4406_13\buildings\buildings_L15-0614E-0946N_2459_4406_13_2018_05.tif
L15-0614E-0946N_2459_4406_13,2018,6,2018_06,True,True,True,False,False,False,True,True,True,datasets\sen12_mt_urbanmapping\multimodal_cd_dataset\L15-0614E-0946N_2459_4406_13\s1\s1_L15-0614E-0946N_2459_4406_13_2018_06.tif,datasets\sen12_mt_urbanmapping\multimodal_cd_dataset\L15-0614E-0946N_2459_4406_13\s2\s2_L15-0614E-0946N_2459_4406_13_2018_06.tif,datasets\sen12_mt_urbanmapping\multimodal_cd_dataset\L15-0614E-0946N_2459_4406_13\buildings\buildings_L15-0614E-0946N_2459_4406_13_2018_06.tif
L15-0614E-0946N_2459_4406_13,2018,7,2018_07,True,False,True,False,False,True,True,True,True,datasets\sen12_mt_urbanmapping\multimodal_cd_dataset\L15-0614E-0946N_2459_4406_13\s1\s1_L15-0614E-0946N_2459_4406_13_2018_07.tif,datasets\sen12_mt_urbanmapping\multimodal_cd_dataset\L15-0614E-0946N_2459_4406_13\s2\s2_L15-0614E-0946N_2459_4406_13_2018_07.tif,datasets\sen12_mt_urbanmapping\multimodal_cd_dataset\L15-0614E-0946N_2459_4406_13\buildings\buildings_L15-0614E-0946N_2459_4406_13_2018_07.tif
L15-0614E-0946N_2459_4406_13,2018,8,2018_08,True,False,True,False,False,True,True,True,True,datasets\sen12_mt_urbanmapping\multimodal_cd_dataset\L15-0614E-0946N_2459_4406_13\s1\s1_L15-0614E-0946N_2459_4406_13_2018_08.tif,datasets\sen12_mt_urbanmapping\multimodal_cd_dataset\L15-0614E-0946N_2459_4406_13\s2\s2_L15-0614E-0946N_2459_4406_13_2018_08.tif,datasets\sen12_mt_urbanmapping\multimodal_cd_dataset\L15-0614E-0946N_2459_4406_13\buildings\buildings_L15-0614E-0946N_2459_4406_13_2018_08.tif
L15-0614E-0946N_2459_4406_13,2018,9,2018_09,True,True,True,False,False,False,True,True,True,datasets\sen12_mt_urbanmapping\multimodal_cd_dataset\L15-0614E-0946N_2459_4406_13\s1\s1_L15-0614E-0946N_2459_4406_13_2018_09.tif,datasets\sen12_mt_urbanmapping\multimodal_cd_dataset\L15-0614E-0946N_2459_4406_13\s2\s2_L15-0614E-0946N_2459_4406_13_2018_09.tif,datasets\sen12_mt_urbanmapping\multimodal_cd_dataset\L15-0614E-0946N_2459_4406_13\buildings\buildings_L15-0614E-0946N_2459_4406_13_2018_09.tif
L15-0614E-0946N_2459_4406_13,2018,11,2018_11,True,False,True,True,False,True,True,True,True,datasets\sen12_mt_urbanmapping\multimodal_cd_dataset\L15-0614E-0946N_2459_4406_13\s1\s1_L15-0614E-0946N_2459_4406_13_2018_11.tif,datasets\sen12_mt_urbanmapping\multimodal_cd_dataset\L15-0614E-0946N_2459_4406_13\s2\s2_L15-0614E-0946N_2459_4406_13_2018_11.tif,datasets\sen12_mt_urbanmapping\multimodal_cd_dataset\L15-0614E-0946N_2459_4406_13\buildings\buildings_L15-0614E-0946N_2459_4406_13_2018_11.tif
L15-0614E-0946N_2459_4406_13,2018,12,2018_12,True,False,True,False,False,True,True,True,True,datasets\sen12_mt_urbanmapping\multimodal_cd_dataset\L15-0614E-0946N_2459_4406_13\s1\s1_L15-0614E-0946N_2459_4406_13_2018_12.tif,datasets\sen12_mt_urbanmapping\multimodal_cd_dataset\L15-0614E-0946N_2459_4406_13\s2\s2_L15-0614E-0946N_2459_4406_13_2018_12.tif,datasets\sen12_mt_urbanmapping\multimodal_cd_dataset\L15-0614E-0946N_2459_4406_13\buildings\buildings_L15-0614E-0946N_2459_4406_13_2018_12.tif
L15-0614E-0946N_2459_4406_13,2019,1,2019_01,True,False,True,True,False,True,True,True,True,datasets\sen12_mt_urbanmapping\multimodal_cd_dataset\L15-0614E-0946N_2459_4406_13\s1\s1_L15-0614E-0946N_2459_4406_13_2019_01.tif,datasets\sen12_mt_urbanmapping\multimodal_cd_dataset\L15-0614E-0946N_2459_4406_13\s2\s2_L15-0614E-0946N_2459_4406_13_2019_01.tif,datasets\sen12_mt_urbanmapping\multimodal_cd_dataset\L15-0614E-0946N_2459_4406_13\buildings\buildings_L15-0614E-0946N_2459_4406_13_2019_01.tif
L15-0614E-0946N_2459_4406_13,2019,2,2019_02,True,False,True,True,False,True,True,True,True,datasets\sen12_mt_urbanmapping\multimodal_cd_dataset\L15-0614E-0946N_2459_4406_13\s1\s1_L15-0614E-0946N_2459_4406_13_2019_02.tif,datasets\sen12_mt_urbanmapping\multimodal_cd_dataset\L15-0614E-0946N_2459_4406_13\s2\s2_L15-0614E-0946N_2459_4406_13_2019_02.tif,datasets\sen12_mt_urbanmapping\multimodal_cd_dataset\L15-0614E-0946N_2459_4406_13\buildings\buildings_L15-0614E-0946N_2459_4406_13_2019_02.tif
L15-0614E-0946N_2459_4406_13,2019,3,2019_03,True,False,True,True,False,True,True,True,True,datasets\sen12_mt_urbanmapping\multimodal_cd_dataset\L15-0614E-0946N_2459_4406_13\s1\s1_L15-0614E-0946N_2459_4406_13_2019_03.tif,datasets\sen12_mt_urbanmapping\multimodal_cd_dataset\L15-0614E-0946N_2459_4406_13\s2\s2_L15-0614E-0946N_2459_4406_13_2019_03.tif,datasets\sen12_mt_urbanmapping\multimodal_cd_dataset\L15-0614E-0946N_2459_4406_13\buildings\buildings_L15-0614E-0946N_2459_4406_13_2019_03.tif
L15-0614E-0946N_2459_4406_13,2019,4,2019_04,True,True,True,False,False,False,True,True,True,datasets\sen12_mt_urbanmapping\multimodal_cd_dataset\L15-0614E-0946N_2459_4406_13\s1\s1_L15-0614E-0946N_2459_4406_13_2019_04.tif,datasets\sen12_mt_urbanmapping\multimodal_cd_dataset\L15-0614E-0946N_2459_4406_13\s2\s2_L15-0614E-0946N_2459_4406_13_2019_04.tif,datasets\sen12_mt_urbanmapping\multimodal_cd_dataset\L15-0614E-0946N_2459_4406_13\buildings\buildings_L15-0614E-0946N_2459_4406_13_2019_04.tif
L15-0614E-0946N_2459_4406_13,2019,5,2019_05,True,True,True,False,False,False,True,True,True,datasets\sen12_mt_urbanmapping\multimodal_cd_dataset\L15-0614E-0946N_2459_4406_13\s1\s1_L15-0614E-0946N_2459_4406_13_2019_05.tif,datasets\sen12_mt_urbanmapping\multimodal_cd_dataset\L15-0614E-0946N_2459_4406_13\s2\s2_L15-0614E-0946N_2459_4406_13_2019_05.tif,datasets\sen12_mt_urbanmapping\multimodal_cd_dataset\L15-0614E-0946N_2459_4406_13\buildings\buildings_L15-0614E-0946N_2459_4406_13_2019_05.tif
L15-0614E-0946N_2459_4406_13,2019,6,2019_06,True,True,True,False,False,False,True,True,True,datasets\sen12_mt_urbanmapping\multimodal_cd_dataset\L15-0614E-0946N_2459_4406_13\s1\s1_L15-0614E-0946N_2459_4406_13_2019_06.tif,datasets\sen12_mt_urbanmapping\multimodal_cd_dataset\L15-0614E-0946N_2459_4406_13\s2\s2_L15-0614E-0946N_2459_4406_13_2019_06.tif,datasets\sen12_mt_urbanmapping\multimodal_cd_dataset\L15-0614E-0946N_2459_4406_13\buildings\buildings_L15-0614E-0946N_2459_4406_13_2019_06.tif
L15-0614E-0946N_2459_4406_13,2019,7,2019_07,True,True,True,False,False,False,True,True,True,datasets\sen12_mt_urbanmapping\multimodal_cd_dataset\L15-0614E-0946N_2459_4406_13\s1\s1_L15-0614E-0946N_2459_4406_13_2019_07.tif,datasets\sen12_mt_urbanmapping\multimodal_cd_dataset\L15-0614E-0946N_2459_4406_13\s2\s2_L15-0614E-0946N_2459_4406_13_2019_07.tif,datasets\sen12_mt_urbanmapping\multimodal_cd_dataset\L15-0614E-0946N_2459_4406_13\buildings\buildings_L15-0614E-0946N_2459_4406_13_2019_07.tif
L15-0614E-0946N_2459_4406_13,2019,8,2019_08,True,True,True,False,False,False,True,True,True,datasets\sen12_mt_urbanmapping\multimodal_cd_dataset\L15-0614E-0946N_2459_4406_13\s1\s1_L15-0614E-0946N_2459_4406_13_2019_08.tif,datasets\sen12_mt_urbanmapping\multimodal_cd_dataset\L15-0614E-0946N_2459_4406_13\s2\s2_L15-0614E-0946N_2459_4406_13_2019_08.tif,datasets\sen12_mt_urbanmapping\multimodal_cd_dataset\L15-0614E-0946N_2459_4406_13\buildings\buildings_L15-0614E-0946N_2459_4406_13_2019_08.tif
L15-0614E-0946N_2459_4406_13,2019,9,2019_09,True,True,True,False,False,False,True,True,True,datasets\sen12_mt_urbanmapping\multimodal_cd_dataset\L15-0614E-0946N_2459_4406_13\s1\s1_L15-0614E-0946N_2459_4406_13_2019_09.tif,datasets\sen12_mt_urbanmapping\multimodal_cd_dataset\L15-0614E-0946N_2459_4406_13\s2\s2_L15-0614E-0946N_2459_4406_13_2019_09.tif,datasets\sen12_mt_urbanmapping\multimodal_cd_dataset\L15-0614E-0946N_2459_4406_13\buildings\buildings_L15-0614E-0946N_2459_4406_13_2019_09.tif
L15-0614E-0946N_2459_4406_13,2019,10,2019_10,True,False,True,False,False,True,True,True,True,datasets\sen12_mt_urbanmapping\multimodal_cd_dataset\L15-0614E-0946N_2459_4406_13\s1\s1_L15-0614E-0946N_2459_4406_13_2019_10.tif,datasets\sen12_mt_urbanmapping\multimodal_cd_dataset\L15-0614E-0946N_2459_4406_13\s2\s2_L15-0614E-0946N_2459_4406_13_2019_10.tif,datasets\sen12_mt_urbanmapping\multimodal_cd_dataset\L15-0614E-0946N_2459_4406_13\buildings\buildings_L15-0614E-0946N_2459_4406_13_2019_10.tif
L15-0614E-0946N_2459_4406_13,2019,11,2019_11,True,False,True,True,False,True,True,True,True,datasets\sen12_mt_urbanmapping\multimodal_cd_dataset\L15-0614E-0946N_2459_4406_13\s1\s1_L15-0614E-0946N_2459_4406_13_2019_11.tif,datasets\sen12_mt_urbanmapping\multimodal_cd_dataset\L15-0614E-0946N_2459_4406_13\s2\s2_L15-0614E-0946N_2459_4406_13_2019_11.tif,datasets\sen12_mt_urbanmapping\multimodal_cd_dataset\L15-0614E-0946N_2459_4406_13\buildings\buildings_L15-0614E-0946N_2459_4406_13_2019_11.tif
L15-0614E-0946N_2459_4406_13,2020,1,2020_01,True,False,True,True,False,True,True,True,True,datasets\sen12_mt_urbanmapping\multimodal_cd_dataset\L15-0614E-0946N_2459_4406_13\s1\s1_L15-0614E-0946N_2459_4406_13_2020_01.tif,datasets\sen12_mt_urbanmapping\multimodal_cd_dataset\L15-0614E-0946N_2459_4406_13\s2\s2_L15-0614E-0946N_2459_4406_13_2020_01.tif,datasets\sen12_mt_urbanmapping\multimodal_cd_dataset\L15-0614E-0946N_2459_4406_13\buildings\buildings_L15-0614E-0946N_2459_4406_13_2020_01.tif
L15-0632E-0892N_2528_4620_13,2018,1,2018_01,True,True,True,False,False,False,True,True,True,datasets\sen12_mt_urbanmapping\multimodal_cd_dataset\L15-0632E-0892N_2528_4620_13\s1\s1_L15-0632E-0892N_2528_4620_13_2018_01.tif,datasets\sen12_mt_urbanmapping\multimodal_cd_dataset\L15-0632E-0892N_2528_4620_13\s2\s2_L15-0632E-0892N_2528_4620_13_2018_01.tif,datasets\sen12_mt_urbanmapping\multimodal_cd_dataset\L15-0632E-0892N_2528_4620_13\buildings\buildings_L15-0632E-0892N_2528_4620_13_2018_01.tif
L15-0632E-0892N_2528_4620_13,2018,2,2018_02,True,True,True,False,False,False,True,True,True,datasets\sen12_mt_urbanmapping\multimodal_cd_dataset\L15-0632E-0892N_2528_4620_13\s1\s1_L15-0632E-0892N_2528_4620_13_2018_02.tif,datasets\sen12_mt_urbanmapping\multimodal_cd_dataset\L15-0632E-0892N_2528_4620_13\s2\s2_L15-0632E-0892N_2528_4620_13_2018_02.tif,datasets\sen12_mt_urbanmapping\multimodal_cd_dataset\L15-0632E-0892N_2528_4620_13\buildings\buildings_L15-0632E-0892N_2528_4620_13_2018_02.tif
L15-0632E-0892N_2528_4620_13,2018,3,2018_03,True,True,True,False,False,False,True,True,True,datasets\sen12_mt_urbanmapping\multimodal_cd_dataset\L15-0632E-0892N_2528_4620_13\s1\s1_L15-0632E-0892N_2528_4620_13_2018_03.tif,datasets\sen12_mt_urbanmapping\multimodal_cd_dataset\L15-0632E-0892N_2528_4620_13\s2\s2_L15-0632E-0892N_2528_4620_13_2018_03.tif,datasets\sen12_mt_urbanmapping\multimodal_cd_dataset\L15-0632E-0892N_2528_4620_13\buildings\buildings_L15-0632E-0892N_2528_4620_13_2018_03.tif
L15-0632E-0892N_2528_4620_13,2018,4,2018_04,True,True,True,False,False,False,True,True,True,datasets\sen12_mt_urbanmapping\multimodal_cd_dataset\L15-0632E-0892N_2528_4620_13\s1\s1_L15-0632E-0892N_2528_4620_13_2018_04.tif,datasets\sen12_mt_urbanmapping\multimodal_cd_dataset\L15-0632E-0892N_2528_4620_13\s2\s2_L15-0632E-0892N_2528_4620_13_2018_04.tif,datasets\sen12_mt_urbanmapping\multimodal_cd_dataset\L15-0632E-0892N_2528_4620_13\buildings\buildings_L15-0632E-0892N_2528_4620_13_2018_04.tif
L15-0632E-0892N_2528_4620_13,2018,5,2018_05,True,True,True,False,False,False,True,True,True,datasets\sen12_mt_urbanmapping\multimodal_cd_dataset\L15-0632E-0892N_2528_4620_13\s1\s1_L15-0632E-0892N_2528_4620_13_2018_05.tif,datasets\sen12_mt_urbanmapping\multimodal_cd_dataset\L15-0632E-0892N_2528_4620_13\s2\s2_L15-0632E-0892N_2528_4620_13_2018_05.tif,datasets\sen12_mt_urbanmapping\multimodal_cd_dataset\L15-0632E-0892N_2528_4620_13\buildings\buildings_L15-0632E-0892N_2528_4620_13_2018_05.tif
L15-0632E-0892N_2528_4620_13,2018,6,2018_06,True,True,True,False,False,False,True,True,True,datasets\sen12_mt_urbanmapping\multimodal_cd_dataset\L15-0632E-0892N_2528_4620_13\s1\s1_L15-0632E-0892N_2528_4620_13_2018_06.tif,datasets\sen12_mt_urbanmapping\multimodal_cd_dataset\L15-0632E-0892N_2528_4620_13\s2\s2_L15-0632E-0892N_2528_4620_13_2018_06.tif,datasets\sen12_mt_urbanmapping\multimodal_cd_dataset\L15-0632E-0892N_2528_4620_13\buildings\buildings_L15-0632E-0892N_2528_4620_13_2018_06.tif
L15-0632E-0892N_2528_4620_13,2018,7,2018_07,True,True,True,False,False,False,True,True,True,datasets\sen12_mt_urbanmapping\multimodal_cd_dataset\L15-0632E-0892N_2528_4620_13\s1\s1_L15-0632E-0892N_2528_4620_13_2018_07.tif,datasets\sen12_mt_urbanmapping\multimodal_cd_dataset\L15-0632E-0892N_2528_4620_13\s2\s2_L15-0632E-0892N_2528_4620_13_2018_07.tif,datasets\sen12_mt_urbanmapping\multimodal_cd_dataset\L15-0632E-0892N_2528_4620_13\buildings\buildings_L15-0632E-0892N_2528_4620_13_2018_07.tif
L15-0632E-0892N_2528_4620_13,2018,8,2018_08,True,True,True,False,False,False,True,True,True,datasets\sen12_mt_urbanmapping\multimodal_cd_dataset\L15-0632E-0892N_2528_4620_13\s1\s1_L15-0632E-0892N_2528_4620_13_2018_08.tif,datasets\sen12_mt_urbanmapping\multimodal_cd_dataset\L15-0632E-0892N_2528_4620_13\s2\s2_L15-0632E-0892N_2528_4620_13_2018_08.tif,datasets\sen12_mt_urbanmapping\multimodal_cd_dataset\L15-0632E-0892N_2528_4620_13\buildings\buildings_L15-0632E-0892N_2528_4620_13_2018_08.tif
L15-0632E-0892N_2528_4620_13,2018,9,2018_09,True,True,True,False,False,False,True,True,True,datasets\sen12_mt_urbanmapping\multimodal_cd_dataset\L15-0632E-0892N_2528_4620_13\s1\s1_L15-0632E-0892N_2528_4620_13_2018_09.tif,datasets\sen12_mt_urbanmapping\multimodal_cd_dataset\L15-0632E-0892N_2528_4620_13\s2\s2_L15-0632E-0892N_2528_4620_13_2018_09.tif,datasets\sen12_mt_urbanmapping\multimodal_cd_dataset\L15-0632E-0892N_2528_4620_13\buildings\buildings_L15-0632E-0892N_2528_4620_13_2018_09.tif
L15-0632E-0892N_2528_4620_13,2018,10,2018_10,True,True,True,False,False,False,True,True,True,datasets\sen12_mt_urbanmapping\multimodal_cd_dataset\L15-0632E-0892N_2528_4620_13\s1\s1_L15-0632E-0892N_2528_4620_13_2018_10.tif,datasets\sen12_mt_urbanmapping\multimodal_cd_dataset\L15-0632E-0892N_2528_4620_13\s2\s2_L15-0632E-0892N_2528_4620_13_2018_10.tif,datasets\sen12_mt_urbanmapping\multimodal_cd_dataset\L15-0632E-0892N_2528_4620_13\buildings\buildings_L15-0632E-0892N_2528_4620_13_2018_10.tif
L15-0632E-0892N_2528_4620_13,2018,11,2018_11,True,True,True,False,False,False,True,True,True,datasets\sen12_mt_urbanmapping\multimodal_cd_dataset\L15-0632E-0892N_2528_4620_13\s1\s1_L15-0632E-0892N_2528_4620_13_2018_11.tif,datasets\sen12_mt_urbanmapping\multimodal_cd_dataset\L15-0632E-0892N_2528_4620_13\s2\s2_L15-0632E-0892N_2528_4620_13_2018_11.tif,datasets\sen12_mt_urbanmapping\multimodal_cd_dataset\L15-0632E-0892N_2528_4620_13\buildings\buildings_L15-0632E-0892N_2528_4620_13_2018_11.tif
L15-0632E-0892N_2528_4620_13,2018,12,2018_12,True,True,True,False,False,False,True,True,True,datasets\sen12_mt_urbanmapping\multimodal_cd_dataset\L15-0632E-0892N_2528_4620_13\s1\s1_L15-0632E-0892N_2528_4620_13_2018_12.tif,datasets\sen12_mt_urbanmapping\multimodal_cd_dataset\L15-0632E-0892N_2528_4620_13\s2\s2_L15-0632E-0892N_2528_4620_13_2018_12.tif,datasets\sen12_mt_urbanmapping\multimodal_cd_dataset\L15-0632E-0892N_2528_4620_13\buildings\buildings_L15-0632E-0892N_2528_4620_13_2018_12.tif
L15-0632E-0892N_2528_4620_13,2019,1,2019_01,True,True,True,False,False,False,True,True,True,datasets\sen12_mt_urbanmapping\multimodal_cd_dataset\L15-0632E-0892N_2528_4620_13\s1\s1_L15-0632E-0892N_2528_4620_13_2019_01.tif,datasets\sen12_mt_urbanmapping\multimodal_cd_dataset\L15-0632E-0892N_2528_4620_13\s2\s2_L15-0632E-0892N_2528_4620_13_2019_01.tif,datasets\sen12_mt_urbanmapping\multimodal_cd_dataset\L15-0632E-0892N_2528_4620_13\buildings\buildings_L15-0632E-0892N_2528_4620_13_2019_01.tif
L15-0632E-0892N_2528_4620_13,2019,2,2019_02,True,True,True,False,False,False,True,True,True,datasets\sen12_mt_urbanmapping\multimodal_cd_dataset\L15-0632E-0892N_2528_4620_13\s1\s1_L15-0632E-0892N_2528_4620_13_2019_02.tif,datasets\sen12_mt_urbanmapping\multimodal_cd_dataset\L15-0632E-0892N_2528_4620_13\s2\s2_L15-0632E-0892N_2528_4620_13_2019_02.tif,datasets\sen12_mt_urbanmapping\multimodal_cd_dataset\L15-0632E-0892N_2528_4620_13\buildings\buildings_L15-0632E-0892N_2528_4620_13_2019_02.tif
L15-0632E-0892N_2528_4620_13,2019,3,2019_03,True,True,True,False,False,False,True,True,True,datasets\sen12_mt_urbanmapping\multimodal_cd_dataset\L15-0632E-0892N_2528_4620_13\s1\s1_L15-0632E-0892N_2528_4620_13_2019_03.tif,datasets\sen12_mt_urbanmapping\multimodal_cd_dataset\L15-0632E-0892N_2528_4620_13\s2\s2_L15-0632E-0892N_2528_4620_13_2019_03.tif,datasets\sen12_mt_urbanmapping\multimodal_cd_dataset\L15-0632E-0892N_2528_4620_13\buildings\buildings_L15-0632E-0892N_2528_4620_13_2019_03.tif
L15-0632E-0892N_2528_4620_13,2019,4,2019_04,True,True,True,False,False,False,True,True,True,datasets\sen12_mt_urbanmapping\multimodal_cd_dataset\L15-0632E-0892N_2528_4620_13\s1\s1_L15-0632E-0892N_2528_4620_13_2019_04.tif,datasets\sen12_mt_urbanmapping\multimodal_cd_dataset\L15-0632E-0892N_2528_4620_13\s2\s2_L15-0632E-0892N_2528_4620_13_2019_04.tif,datasets\sen12_mt_urbanmapping\multimodal_cd_dataset\L15-0632E-0892N_2528_4620_13\buildings\buildings_L15-0632E-0892N_2528_4620_13_2019_04.tif
L15-0632E-0892N_2528_4620_13,2019,5,2019_05,True,True,True,False,False,False,True,True,True,datasets\sen12_mt_urbanmapping\multimodal_cd_dataset\L15-0632E-0892N_2528_4620_13\s1\s1_L15-0632E-0892N_2528_4620_13_2019_05.tif,datasets\sen12_mt_urbanmapping\multimodal_cd_dataset\L15-0632E-0892N_2528_4620_13\s2\s2_L15-0632E-0892N_2528_4620_13_2019_05.tif,datasets\sen12_mt_urbanmapping\multimodal_cd_dataset\L15-0632E-0892N_2528_4620_13\buildings\buildings_L15-0632E-0892N_2528_4620_13_2019_05.tif
L15-0632E-0892N_2528_4620_13,2019,6,2019_06,True,True,True,False,False,False,True,True,True,datasets\sen12_mt_urbanmapping\multimodal_cd_dataset\L15-0632E-0892N_2528_4620_13\s1\s1_L15-0632E-0892N_2528_4620_13_2019_06.tif,datasets\sen12_mt_urbanmapping\multimodal_cd_dataset\L15-0632E-0892N_2528_4620_13\s2\s2_L15-0632E-0892N_2528_4620_13_2019_06.tif,datasets\sen12_mt_urbanmapping\multimodal_cd_dataset\L15-0632E-0892N_2528_4620_13\buildings\buildings_L15-0632E-0892N_2528_4620_13_2019_06.tif
L15-0632E-0892N_2528_4620_13,2019,7,2019_07,True,True,True,False,False,False,True,True,True,datasets\sen12_mt_urbanmapping\multimodal_cd_dataset\L15-0632E-0892N_2528_4620_13\s1\s1_L15-0632E-0892N_2528_4620_13_2019_07.tif,datasets\sen12_mt_urbanmapping\multimodal_cd_dataset\L15-0632E-0892N_2528_4620_13\s2\s2_L15-0632E-0892N_2528_4620_13_2019_07.tif,datasets\sen12_mt_urbanmapping\multimodal_cd_dataset\L15-0632E-0892N_2528_4620_13\buildings\buildings_L15-0632E-0892N_2528_4620_13_2019_07.tif
L15-0632E-0892N_2528_4620_13,2019,8,2019_08,True,True,True,False,False,False,True,True,True,datasets\sen12_mt_urbanmapping\multimodal_cd_dataset\L15-0632E-0892N_2528_4620_13\s1\s1_L15-0632E-0892N_2528_4620_13_2019_08.tif,datasets\sen12_mt_urbanmapping\multimodal_cd_dataset\L15-0632E-0892N_2528_4620_13\s2\s2_L15-0632E-0892N_2528_4620_13_2019_08.tif,datasets\sen12_mt_urbanmapping\multimodal_cd_dataset\L15-0632E-0892N_2528_4620_13\buildings\buildings_L15-0632E-0892N_2528_4620_13_2019_08.tif
L15-0632E-0892N_2528_4620_13,2019,9,2019_09,True,True,True,False,False,False,True,True,True,datasets\sen12_mt_urbanmapping\multimodal_cd_dataset\L15-0632E-0892N_2528_4620_13\s1\s1_L15-0632E-0892N_2528_4620_13_2019_09.tif,datasets\sen12_mt_urbanmapping\multimodal_cd_dataset\L15-0632E-0892N_2528_4620_13\s2\s2_L15-0632E-0892N_2528_4620_13_2019_09.tif,datasets\sen12_mt_urbanmapping\multimodal_cd_dataset\L15-0632E-0892N_2528_4620_13\buildings\buildings_L15-0632E-0892N_2528_4620_13_2019_09.tif
L15-0632E-0892N_2528_4620_13,2019,10,2019_10,True,True,True,False,False,False,True,True,True,datasets\sen12_mt_urbanmapping\multimodal_cd_dataset\L15-0632E-0892N_2528_4620_13\s1\s1_L15-0632E-0892N_2528_4620_13_2019_10.tif,datasets\sen12_mt_urbanmapping\multimodal_cd_dataset\L15-0632E-0892N_2528_4620_13\s2\s2_L15-0632E-0892N_2528_4620_13_2019_10.tif,datasets\sen12_mt_urbanmapping\multimodal_cd_dataset\L15-0632E-0892N_2528_4620_13\buildings\buildings_L15-0632E-0892N_2528_4620_13_2019_10.tif
L15-0632E-0892N_2528_4620_13,2019,11,2019_11,True,True,True,False,False,False,True,True,True,datasets\sen12_mt_urbanmapping\multimodal_cd_dataset\L15-0632E-0892N_2528_4620_13\s1\s1_L15-0632E-0892N_2528_4620_13_2019_11.tif,datasets\sen12_mt_urbanmapping\multimodal_cd_dataset\L15-0632E-0892N_2528_4620_13\s2\s2_L15-0632E-0892N_2528_4620_13_2019_11.tif,datasets\sen12_mt_urbanmapping\multimodal_cd_dataset\L15-0632E-0892N_2528_4620_13\buildings\buildings_L15-0632E-0892N_2528_4620_13_2019_11.tif
L15-0632E-0892N_2528_4620_13,2019,12,2019_12,True,True,True,False,False,False,True,True,True,datasets\sen12_mt_urbanmapping\multimodal_cd_dataset\L15-0632E-0892N_2528_4620_13\s1\s1_L15-0632E-0892N_2528_4620_13_2019_12.tif,datasets\sen12_mt_urbanmapping\multimodal_cd_dataset\L15-0632E-0892N_2528_4620_13\s2\s2_L15-0632E-0892N_2528_4620_13_2019_12.tif,datasets\sen12_mt_urbanmapping\multimodal_cd_dataset\L15-0632E-0892N_2528_4620_13\buildings\buildings_L15-0632E-0892N_2528_4620_13_2019_12.tif
L15-0632E-0892N_2528_4620_13,2020,1,2020_01,True,True,True,False,False,False,True,True,True,datasets\sen12_mt_urbanmapping\multimodal_cd_dataset\L15-0632E-0892N_2528_4620_13\s1\s1_L15-0632E-0892N_2528_4620_13_2020_01.tif,datasets\sen12_mt_urbanmapping\multimodal_cd_dataset\L15-0632E-0892N_2528_4620_13\s2\s2_L15-0632E-0892N_2528_4620_13_2020_01.tif,datasets\sen12_mt_urbanmapping\multimodal_cd_dataset\L15-0632E-0892N_2528_4620_13\buildings\buildings_L15-0632E-0892N_2528_4620_13_2020_01.tif
L15-0683E-1006N_2732_4164_13,2018,1,2018_01,True,False,True,True,False,True,True,True,True,datasets\sen12_mt_urbanmapping\multimodal_cd_dataset\L15-0683E-1006N_2732_4164_13\s1\s1_L15-0683E-1006N_2732_4164_13_2018_01.tif,datasets\sen12_mt_urbanmapping\multimodal_cd_dataset\L15-0683E-1006N_2732_4164_13\s2\s2_L15-0683E-1006N_2732_4164_13_2018_01.tif,datasets\sen12_mt_urbanmapping\multimodal_cd_dataset\L15-0683E-1006N_2732_4164_13\buildings\buildings_L15-0683E-1006N_2732_4164_13_2018_01.tif
L15-0683E-1006N_2732_4164_13,2018,2,2018_02,True,True,True,False,False,False,True,True,True,datasets\sen12_mt_urbanmapping\multimodal_cd_dataset\L15-0683E-1006N_2732_4164_13\s1\s1_L15-0683E-1006N_2732_4164_13_2018_02.tif,datasets\sen12_mt_urbanmapping\multimodal_cd_dataset\L15-0683E-1006N_2732_4164_13\s2\s2_L15-0683E-1006N_2732_4164_13_2018_02.tif,datasets\sen12_mt_urbanmapping\multimodal_cd_dataset\L15-0683E-1006N_2732_4164_13\buildings\buildings_L15-0683E-1006N_2732_4164_13_2018_02.tif
L15-0683E-1006N_2732_4164_13,2018,3,2018_03,True,False,True,False,False,True,True,True,True,datasets\sen12_mt_urbanmapping\multimodal_cd_dataset\L15-0683E-1006N_2732_4164_13\s1\s1_L15-0683E-1006N_2732_4164_13_2018_03.tif,datasets\sen12_mt_urbanmapping\multimodal_cd_dataset\L15-0683E-1006N_2732_4164_13\s2\s2_L15-0683E-1006N_2732_4164_13_2018_03.tif,datasets\sen12_mt_urbanmapping\multimodal_cd_dataset\L15-0683E-1006N_2732_4164_13\buildings\buildings_L15-0683E-1006N_2732_4164_13_2018_03.tif
L15-0683E-1006N_2732_4164_13,2018,4,2018_04,True,False,True,True,False,True,True,True,True,datasets\sen12_mt_urbanmapping\multimodal_cd_dataset\L15-0683E-1006N_2732_4164_13\s1\s1_L15-0683E-1006N_2732_4164_13_2018_04.tif,datasets\sen12_mt_urbanmapping\multimodal_cd_dataset\L15-0683E-1006N_2732_4164_13\s2\s2_L15-0683E-1006N_2732_4164_13_2018_04.tif,datasets\sen12_mt_urbanmapping\multimodal_cd_dataset\L15-0683E-1006N_2732_4164_13\buildings\buildings_L15-0683E-1006N_2732_4164_13_2018_04.tif
L15-0683E-1006N_2732_4164_13,2018,6,2018_06,True,True,True,False,False,False,True,True,True,datasets\sen12_mt_urbanmapping\multimodal_cd_dataset\L15-0683E-1006N_2732_4164_13\s1\s1_L15-0683E-1006N_2732_4164_13_2018_06.tif,datasets\sen12_mt_urbanmapping\multimodal_cd_dataset\L15-0683E-1006N_2732_4164_13\s2\s2_L15-0683E-1006N_2732_4164_13_2018_06.tif,datasets\sen12_mt_urbanmapping\multimodal_cd_dataset\L15-0683E-1006N_2732_4164_13\buildings\buildings_L15-0683E-1006N_2732_4164_13_2018_06.tif
L15-0683E-1006N_2732_4164_13,2018,7,2018_07,True,True,True,True,False,False,True,True,True,datasets\sen12_mt_urbanmapping\multimodal_cd_dataset\L15-0683E-1006N_2732_4164_13\s1\s1_L15-0683E-1006N_2732_4164_13_2018_07.tif,datasets\sen12_mt_urbanmapping\multimodal_cd_dataset\L15-0683E-1006N_2732_4164_13\s2\s2_L15-0683E-1006N_2732_4164_13_2018_07.tif,datasets\sen12_mt_urbanmapping\multimodal_cd_dataset\L15-0683E-1006N_2732_4164_13\buildings\buildings_L15-0683E-1006N_2732_4164_13_2018_07.tif
L15-0683E-1006N_2732_4164_13,2018,8,2018_08,True,True,True,True,False,False,True,True,True,datasets\sen12_mt_urbanmapping\multimodal_cd_dataset\L15-0683E-1006N_2732_4164_13\s1\s1_L15-0683E-1006N_2732_4164_13_2018_08.tif,datasets\sen12_mt_urbanmapping\multimodal_cd_dataset\L15-0683E-1006N_2732_4164_13\s2\s2_L15-0683E-1006N_2732_4164_13_2018_08.tif,datasets\sen12_mt_urbanmapping\multimodal_cd_dataset\L15-0683E-1006N_2732_4164_13\buildings\buildings_L15-0683E-1006N_2732_4164_13_2018_08.tif
L15-0683E-1006N_2732_4164_13,2018,9,2018_09,True,False,True,False,False,True,True,True,True,datasets\sen12_mt_urbanmapping\multimodal_cd_dataset\L15-0683E-1006N_2732_4164_13\s1\s1_L15-0683E-1006N_2732_4164_13_2018_09.tif,datasets\sen12_mt_urbanmapping\multimodal_cd_dataset\L15-0683E-1006N_2732_4164_13\s2\s2_L15-0683E-1006N_2732_4164_13_2018_09.tif,datasets\sen12_mt_urbanmapping\multimodal_cd_dataset\L15-0683E-1006N_2732_4164_13\buildings\buildings_L15-0683E-1006N_2732_4164_13_2018_09.tif
L15-0683E-1006N_2732_4164_13,2018,10,2018_10,True,False,True,True,False,True,True,True,True,datasets\sen12_mt_urbanmapping\multimodal_cd_dataset\L15-0683E-1006N_2732_4164_13\s1\s1_L15-0683E-1006N_2732_4164_13_2018_10.tif,datasets\sen12_mt_urbanmapping\multimodal_cd_dataset\L15-0683E-1006N_2732_4164_13\s2\s2_L15-0683E-1006N_2732_4164_13_2018_10.tif,datasets\sen12_mt_urbanmapping\multimodal_cd_dataset\L15-0683E-1006N_2732_4164_13\buildings\buildings_L15-0683E-1006N_2732_4164_13_2018_10.tif
L15-0683E-1006N_2732_4164_13,2018,11,2018_11,True,False,True,True,False,True,True,True,True,datasets\sen12_mt_urbanmapping\multimodal_cd_dataset\L15-0683E-1006N_2732_4164_13\s1\s1_L15-0683E-1006N_2732_4164_13_2018_11.tif,datasets\sen12_mt_urbanmapping\multimodal_cd_dataset\L15-0683E-1006N_2732_4164_13\s2\s2_L15-0683E-1006N_2732_4164_13_2018_11.tif,datasets\sen12_mt_urbanmapping\multimodal_cd_dataset\L15-0683E-1006N_2732_4164_13\buildings\buildings_L15-0683E-1006N_2732_4164_13_2018_11.tif
L15-0683E-1006N_2732_4164_13,2019,1,2019_01,True,False,True,True,False,True,True,True,True,datasets\sen12_mt_urbanmapping\multimodal_cd_dataset\L15-0683E-1006N_2732_4164_13\s1\s1_L15-0683E-1006N_2732_4164_13_2019_01.tif,datasets\sen12_mt_urbanmapping\multimodal_cd_dataset\L15-0683E-1006N_2732_4164_13\s2\s2_L15-0683E-1006N_2732_4164_13_2019_01.tif,datasets\sen12_mt_urbanmapping\multimodal_cd_dataset\L15-0683E-1006N_2732_4164_13\buildings\buildings_L15-0683E-1006N_2732_4164_13_2019_01.tif
L15-0683E-1006N_2732_4164_13,2019,3,2019_03,True,False,True,True,False,True,True,True,True,datasets\sen12_mt_urbanmapping\multimodal_cd_dataset\L15-0683E-1006N_2732_4164_13\s1\s1_L15-0683E-1006N_2732_4164_13_2019_03.tif,datasets\sen12_mt_urbanmapping\multimodal_cd_dataset\L15-0683E-1006N_2732_4164_13\s2\s2_L15-0683E-1006N_2732_4164_13_2019_03.tif,datasets\sen12_mt_urbanmapping\multimodal_cd_dataset\L15-0683E-1006N_2732_4164_13\buildings\buildings_L15-0683E-1006N_2732_4164_13_2019_03.tif
L15-0683E-1006N_2732_4164_13,2019,4,2019_04,True,False,True,True,False,True,True,True,True,datasets\sen12_mt_urbanmapping\multimodal_cd_dataset\L15-0683E-1006N_2732_4164_13\s1\s1_L15-0683E-1006N_2732_4164_13_2019_04.tif,datasets\sen12_mt_urbanmapping\multimodal_cd_dataset\L15-0683E-1006N_2732_4164_13\s2\s2_L15-0683E-1006N_2732_4164_13_2019_04.tif,datasets\sen12_mt_urbanmapping\multimodal_cd_dataset\L15-0683E-1006N_2732_4164_13\buildings\buildings_L15-0683E-1006N_2732_4164_13_2019_04.tif
L15-0683E-1006N_2732_4164_13,2019,5,2019_05,True,False,True,True,False,True,True,True,True,datasets\sen12_mt_urbanmapping\multimodal_cd_dataset\L15-0683E-1006N_2732_4164_13\s1\s1_L15-0683E-1006N_2732_4164_13_2019_05.tif,datasets\sen12_mt_urbanmapping\multimodal_cd_dataset\L15-0683E-1006N_2732_4164_13\s2\s2_L15-0683E-1006N_2732_4164_13_2019_05.tif,datasets\sen12_mt_urbanmapping\multimodal_cd_dataset\L15-0683E-1006N_2732_4164_13\buildings\buildings_L15-0683E-1006N_2732_4164_13_2019_05.tif
L15-0683E-1006N_2732_4164_13,2019,6,2019_06,True,False,True,False,False,True,True,True,True,datasets\sen12_mt_urbanmapping\multimodal_cd_dataset\L15-0683E-1006N_2732_4164_13\s1\s1_L15-0683E-1006N_2732_4164_13_2019_06.tif,datasets\sen12_mt_urbanmapping\multimodal_cd_dataset\L15-0683E-1006N_2732_4164_13\s2\s2_L15-0683E-1006N_2732_4164_13_2019_06.tif,datasets\sen12_mt_urbanmapping\multimodal_cd_dataset\L15-0683E-1006N_2732_4164_13\buildings\buildings_L15-0683E-1006N_2732_4164_13_2019_06.tif
L15-0683E-1006N_2732_4164_13,2019,7,2019_07,True,True,True,False,False,False,True,True,True,datasets\sen12_mt_urbanmapping\multimodal_cd_dataset\L15-0683E-1006N_2732_4164_13\s1\s1_L15-0683E-1006N_2732_4164_13_2019_07.tif,datasets\sen12_mt_urbanmapping\multimodal_cd_dataset\L15-0683E-1006N_2732_4164_13\s2\s2_L15-0683E-1006N_2732_4164_13_2019_07.tif,datasets\sen12_mt_urbanmapping\multimodal_cd_dataset\L15-0683E-1006N_2732_4164_13\buildings\buildings_L15-0683E-1006N_2732_4164_13_2019_07.tif
L15-0683E-1006N_2732_4164_13,2019,8,2019_08,True,True,True,False,False,False,True,True,True,datasets\sen12_mt_urbanmapping\multimodal_cd_dataset\L15-0683E-1006N_2732_4164_13\s1\s1_L15-0683E-1006N_2732_4164_13_2019_08.tif,datasets\sen12_mt_urbanmapping\multimodal_cd_dataset\L15-0683E-1006N_2732_4164_13\s2\s2_L15-0683E-1006N_2732_4164_13_2019_08.tif,datasets\sen12_mt_urbanmapping\multimodal_cd_dataset\L15-0683E-1006N_2732_4164_13\buildings\buildings_L15-0683E-1006N_2732_4164_13_2019_08.tif
L15-0683E-1006N_2732_4164_13,2019,9,2019_09,True,False,True,False,False,True,True,True,True,datasets\sen12_mt_urbanmapping\multimodal_cd_dataset\L15-0683E-1006N_2732_4164_13\s1\s1_L15-0683E-1006N_2732_4164_13_2019_09.tif,datasets\sen12_mt_urbanmapping\multimodal_cd_dataset\L15-0683E-1006N_2732_4164_13\s2\s2_L15-0683E-1006N_2732_4164_13_2019_09.tif,datasets\sen12_mt_urbanmapping\multimodal_cd_dataset\L15-0683E-1006N_2732_4164_13\buildings\buildings_L15-0683E-1006N_2732_4164_13_2019_09.tif
L15-0683E-1006N_2732_4164_13,2019,10,2019_10,True,False,True,False,False,True,True,True,True,datasets\sen12_mt_urbanmapping\multimodal_cd_dataset\L15-0683E-1006N_2732_4164_13\s1\s1_L15-0683E-1006N_2732_4164_13_2019_10.tif,datasets\sen12_mt_urbanmapping\multimodal_cd_dataset\L15-0683E-1006N_2732_4164_13\s2\s2_L15-0683E-1006N_2732_4164_13_2019_10.tif,datasets\sen12_mt_urbanmapping\multimodal_cd_dataset\L15-0683E-1006N_2732_4164_13\buildings\buildings_L15-0683E-1006N_2732_4164_13_2019_10.tif
L15-0683E-1006N_2732_4164_13,2019,11,2019_11,True,False,True,False,False,True,True,True,True,datasets\sen12_mt_urbanmapping\multimodal_cd_dataset\L15-0683E-1006N_2732_4164_13\s1\s1_L15-0683E-1006N_2732_4164_13_2019_11.tif,datasets\sen12_mt_urbanmapping\multimodal_cd_dataset\L15-0683E-1006N_2732_4164_13\s2\s2_L15-0683E-1006N_2732_4164_13_2019_11.tif,datasets\sen12_mt_urbanmapping\multimodal_cd_dataset\L15-0683E-1006N_2732_4164_13\buildings\buildings_L15-0683E-1006N_2732_4164_13_2019_11.tif
L15-0683E-1006N_2732_4164_13,2019,12,2019_12,True,False,True,True,False,True,True,True,True,datasets\sen12_mt_urbanmapping\multimodal_cd_dataset\L15-0683E-1006N_2732_4164_13\s1\s1_L15-0683E-1006N_2732_4164_13_2019_12.tif,datasets\sen12_mt_urbanmapping\multimodal_cd_dataset\L15-0683E-1006N_2732_4164_13\s2\s2_L15-0683E-1006N_2732_4164_13_2019_12.tif,datasets\sen12_mt_urbanmapping\multimodal_cd_dataset\L15-0683E-1006N_2732_4164_13\buildings\buildings_L15-0683E-1006N_2732_4164_13_2019_12.tif
L15-0683E-1006N_2732_4164_13,2020,1,2020_01,True,True,True,False,False,False,True,True,True,datasets\sen12_mt_urbanmapping\multimodal_cd_dataset\L15-0683E-1006N_2732_4164_13\s1\s1_L15-0683E-1006N_2732_4164_13_2020_01.tif,datasets\sen12_mt_urbanmapping\multimodal_cd_dataset\L15-0683E-1006N_2732_4164_13\s2\s2_L15-0683E-1006N_2732_4164_13_2020_01.tif,datasets\sen12_mt_urbanmapping\multimodal_cd_dataset\L15-0683E-1006N_2732_4164_13\buildings\buildings_L15-0683E-1006N_2732_4164_13_2020_01.tif
L15-0760E-0887N_3041_4643_13,2018,1,2018_01,True,True,True,False,False,False,True,True,True,datasets\sen12_mt_urbanmapping\multimodal_cd_dataset\L15-0760E-0887N_3041_4643_13\s1\s1_L15-0760E-0887N_3041_4643_13_2018_01.tif,datasets\sen12_mt_urbanmapping\multimodal_cd_dataset\L15-0760E-0887N_3041_4643_13\s2\s2_L15-0760E-0887N_3041_4643_13_2018_01.tif,datasets\sen12_mt_urbanmapping\multimodal_cd_dataset\L15-0760E-0887N_3041_4643_13\buildings\buildings_L15-0760E-0887N_3041_4643_13_2018_01.tif
L15-0760E-0887N_3041_4643_13,2018,2,2018_02,True,True,True,False,False,False,True,True,True,datasets\sen12_mt_urbanmapping\multimodal_cd_dataset\L15-0760E-0887N_3041_4643_13\s1\s1_L15-0760E-0887N_3041_4643_13_2018_02.tif,datasets\sen12_mt_urbanmapping\multimodal_cd_dataset\L15-0760E-0887N_3041_4643_13\s2\s2_L15-0760E-0887N_3041_4643_13_2018_02.tif,datasets\sen12_mt_urbanmapping\multimodal_cd_dataset\L15-0760E-0887N_3041_4643_13\buildings\buildings_L15-0760E-0887N_3041_4643_13_2018_02.tif
L15-0760E-0887N_3041_4643_13,2018,3,2018_03,True,False,True,False,False,True,True,True,True,datasets\sen12_mt_urbanmapping\multimodal_cd_dataset\L15-0760E-0887N_3041_4643_13\s1\s1_L15-0760E-0887N_3041_4643_13_2018_03.tif,datasets\sen12_mt_urbanmapping\multimodal_cd_dataset\L15-0760E-0887N_3041_4643_13\s2\s2_L15-0760E-0887N_3041_4643_13_2018_03.tif,datasets\sen12_mt_urbanmapping\multimodal_cd_dataset\L15-0760E-0887N_3041_4643_13\buildings\buildings_L15-0760E-0887N_3041_4643_13_2018_03.tif
L15-0760E-0887N_3041_4643_13,2018,4,2018_04,True,False,True,False,False,True,True,True,True,datasets\sen12_mt_urbanmapping\multimodal_cd_dataset\L15-0760E-0887N_3041_4643_13\s1\s1_L15-0760E-0887N_3041_4643_13_2018_04.tif,datasets\sen12_mt_urbanmapping\multimodal_cd_dataset\L15-0760E-0887N_3041_4643_13\s2\s2_L15-0760E-0887N_3041_4643_13_2018_04.tif,datasets\sen12_mt_urbanmapping\multimodal_cd_dataset\L15-0760E-0887N_3041_4643_13\buildings\buildings_L15-0760E-0887N_3041_4643_13_2018_04.tif
L15-0760E-0887N_3041_4643_13,2018,5,2018_05,True,False,True,False,False,True,True,True,True,datasets\sen12_mt_urbanmapping\multimodal_cd_dataset\L15-0760E-0887N_3041_4643_13\s1\s1_L15-0760E-0887N_3041_4643_13_2018_05.tif,datasets\sen12_mt_urbanmapping\multimodal_cd_dataset\L15-0760E-0887N_3041_4643_13\s2\s2_L15-0760E-0887N_3041_4643_13_2018_05.tif,datasets\sen12_mt_urbanmapping\multimodal_cd_dataset\L15-0760E-0887N_3041_4643_13\buildings\buildings_L15-0760E-0887N_3041_4643_13_2018_05.tif
L15-0760E-0887N_3041_4643_13,2018,6,2018_06,True,True,True,False,False,False,True,True,True,datasets\sen12_mt_urbanmapping\multimodal_cd_dataset\L15-0760E-0887N_3041_4643_13\s1\s1_L15-0760E-0887N_3041_4643_13_2018_06.tif,datasets\sen12_mt_urbanmapping\multimodal_cd_dataset\L15-0760E-0887N_3041_4643_13\s2\s2_L15-0760E-0887N_3041_4643_13_2018_06.tif,datasets\sen12_mt_urbanmapping\multimodal_cd_dataset\L15-0760E-0887N_3041_4643_13\buildings\buildings_L15-0760E-0887N_3041_4643_13_2018_06.tif
L15-0760E-0887N_3041_4643_13,2018,7,2018_07,True,True,True,False,False,False,True,True,True,datasets\sen12_mt_urbanmapping\multimodal_cd_dataset\L15-0760E-0887N_3041_4643_13\s1\s1_L15-0760E-0887N_3041_4643_13_2018_07.tif,datasets\sen12_mt_urbanmapping\multimodal_cd_dataset\L15-0760E-0887N_3041_4643_13\s2\s2_L15-0760E-0887N_3041_4643_13_2018_07.tif,datasets\sen12_mt_urbanmapping\multimodal_cd_dataset\L15-0760E-0887N_3041_4643_13\buildings\buildings_L15-0760E-0887N_3041_4643_13_2018_07.tif
L15-0760E-0887N_3041_4643_13,2018,8,2018_08,True,True,True,False,False,False,True,True,True,datasets\sen12_mt_urbanmapping\multimodal_cd_dataset\L15-0760E-0887N_3041_4643_13\s1\s1_L15-0760E-0887N_3041_4643_13_2018_08.tif,datasets\sen12_mt_urbanmapping\multimodal_cd_dataset\L15-0760E-0887N_3041_4643_13\s2\s2_L15-0760E-0887N_3041_4643_13_2018_08.tif,datasets\sen12_mt_urbanmapping\multimodal_cd_dataset\L15-0760E-0887N_3041_4643_13\buildings\buildings_L15-0760E-0887N_3041_4643_13_2018_08.tif
L15-0760E-0887N_3041_4643_13,2018,9,2018_09,True,True,True,False,False,False,True,True,True,datasets\sen12_mt_urbanmapping\multimodal_cd_dataset\L15-0760E-0887N_3041_4643_13\s1\s1_L15-0760E-0887N_3041_4643_13_2018_09.tif,datasets\sen12_mt_urbanmapping\multimodal_cd_dataset\L15-0760E-0887N_3041_4643_13\s2\s2_L15-0760E-0887N_3041_4643_13_2018_09.tif,datasets\sen12_mt_urbanmapping\multimodal_cd_dataset\L15-0760E-0887N_3041_4643_13\buildings\buildings_L15-0760E-0887N_3041_4643_13_2018_09.tif
L15-0760E-0887N_3041_4643_13,2018,10,2018_10,True,False,True,False,False,True,True,True,True,datasets\sen12_mt_urbanmapping\multimodal_cd_dataset\L15-0760E-0887N_3041_4643_13\s1\s1_L15-0760E-0887N_3041_4643_13_2018_10.tif,datasets\sen12_mt_urbanmapping\multimodal_cd_dataset\L15-0760E-0887N_3041_4643_13\s2\s2_L15-0760E-0887N_3041_4643_13_2018_10.tif,datasets\sen12_mt_urbanmapping\multimodal_cd_dataset\L15-0760E-0887N_3041_4643_13\buildings\buildings_L15-0760E-0887N_3041_4643_13_2018_10.tif
L15-0760E-0887N_3041_4643_13,2018,11,2018_11,True,False,True,True,False,True,True,True,True,datasets\sen12_mt_urbanmapping\multimodal_cd_dataset\L15-0760E-0887N_3041_4643_13\s1\s1_L15-0760E-0887N_3041_4643_13_2018_11.tif,datasets\sen12_mt_urbanmapping\multimodal_cd_dataset\L15-0760E-0887N_3041_4643_13\s2\s2_L15-0760E-0887N_3041_4643_13_2018_11.tif,datasets\sen12_mt_urbanmapping\multimodal_cd_dataset\L15-0760E-0887N_3041_4643_13\buildings\buildings_L15-0760E-0887N_3041_4643_13_2018_11.tif
L15-0760E-0887N_3041_4643_13,2018,12,2018_12,True,True,True,False,False,False,True,True,True,datasets\sen12_mt_urbanmapping\multimodal_cd_dataset\L15-0760E-0887N_3041_4643_13\s1\s1_L15-0760E-0887N_3041_4643_13_2018_12.tif,datasets\sen12_mt_urbanmapping\multimodal_cd_dataset\L15-0760E-0887N_3041_4643_13\s2\s2_L15-0760E-0887N_3041_4643_13_2018_12.tif,datasets\sen12_mt_urbanmapping\multimodal_cd_dataset\L15-0760E-0887N_3041_4643_13\buildings\buildings_L15-0760E-0887N_3041_4643_13_2018_12.tif
L15-0760E-0887N_3041_4643_13,2019,1,2019_01,True,True,True,False,False,False,True,True,True,datasets\sen12_mt_urbanmapping\multimodal_cd_dataset\L15-0760E-0887N_3041_4643_13\s1\s1_L15-0760E-0887N_3041_4643_13_2019_01.tif,datasets\sen12_mt_urbanmapping\multimodal_cd_dataset\L15-0760E-0887N_3041_4643_13\s2\s2_L15-0760E-0887N_3041_4643_13_2019_01.tif,datasets\sen12_mt_urbanmapping\multimodal_cd_dataset\L15-0760E-0887N_3041_4643_13\buildings\buildings_L15-0760E-0887N_3041_4643_13_2019_01.tif
L15-0760E-0887N_3041_4643_13,2019,2,2019_02,True,True,True,False,False,False,True,True,True,datasets\sen12_mt_urbanmapping\multimodal_cd_dataset\L15-0760E-0887N_3041_4643_13\s1\s1_L15-0760E-0887N_3041_4643_13_2019_02.tif,datasets\sen12_mt_urbanmapping\multimodal_cd_dataset\L15-0760E-0887N_3041_4643_13\s2\s2_L15-0760E-0887N_3041_4643_13_2019_02.tif,datasets\sen12_mt_urbanmapping\multimodal_cd_dataset\L15-0760E-0887N_3041_4643_13\buildings\buildings_L15-0760E-0887N_3041_4643_13_2019_02.tif
L15-0760E-0887N_3041_4643_13,2019,3,2019_03,True,True,True,False,False,False,True,True,True,datasets\sen12_mt_urbanmapping\multimodal_cd_dataset\L15-0760E-0887N_3041_4643_13\s1\s1_L15-0760E-0887N_3041_4643_13_2019_03.tif,datasets\sen12_mt_urbanmapping\multimodal_cd_dataset\L15-0760E-0887N_3041_4643_13\s2\s2_L15-0760E-0887N_3041_4643_13_2019_03.tif,datasets\sen12_mt_urbanmapping\multimodal_cd_dataset\L15-0760E-0887N_3041_4643_13\buildings\buildings_L15-0760E-0887N_3041_4643_13_2019_03.tif
L15-0760E-0887N_3041_4643_13,2019,4,2019_04,True,True,True,False,False,False,True,True,True,datasets\sen12_mt_urbanmapping\multimodal_cd_dataset\L15-0760E-0887N_3041_4643_13\s1\s1_L15-0760E-0887N_3041_4643_13_2019_04.tif,datasets\sen12_mt_urbanmapping\multimodal_cd_dataset\L15-0760E-0887N_3041_4643_13\s2\s2_L15-0760E-0887N_3041_4643_13_2019_04.tif,datasets\sen12_mt_urbanmapping\multimodal_cd_dataset\L15-0760E-0887N_3041_4643_13\buildings\buildings_L15-0760E-0887N_3041_4643_13_2019_04.tif
L15-0760E-0887N_3041_4643_13,2019,5,2019_05,True,True,True,False,False,False,True,True,True,datasets\sen12_mt_urbanmapping\multimodal_cd_dataset\L15-0760E-0887N_3041_4643_13\s1\s1_L15-0760E-0887N_3041_4643_13_2019_05.tif,datasets\sen12_mt_urbanmapping\multimodal_cd_dataset\L15-0760E-0887N_3041_4643_13\s2\s2_L15-0760E-0887N_3041_4643_13_2019_05.tif,datasets\sen12_mt_urbanmapping\multimodal_cd_dataset\L15-0760E-0887N_3041_4643_13\buildings\buildings_L15-0760E-0887N_3041_4643_13_2019_05.tif
L15-0760E-0887N_3041_4643_13,2019,6,2019_06,True,True,True,False,False,False,True,True,True,datasets\sen12_mt_urbanmapping\multimodal_cd_dataset\L15-0760E-0887N_3041_4643_13\s1\s1_L15-0760E-0887N_3041_4643_13_2019_06.tif,datasets\sen12_mt_urbanmapping\multimodal_cd_dataset\L15-0760E-0887N_3041_4643_13\s2\s2_L15-0760E-0887N_3041_4643_13_2019_06.tif,datasets\sen12_mt_urbanmapping\multimodal_cd_dataset\L15-0760E-0887N_3041_4643_13\buildings\buildings_L15-0760E-0887N_3041_4643_13_2019_06.tif
L15-0760E-0887N_3041_4643_13,2019,7,2019_07,True,True,True,False,False,False,True,True,True,datasets\sen12_mt_urbanmapping\multimodal_cd_dataset\L15-0760E-0887N_3041_4643_13\s1\s1_L15-0760E-0887N_3041_4643_13_2019_07.tif,datasets\sen12_mt_urbanmapping\multimodal_cd_dataset\L15-0760E-0887N_3041_4643_13\s2\s2_L15-0760E-0887N_3041_4643_13_2019_07.tif,datasets\sen12_mt_urbanmapping\multimodal_cd_dataset\L15-0760E-0887N_3041_4643_13\buildings\buildings_L15-0760E-0887N_3041_4643_13_2019_07.tif
L15-0760E-0887N_3041_4643_13,2019,8,2019_08,True,True,True,False,False,False,True,True,True,datasets\sen12_mt_urbanmapping\multimodal_cd_dataset\L15-0760E-0887N_3041_4643_13\s1\s1_L15-0760E-0887N_3041_4643_13_2019_08.tif,datasets\sen12_mt_urbanmapping\multimodal_cd_dataset\L15-0760E-0887N_3041_4643_13\s2\s2_L15-0760E-0887N_3041_4643_13_2019_08.tif,datasets\sen12_mt_urbanmapping\multimodal_cd_dataset\L15-0760E-0887N_3041_4643_13\buildings\buildings_L15-0760E-0887N_3041_4643_13_2019_08.tif
L15-0760E-0887N_3041_4643_13,2019,9,2019_09,True,True,True,False,False,False,True,True,True,datasets\sen12_mt_urbanmapping\multimodal_cd_dataset\L15-0760E-0887N_3041_4643_13\s1\s1_L15-0760E-0887N_3041_4643_13_2019_09.tif,datasets\sen12_mt_urbanmapping\multimodal_cd_dataset\L15-0760E-0887N_3041_4643_13\s2\s2_L15-0760E-0887N_3041_4643_13_2019_09.tif,datasets\sen12_mt_urbanmapping\multimodal_cd_dataset\L15-0760E-0887N_3041_4643_13\buildings\buildings_L15-0760E-0887N_3041_4643_13_2019_09.tif
L15-0760E-0887N_3041_4643_13,2019,10,2019_10,True,True,True,False,False,False,True,True,True,datasets\sen12_mt_urbanmapping\multimodal_cd_dataset\L15-0760E-0887N_3041_4643_13\s1\s1_L15-0760E-0887N_3041_4643_13_2019_10.tif,datasets\sen12_mt_urbanmapping\multimodal_cd_dataset\L15-0760E-0887N_3041_4643_13\s2\s2_L15-0760E-0887N_3041_4643_13_2019_10.tif,datasets\sen12_mt_urbanmapping\multimodal_cd_dataset\L15-0760E-0887N_3041_4643_13\buildings\buildings_L15-0760E-0887N_3041_4643_13_2019_10.tif
L15-0760E-0887N_3041_4643_13,2019,11,2019_11,True,False,True,True,False,True,True,True,True,datasets\sen12_mt_urbanmapping\multimodal_cd_dataset\L15-0760E-0887N_3041_4643_13\s1\s1_L15-0760E-0887N_3041_4643_13_2019_11.tif,datasets\sen12_mt_urbanmapping\multimodal_cd_dataset\L15-0760E-0887N_3041_4643_13\s2\s2_L15-0760E-0887N_3041_4643_13_2019_11.tif,datasets\sen12_mt_urbanmapping\multimodal_cd_dataset\L15-0760E-0887N_3041_4643_13\buildings\buildings_L15-0760E-0887N_3041_4643_13_2019_11.tif
L15-0760E-0887N_3041_4643_13,2019,12,2019_12,True,True,True,False,False,False,True,True,True,datasets\sen12_mt_urbanmapping\multimodal_cd_dataset\L15-0760E-0887N_3041_4643_13\s1\s1_L15-0760E-0887N_3041_4643_13_2019_12.tif,datasets\sen12_mt_urbanmapping\multimodal_cd_dataset\L15-0760E-0887N_3041_4643_13\s2\s2_L15-0760E-0887N_3041_4643_13_2019_12.tif,datasets\sen12_mt_urbanmapping\multimodal_cd_dataset\L15-0760E-0887N_3041_4643_13\buildings\buildings_L15-0760E-0887N_3041_4643_13_2019_12.tif
L15-0760E-0887N_3041_4643_13,2020,1,2020_01,True,True,True,False,False,False,True,True,True,datasets\sen12_mt_urbanmapping\multimodal_cd_dataset\L15-0760E-0887N_3041_4643_13\s1\s1_L15-0760E-0887N_3041_4643_13_2020_01.tif,datasets\sen12_mt_urbanmapping\multimodal_cd_dataset\L15-0760E-0887N_3041_4643_13\s2\s2_L15-0760E-0887N_3041_4643_13_2020_01.tif,datasets\sen12_mt_urbanmapping\multimodal_cd_dataset\L15-0760E-0887N_3041_4643_13\buildings\buildings_L15-0760E-0887N_3041_4643_13_2020_01.tif
L15-0924E-1108N_3699_3757_13,2018,1,2018_01,True,True,True,False,False,False,True,True,True,datasets\sen12_mt_urbanmapping\multimodal_cd_dataset\L15-0924E-1108N_3699_3757_13\s1\s1_L15-0924E-1108N_3699_3757_13_2018_01.tif,datasets\sen12_mt_urbanmapping\multimodal_cd_dataset\L15-0924E-1108N_3699_3757_13\s2\s2_L15-0924E-1108N_3699_3757_13_2018_01.tif,datasets\sen12_mt_urbanmapping\multimodal_cd_dataset\L15-0924E-1108N_3699_3757_13\buildings\buildings_L15-0924E-1108N_3699_3757_13_2018_01.tif
L15-0924E-1108N_3699_3757_13,2018,2,2018_02,True,True,True,False,False,False,True,True,True,datasets\sen12_mt_urbanmapping\multimodal_cd_dataset\L15-0924E-1108N_3699_3757_13\s1\s1_L15-0924E-1108N_3699_3757_13_2018_02.tif,datasets\sen12_mt_urbanmapping\multimodal_cd_dataset\L15-0924E-1108N_3699_3757_13\s2\s2_L15-0924E-1108N_3699_3757_13_2018_02.tif,datasets\sen12_mt_urbanmapping\multimodal_cd_dataset\L15-0924E-1108N_3699_3757_13\buildings\buildings_L15-0924E-1108N_3699_3757_13_2018_02.tif
L15-0924E-1108N_3699_3757_13,2018,3,2018_03,True,True,True,False,False,False,True,True,True,datasets\sen12_mt_urbanmapping\multimodal_cd_dataset\L15-0924E-1108N_3699_3757_13\s1\s1_L15-0924E-1108N_3699_3757_13_2018_03.tif,datasets\sen12_mt_urbanmapping\multimodal_cd_dataset\L15-0924E-1108N_3699_3757_13\s2\s2_L15-0924E-1108N_3699_3757_13_2018_03.tif,datasets\sen12_mt_urbanmapping\multimodal_cd_dataset\L15-0924E-1108N_3699_3757_13\buildings\buildings_L15-0924E-1108N_3699_3757_13_2018_03.tif
L15-0924E-1108N_3699_3757_13,2018,4,2018_04,True,True,True,False,False,False,True,True,True,datasets\sen12_mt_urbanmapping\multimodal_cd_dataset\L15-0924E-1108N_3699_3757_13\s1\s1_L15-0924E-1108N_3699_3757_13_2018_04.tif,datasets\sen12_mt_urbanmapping\multimodal_cd_dataset\L15-0924E-1108N_3699_3757_13\s2\s2_L15-0924E-1108N_3699_3757_13_2018_04.tif,datasets\sen12_mt_urbanmapping\multimodal_cd_dataset\L15-0924E-1108N_3699_3757_13\buildings\buildings_L15-0924E-1108N_3699_3757_13_2018_04.tif
L15-0924E-1108N_3699_3757_13,2018,5,2018_05,True,True,True,False,False,False,True,True,True,datasets\sen12_mt_urbanmapping\multimodal_cd_dataset\L15-0924E-1108N_3699_3757_13\s1\s1_L15-0924E-1108N_3699_3757_13_2018_05.tif,datasets\sen12_mt_urbanmapping\multimodal_cd_dataset\L15-0924E-1108N_3699_3757_13\s2\s2_L15-0924E-1108N_3699_3757_13_2018_05.tif,datasets\sen12_mt_urbanmapping\multimodal_cd_dataset\L15-0924E-1108N_3699_3757_13\buildings\buildings_L15-0924E-1108N_3699_3757_13_2018_05.tif
L15-0924E-1108N_3699_3757_13,2018,6,2018_06,True,False,True,False,False,True,True,True,True,datasets\sen12_mt_urbanmapping\multimodal_cd_dataset\L15-0924E-1108N_3699_3757_13\s1\s1_L15-0924E-1108N_3699_3757_13_2018_06.tif,datasets\sen12_mt_urbanmapping\multimodal_cd_dataset\L15-0924E-1108N_3699_3757_13\s2\s2_L15-0924E-1108N_3699_3757_13_2018_06.tif,datasets\sen12_mt_urbanmapping\multimodal_cd_dataset\L15-0924E-1108N_3699_3757_13\buildings\buildings_L15-0924E-1108N_3699_3757_13_2018_06.tif
L15-0924E-1108N_3699_3757_13,2018,7,2018_07,True,False,True,False,False,True,True,True,True,datasets\sen12_mt_urbanmapping\multimodal_cd_dataset\L15-0924E-1108N_3699_3757_13\s1\s1_L15-0924E-1108N_3699_3757_13_2018_07.tif,datasets\sen12_mt_urbanmapping\multimodal_cd_dataset\L15-0924E-1108N_3699_3757_13\s2\s2_L15-0924E-1108N_3699_3757_13_2018_07.tif,datasets\sen12_mt_urbanmapping\multimodal_cd_dataset\L15-0924E-1108N_3699_3757_13\buildings\buildings_L15-0924E-1108N_3699_3757_13_2018_07.tif
L15-0924E-1108N_3699_3757_13,2018,9,2018_09,True,False,True,False,False,True,True,True,True,datasets\sen12_mt_urbanmapping\multimodal_cd_dataset\L15-0924E-1108N_3699_3757_13\s1\s1_L15-0924E-1108N_3699_3757_13_2018_09.tif,datasets\sen12_mt_urbanmapping\multimodal_cd_dataset\L15-0924E-1108N_3699_3757_13\s2\s2_L15-0924E-1108N_3699_3757_13_2018_09.tif,datasets\sen12_mt_urbanmapping\multimodal_cd_dataset\L15-0924E-1108N_3699_3757_13\buildings\buildings_L15-0924E-1108N_3699_3757_13_2018_09.tif
L15-0924E-1108N_3699_3757_13,2018,10,2018_10,True,True,True,False,False,False,True,True,True,datasets\sen12_mt_urbanmapping\multimodal_cd_dataset\L15-0924E-1108N_3699_3757_13\s1\s1_L15-0924E-1108N_3699_3757_13_2018_10.tif,datasets\sen12_mt_urbanmapping\multimodal_cd_dataset\L15-0924E-1108N_3699_3757_13\s2\s2_L15-0924E-1108N_3699_3757_13_2018_10.tif,datasets\sen12_mt_urbanmapping\multimodal_cd_dataset\L15-0924E-1108N_3699_3757_13\buildings\buildings_L15-0924E-1108N_3699_3757_13_2018_10.tif
L15-0924E-1108N_3699_3757_13,2018,11,2018_11,True,True,True,False,False,False,True,True,True,datasets\sen12_mt_urbanmapping\multimodal_cd_dataset\L15-0924E-1108N_3699_3757_13\s1\s1_L15-0924E-1108N_3699_3757_13_2018_11.tif,datasets\sen12_mt_urbanmapping\multimodal_cd_dataset\L15-0924E-1108N_3699_3757_13\s2\s2_L15-0924E-1108N_3699_3757_13_2018_11.tif,datasets\sen12_mt_urbanmapping\multimodal_cd_dataset\L15-0924E-1108N_3699_3757_13\buildings\buildings_L15-0924E-1108N_3699_3757_13_2018_11.tif
L15-0924E-1108N_3699_3757_13,2018,12,2018_12,True,True,True,False,False,False,True,True,True,datasets\sen12_mt_urbanmapping\multimodal_cd_dataset\L15-0924E-1108N_3699_3757_13\s1\s1_L15-0924E-1108N_3699_3757_13_2018_12.tif,datasets\sen12_mt_urbanmapping\multimodal_cd_dataset\L15-0924E-1108N_3699_3757_13\s2\s2_L15-0924E-1108N_3699_3757_13_2018_12.tif,datasets\sen12_mt_urbanmapping\multimodal_cd_dataset\L15-0924E-1108N_3699_3757_13\buildings\buildings_L15-0924E-1108N_3699_3757_13_2018_12.tif
L15-0924E-1108N_3699_3757_13,2019,1,2019_01,True,True,True,False,False,False,True,True,True,datasets\sen12_mt_urbanmapping\multimodal_cd_dataset\L15-0924E-1108N_3699_3757_13\s1\s1_L15-0924E-1108N_3699_3757_13_2019_01.tif,datasets\sen12_mt_urbanmapping\multimodal_cd_dataset\L15-0924E-1108N_3699_3757_13\s2\s2_L15-0924E-1108N_3699_3757_13_2019_01.tif,datasets\sen12_mt_urbanmapping\multimodal_cd_dataset\L15-0924E-1108N_3699_3757_13\buildings\buildings_L15-0924E-1108N_3699_3757_13_2019_01.tif
L15-0924E-1108N_3699_3757_13,2019,2,2019_02,True,True,True,True,False,False,True,True,True,datasets\sen12_mt_urbanmapping\multimodal_cd_dataset\L15-0924E-1108N_3699_3757_13\s1\s1_L15-0924E-1108N_3699_3757_13_2019_02.tif,datasets\sen12_mt_urbanmapping\multimodal_cd_dataset\L15-0924E-1108N_3699_3757_13\s2\s2_L15-0924E-1108N_3699_3757_13_2019_02.tif,datasets\sen12_mt_urbanmapping\multimodal_cd_dataset\L15-0924E-1108N_3699_3757_13\buildings\buildings_L15-0924E-1108N_3699_3757_13_2019_02.tif
L15-0924E-1108N_3699_3757_13,2019,3,2019_03,True,True,True,False,False,False,True,True,True,datasets\sen12_mt_urbanmapping\multimodal_cd_dataset\L15-0924E-1108N_3699_3757_13\s1\s1_L15-0924E-1108N_3699_3757_13_2019_03.tif,datasets\sen12_mt_urbanmapping\multimodal_cd_dataset\L15-0924E-1108N_3699_3757_13\s2\s2_L15-0924E-1108N_3699_3757_13_2019_03.tif,datasets\sen12_mt_urbanmapping\multimodal_cd_dataset\L15-0924E-1108N_3699_3757_13\buildings\buildings_L15-0924E-1108N_3699_3757_13_2019_03.tif
L15-0924E-1108N_3699_3757_13,2019,4,2019_04,True,True,True,False,False,False,True,True,True,datasets\sen12_mt_urbanmapping\multimodal_cd_dataset\L15-0924E-1108N_3699_3757_13\s1\s1_L15-0924E-1108N_3699_3757_13_2019_04.tif,datasets\sen12_mt_urbanmapping\multimodal_cd_dataset\L15-0924E-1108N_3699_3757_13\s2\s2_L15-0924E-1108N_3699_3757_13_2019_04.tif,datasets\sen12_mt_urbanmapping\multimodal_cd_dataset\L15-0924E-1108N_3699_3757_13\buildings\buildings_L15-0924E-1108N_3699_3757_13_2019_04.tif
L15-0924E-1108N_3699_3757_13,2019,5,2019_05,True,True,True,False,False,False,True,True,True,datasets\sen12_mt_urbanmapping\multimodal_cd_dataset\L15-0924E-1108N_3699_3757_13\s1\s1_L15-0924E-1108N_3699_3757_13_2019_05.tif,datasets\sen12_mt_urbanmapping\multimodal_cd_dataset\L15-0924E-1108N_3699_3757_13\s2\s2_L15-0924E-1108N_3699_3757_13_2019_05.tif,datasets\sen12_mt_urbanmapping\multimodal_cd_dataset\L15-0924E-1108N_3699_3757_13\buildings\buildings_L15-0924E-1108N_3699_3757_13_2019_05.tif
L15-0924E-1108N_3699_3757_13,2019,6,2019_06,True,True,True,False,False,False,True,True,True,datasets\sen12_mt_urbanmapping\multimodal_cd_dataset\L15-0924E-1108N_3699_3757_13\s1\s1_L15-0924E-1108N_3699_3757_13_2019_06.tif,datasets\sen12_mt_urbanmapping\multimodal_cd_dataset\L15-0924E-1108N_3699_3757_13\s2\s2_L15-0924E-1108N_3699_3757_13_2019_06.tif,datasets\sen12_mt_urbanmapping\multimodal_cd_dataset\L15-0924E-1108N_3699_3757_13\buildings\buildings_L15-0924E-1108N_3699_3757_13_2019_06.tif
L15-0924E-1108N_3699_3757_13,2019,7,2019_07,True,True,True,False,False,False,True,True,True,datasets\sen12_mt_urbanmapping\multimodal_cd_dataset\L15-0924E-1108N_3699_3757_13\s1\s1_L15-0924E-1108N_3699_3757_13_2019_07.tif,datasets\sen12_mt_urbanmapping\multimodal_cd_dataset\L15-0924E-1108N_3699_3757_13\s2\s2_L15-0924E-1108N_3699_3757_13_2019_07.tif,datasets\sen12_mt_urbanmapping\multimodal_cd_dataset\L15-0924E-1108N_3699_3757_13\buildings\buildings_L15-0924E-1108N_3699_3757_13_2019_07.tif
L15-0924E-1108N_3699_3757_13,2019,8,2019_08,True,True,True,False,False,False,True,True,True,datasets\sen12_mt_urbanmapping\multimodal_cd_dataset\L15-0924E-1108N_3699_3757_13\s1\s1_L15-0924E-1108N_3699_3757_13_2019_08.tif,datasets\sen12_mt_urbanmapping\multimodal_cd_dataset\L15-0924E-1108N_3699_3757_13\s2\s2_L15-0924E-1108N_3699_3757_13_2019_08.tif,datasets\sen12_mt_urbanmapping\multimodal_cd_dataset\L15-0924E-1108N_3699_3757_13\buildings\buildings_L15-0924E-1108N_3699_3757_13_2019_08.tif
L15-0924E-1108N_3699_3757_13,2019,10,2019_10,True,True,True,False,False,False,True,True,True,datasets\sen12_mt_urbanmapping\multimodal_cd_dataset\L15-0924E-1108N_3699_3757_13\s1\s1_L15-0924E-1108N_3699_3757_13_2019_10.tif,datasets\sen12_mt_urbanmapping\multimodal_cd_dataset\L15-0924E-1108N_3699_3757_13\s2\s2_L15-0924E-1108N_3699_3757_13_2019_10.tif,datasets\sen12_mt_urbanmapping\multimodal_cd_dataset\L15-0924E-1108N_3699_3757_13\buildings\buildings_L15-0924E-1108N_3699_3757_13_2019_10.tif
L15-0924E-1108N_3699_3757_13,2019,11,2019_11,True,True,True,False,False,False,True,True,True,datasets\sen12_mt_urbanmapping\multimodal_cd_dataset\L15-0924E-1108N_3699_3757_13\s1\s1_L15-0924E-1108N_3699_3757_13_2019_11.tif,datasets\sen12_mt_urbanmapping\multimodal_cd_dataset\L15-0924E-1108N_3699_3757_13\s2\s2_L15-0924E-1108N_3699_3757_13_2019_11.tif,datasets\sen12_mt_urbanmapping\multimodal_cd_dataset\L15-0924E-1108N_3699_3757_13\buildings\buildings_L15-0924E-1108N_3699_3757_13_2019_11.tif
L15-0924E-1108N_3699_3757_13,2019,12,2019_12,True,True,True,False,False,False,True,True,True,datasets\sen12_mt_urbanmapping\multimodal_cd_dataset\L15-0924E-1108N_3699_3757_13\s1\s1_L15-0924E-1108N_3699_3757_13_2019_12.tif,datasets\sen12_mt_urbanmapping\multimodal_cd_dataset\L15-0924E-1108N_3699_3757_13\s2\s2_L15-0924E-1108N_3699_3757_13_2019_12.tif,datasets\sen12_mt_urbanmapping\multimodal_cd_dataset\L15-0924E-1108N_3699_3757_13\buildings\buildings_L15-0924E-1108N_3699_3757_13_2019_12.tif
L15-0924E-1108N_3699_3757_13,2020,1,2020_01,True,True,True,False,False,False,True,True,True,datasets\sen12_mt_urbanmapping\multimodal_cd_dataset\L15-0924E-1108N_3699_3757_13\s1\s1_L15-0924E-1108N_3699_3757_13_2020_01.tif,datasets\sen12_mt_urbanmapping\multimodal_cd_dataset\L15-0924E-1108N_3699_3757_13\s2\s2_L15-0924E-1108N_3699_3757_13_2020_01.tif,datasets\sen12_mt_urbanmapping\multimodal_cd_dataset\L15-0924E-1108N_3699_3757_13\buildings\buildings_L15-0924E-1108N_3699_3757_13_2020_01.tif
L15-0977E-1187N_3911_3441_13,2018,1,2018_01,True,True,True,False,False,False,True,True,True,datasets\sen12_mt_urbanmapping\multimodal_cd_dataset\L15-0977E-1187N_3911_3441_13\s1\s1_L15-0977E-1187N_3911_3441_13_2018_01.tif,datasets\sen12_mt_urbanmapping\multimodal_cd_dataset\L15-0977E-1187N_3911_3441_13\s2\s2_L15-0977E-1187N_3911_3441_13_2018_01.tif,datasets\sen12_mt_urbanmapping\multimodal_cd_dataset\L15-0977E-1187N_3911_3441_13\buildings\buildings_L15-0977E-1187N_3911_3441_13_2018_01.tif
L15-0977E-1187N_3911_3441_13,2018,2,2018_02,True,True,True,False,False,False,True,True,True,datasets\sen12_mt_urbanmapping\multimodal_cd_dataset\L15-0977E-1187N_3911_3441_13\s1\s1_L15-0977E-1187N_3911_3441_13_2018_02.tif,datasets\sen12_mt_urbanmapping\multimodal_cd_dataset\L15-0977E-1187N_3911_3441_13\s2\s2_L15-0977E-1187N_3911_3441_13_2018_02.tif,datasets\sen12_mt_urbanmapping\multimodal_cd_dataset\L15-0977E-1187N_3911_3441_13\buildings\buildings_L15-0977E-1187N_3911_3441_13_2018_02.tif
L15-0977E-1187N_3911_3441_13,2018,3,2018_03,True,True,True,False,False,False,True,True,True,datasets\sen12_mt_urbanmapping\multimodal_cd_dataset\L15-0977E-1187N_3911_3441_13\s1\s1_L15-0977E-1187N_3911_3441_13_2018_03.tif,datasets\sen12_mt_urbanmapping\multimodal_cd_dataset\L15-0977E-1187N_3911_3441_13\s2\s2_L15-0977E-1187N_3911_3441_13_2018_03.tif,datasets\sen12_mt_urbanmapping\multimodal_cd_dataset\L15-0977E-1187N_3911_3441_13\buildings\buildings_L15-0977E-1187N_3911_3441_13_2018_03.tif
L15-0977E-1187N_3911_3441_13,2018,4,2018_04,True,True,True,False,False,False,True,True,True,datasets\sen12_mt_urbanmapping\multimodal_cd_dataset\L15-0977E-1187N_3911_3441_13\s1\s1_L15-0977E-1187N_3911_3441_13_2018_04.tif,datasets\sen12_mt_urbanmapping\multimodal_cd_dataset\L15-0977E-1187N_3911_3441_13\s2\s2_L15-0977E-1187N_3911_3441_13_2018_04.tif,datasets\sen12_mt_urbanmapping\multimodal_cd_dataset\L15-0977E-1187N_3911_3441_13\buildings\buildings_L15-0977E-1187N_3911_3441_13_2018_04.tif
L15-0977E-1187N_3911_3441_13,2018,5,2018_05,True,True,True,False,False,False,True,True,True,datasets\sen12_mt_urbanmapping\multimodal_cd_dataset\L15-0977E-1187N_3911_3441_13\s1\s1_L15-0977E-1187N_3911_3441_13_2018_05.tif,datasets\sen12_mt_urbanmapping\multimodal_cd_dataset\L15-0977E-1187N_3911_3441_13\s2\s2_L15-0977E-1187N_3911_3441_13_2018_05.tif,datasets\sen12_mt_urbanmapping\multimodal_cd_dataset\L15-0977E-1187N_3911_3441_13\buildings\buildings_L15-0977E-1187N_3911_3441_13_2018_05.tif
L15-0977E-1187N_3911_3441_13,2018,6,2018_06,True,True,True,False,False,False,True,True,True,datasets\sen12_mt_urbanmapping\multimodal_cd_dataset\L15-0977E-1187N_3911_3441_13\s1\s1_L15-0977E-1187N_3911_3441_13_2018_06.tif,datasets\sen12_mt_urbanmapping\multimodal_cd_dataset\L15-0977E-1187N_3911_3441_13\s2\s2_L15-0977E-1187N_3911_3441_13_2018_06.tif,datasets\sen12_mt_urbanmapping\multimodal_cd_dataset\L15-0977E-1187N_3911_3441_13\buildings\buildings_L15-0977E-1187N_3911_3441_13_2018_06.tif
L15-0977E-1187N_3911_3441_13,2018,7,2018_07,True,True,True,False,False,False,True,True,True,datasets\sen12_mt_urbanmapping\multimodal_cd_dataset\L15-0977E-1187N_3911_3441_13\s1\s1_L15-0977E-1187N_3911_3441_13_2018_07.tif,datasets\sen12_mt_urbanmapping\multimodal_cd_dataset\L15-0977E-1187N_3911_3441_13\s2\s2_L15-0977E-1187N_3911_3441_13_2018_07.tif,datasets\sen12_mt_urbanmapping\multimodal_cd_dataset\L15-0977E-1187N_3911_3441_13\buildings\buildings_L15-0977E-1187N_3911_3441_13_2018_07.tif
L15-0977E-1187N_3911_3441_13,2018,8,2018_08,True,True,True,False,False,False,True,True,True,datasets\sen12_mt_urbanmapping\multimodal_cd_dataset\L15-0977E-1187N_3911_3441_13\s1\s1_L15-0977E-1187N_3911_3441_13_2018_08.tif,datasets\sen12_mt_urbanmapping\multimodal_cd_dataset\L15-0977E-1187N_3911_3441_13\s2\s2_L15-0977E-1187N_3911_3441_13_2018_08.tif,datasets\sen12_mt_urbanmapping\multimodal_cd_dataset\L15-0977E-1187N_3911_3441_13\buildings\buildings_L15-0977E-1187N_3911_3441_13_2018_08.tif
L15-0977E-1187N_3911_3441_13,2018,9,2018_09,True,True,True,False,False,False,True,True,True,datasets\sen12_mt_urbanmapping\multimodal_cd_dataset\L15-0977E-1187N_3911_3441_13\s1\s1_L15-0977E-1187N_3911_3441_13_2018_09.tif,datasets\sen12_mt_urbanmapping\multimodal_cd_dataset\L15-0977E-1187N_3911_3441_13\s2\s2_L15-0977E-1187N_3911_3441_13_2018_09.tif,datasets\sen12_mt_urbanmapping\multimodal_cd_dataset\L15-0977E-1187N_3911_3441_13\buildings\buildings_L15-0977E-1187N_3911_3441_13_2018_09.tif
L15-0977E-1187N_3911_3441_13,2018,10,2018_10,True,True,True,False,False,False,True,True,True,datasets\sen12_mt_urbanmapping\multimodal_cd_dataset\L15-0977E-1187N_3911_3441_13\s1\s1_L15-0977E-1187N_3911_3441_13_2018_10.tif,datasets\sen12_mt_urbanmapping\multimodal_cd_dataset\L15-0977E-1187N_3911_3441_13\s2\s2_L15-0977E-1187N_3911_3441_13_2018_10.tif,datasets\sen12_mt_urbanmapping\multimodal_cd_dataset\L15-0977E-1187N_3911_3441_13\buildings\buildings_L15-0977E-1187N_3911_3441_13_2018_10.tif
L15-0977E-1187N_3911_3441_13,2018,11,2018_11,True,True,True,False,False,False,True,True,True,datasets\sen12_mt_urbanmapping\multimodal_cd_dataset\L15-0977E-1187N_3911_3441_13\s1\s1_L15-0977E-1187N_3911_3441_13_2018_11.tif,datasets\sen12_mt_urbanmapping\multimodal_cd_dataset\L15-0977E-1187N_3911_3441_13\s2\s2_L15-0977E-1187N_3911_3441_13_2018_11.tif,datasets\sen12_mt_urbanmapping\multimodal_cd_dataset\L15-0977E-1187N_3911_3441_13\buildings\buildings_L15-0977E-1187N_3911_3441_13_2018_11.tif
L15-0977E-1187N_3911_3441_13,2018,12,2018_12,True,True,True,False,False,False,True,True,True,datasets\sen12_mt_urbanmapping\multimodal_cd_dataset\L15-0977E-1187N_3911_3441_13\s1\s1_L15-0977E-1187N_3911_3441_13_2018_12.tif,datasets\sen12_mt_urbanmapping\multimodal_cd_dataset\L15-0977E-1187N_3911_3441_13\s2\s2_L15-0977E-1187N_3911_3441_13_2018_12.tif,datasets\sen12_mt_urbanmapping\multimodal_cd_dataset\L15-0977E-1187N_3911_3441_13\buildings\buildings_L15-0977E-1187N_3911_3441_13_2018_12.tif
L15-0977E-1187N_3911_3441_13,2019,1,2019_01,True,True,True,False,False,False,True,True,True,datasets\sen12_mt_urbanmapping\multimodal_cd_dataset\L15-0977E-1187N_3911_3441_13\s1\s1_L15-0977E-1187N_3911_3441_13_2019_01.tif,datasets\sen12_mt_urbanmapping\multimodal_cd_dataset\L15-0977E-1187N_3911_3441_13\s2\s2_L15-0977E-1187N_3911_3441_13_2019_01.tif,datasets\sen12_mt_urbanmapping\multimodal_cd_dataset\L15-0977E-1187N_3911_3441_13\buildings\buildings_L15-0977E-1187N_3911_3441_13_2019_01.tif
L15-0977E-1187N_3911_3441_13,2019,2,2019_02,True,True,True,False,False,False,True,True,True,datasets\sen12_mt_urbanmapping\multimodal_cd_dataset\L15-0977E-1187N_3911_3441_13\s1\s1_L15-0977E-1187N_3911_3441_13_2019_02.tif,datasets\sen12_mt_urbanmapping\multimodal_cd_dataset\L15-0977E-1187N_3911_3441_13\s2\s2_L15-0977E-1187N_3911_3441_13_2019_02.tif,datasets\sen12_mt_urbanmapping\multimodal_cd_dataset\L15-0977E-1187N_3911_3441_13\buildings\buildings_L15-0977E-1187N_3911_3441_13_2019_02.tif
L15-0977E-1187N_3911_3441_13,2019,3,2019_03,True,True,True,False,False,False,True,True,True,datasets\sen12_mt_urbanmapping\multimodal_cd_dataset\L15-0977E-1187N_3911_3441_13\s1\s1_L15-0977E-1187N_3911_3441_13_2019_03.tif,datasets\sen12_mt_urbanmapping\multimodal_cd_dataset\L15-0977E-1187N_3911_3441_13\s2\s2_L15-0977E-1187N_3911_3441_13_2019_03.tif,datasets\sen12_mt_urbanmapping\multimodal_cd_dataset\L15-0977E-1187N_3911_3441_13\buildings\buildings_L15-0977E-1187N_3911_3441_13_2019_03.tif
L15-0977E-1187N_3911_3441_13,2019,4,2019_04,True,True,True,False,False,False,True,True,True,datasets\sen12_mt_urbanmapping\multimodal_cd_dataset\L15-0977E-1187N_3911_3441_13\s1\s1_L15-0977E-1187N_3911_3441_13_2019_04.tif,datasets\sen12_mt_urbanmapping\multimodal_cd_dataset\L15-0977E-1187N_3911_3441_13\s2\s2_L15-0977E-1187N_3911_3441_13_2019_04.tif,datasets\sen12_mt_urbanmapping\multimodal_cd_dataset\L15-0977E-1187N_3911_3441_13\buildings\buildings_L15-0977E-1187N_3911_3441_13_2019_04.tif
L15-0977E-1187N_3911_3441_13,2019,5,2019_05,True,True,True,False,False,False,True,True,True,datasets\sen12_mt_urbanmapping\multimodal_cd_dataset\L15-0977E-1187N_3911_3441_13\s1\s1_L15-0977E-1187N_3911_3441_13_2019_05.tif,datasets\sen12_mt_urbanmapping\multimodal_cd_dataset\L15-0977E-1187N_3911_3441_13\s2\s2_L15-0977E-1187N_3911_3441_13_2019_05.tif,datasets\sen12_mt_urbanmapping\multimodal_cd_dataset\L15-0977E-1187N_3911_3441_13\buildings\buildings_L15-0977E-1187N_3911_3441_13_2019_05.tif
L15-0977E-1187N_3911_3441_13,2019,6,2019_06,True,True,True,False,False,False,True,True,True,datasets\sen12_mt_urbanmapping\multimodal_cd_dataset\L15-0977E-1187N_3911_3441_13\s1\s1_L15-0977E-1187N_3911_3441_13_2019_06.tif,datasets\sen12_mt_urbanmapping\multimodal_cd_dataset\L15-0977E-1187N_3911_3441_13\s2\s2_L15-0977E-1187N_3911_3441_13_2019_06.tif,datasets\sen12_mt_urbanmapping\multimodal_cd_dataset\L15-0977E-1187N_3911_3441_13\buildings\buildings_L15-0977E-1187N_3911_3441_13_2019_06.tif
L15-0977E-1187N_3911_3441_13,2019,7,2019_07,True,True,True,False,False,False,True,True,True,datasets\sen12_mt_urbanmapping\multimodal_cd_dataset\L15-0977E-1187N_3911_3441_13\s1\s1_L15-0977E-1187N_3911_3441_13_2019_07.tif,datasets\sen12_mt_urbanmapping\multimodal_cd_dataset\L15-0977E-1187N_3911_3441_13\s2\s2_L15-0977E-1187N_3911_3441_13_2019_07.tif,datasets\sen12_mt_urbanmapping\multimodal_cd_dataset\L15-0977E-1187N_3911_3441_13\buildings\buildings_L15-0977E-1187N_3911_3441_13_2019_07.tif
L15-0977E-1187N_3911_3441_13,2019,8,2019_08,True,True,True,False,False,False,True,True,True,datasets\sen12_mt_urbanmapping\multimodal_cd_dataset\L15-0977E-1187N_3911_3441_13\s1\s1_L15-0977E-1187N_3911_3441_13_2019_08.tif,datasets\sen12_mt_urbanmapping\multimodal_cd_dataset\L15-0977E-1187N_3911_3441_13\s2\s2_L15-0977E-1187N_3911_3441_13_2019_08.tif,datasets\sen12_mt_urbanmapping\multimodal_cd_dataset\L15-0977E-1187N_3911_3441_13\buildings\buildings_L15-0977E-1187N_3911_3441_13_2019_08.tif
L15-0977E-1187N_3911_3441_13,2019,9,2019_09,True,True,True,False,False,False,True,True,True,datasets\sen12_mt_urbanmapping\multimodal_cd_dataset\L15-0977E-1187N_3911_3441_13\s1\s1_L15-0977E-1187N_3911_3441_13_2019_09.tif,datasets\sen12_mt_urbanmapping\multimodal_cd_dataset\L15-0977E-1187N_3911_3441_13\s2\s2_L15-0977E-1187N_3911_3441_13_2019_09.tif,datasets\sen12_mt_urbanmapping\multimodal_cd_dataset\L15-0977E-1187N_3911_3441_13\buildings\buildings_L15-0977E-1187N_3911_3441_13_2019_09.tif
L15-0977E-1187N_3911_3441_13,2019,10,2019_10,True,True,True,False,False,False,True,True,True,datasets\sen12_mt_urbanmapping\multimodal_cd_dataset\L15-0977E-1187N_3911_3441_13\s1\s1_L15-0977E-1187N_3911_3441_13_2019_10.tif,datasets\sen12_mt_urbanmapping\multimodal_cd_dataset\L15-0977E-1187N_3911_3441_13\s2\s2_L15-0977E-1187N_3911_3441_13_2019_10.tif,datasets\sen12_mt_urbanmapping\multimodal_cd_dataset\L15-0977E-1187N_3911_3441_13\buildings\buildings_L15-0977E-1187N_3911_3441_13_2019_10.tif
L15-0977E-1187N_3911_3441_13,2019,11,2019_11,True,True,True,False,False,False,True,True,True,datasets\sen12_mt_urbanmapping\multimodal_cd_dataset\L15-0977E-1187N_3911_3441_13\s1\s1_L15-0977E-1187N_3911_3441_13_2019_11.tif,datasets\sen12_mt_urbanmapping\multimodal_cd_dataset\L15-0977E-1187N_3911_3441_13\s2\s2_L15-0977E-1187N_3911_3441_13_2019_11.tif,datasets\sen12_mt_urbanmapping\multimodal_cd_dataset\L15-0977E-1187N_3911_3441_13\buildings\buildings_L15-0977E-1187N_3911_3441_13_2019_11.tif
L15-0977E-1187N_3911_3441_13,2019,12,2019_12,True,True,True,False,False,False,True,True,True,datasets\sen12_mt_urbanmapping\multimodal_cd_dataset\L15-0977E-1187N_3911_3441_13\s1\s1_L15-0977E-1187N_3911_3441_13_2019_12.tif,datasets\sen12_mt_urbanmapping\multimodal_cd_dataset\L15-0977E-1187N_3911_3441_13\s2\s2_L15-0977E-1187N_3911_3441_13_2019_12.tif,datasets\sen12_mt_urbanmapping\multimodal_cd_dataset\L15-0977E-1187N_3911_3441_13\buildings\buildings_L15-0977E-1187N_3911_3441_13_2019_12.tif
L15-0977E-1187N_3911_3441_13,2020,1,2020_01,True,True,True,False,False,False,True,True,True,datasets\sen12_mt_urbanmapping\multimodal_cd_dataset\L15-0977E-1187N_3911_3441_13\s1\s1_L15-0977E-1187N_3911_3441_13_2020_01.tif,datasets\sen12_mt_urbanmapping\multimodal_cd_dataset\L15-0977E-1187N_3911_3441_13\s2\s2_L15-0977E-1187N_3911_3441_13_2020_01.tif,datasets\sen12_mt_urbanmapping\multimodal_cd_dataset\L15-0977E-1187N_3911_3441_13\buildings\buildings_L15-0977E-1187N_3911_3441_13_2020_01.tif
L15-1014E-1375N_4056_2688_13,2018,1,2018_01,True,True,True,False,False,False,True,True,True,datasets\sen12_mt_urbanmapping\multimodal_cd_dataset\L15-1014E-1375N_4056_2688_13\s1\s1_L15-1014E-1375N_4056_2688_13_2018_01.tif,datasets\sen12_mt_urbanmapping\multimodal_cd_dataset\L15-1014E-1375N_4056_2688_13\s2\s2_L15-1014E-1375N_4056_2688_13_2018_01.tif,datasets\sen12_mt_urbanmapping\multimodal_cd_dataset\L15-1014E-1375N_4056_2688_13\buildings\buildings_L15-1014E-1375N_4056_2688_13_2018_01.tif
L15-1014E-1375N_4056_2688_13,2018,2,2018_02,True,False,True,False,False,True,True,True,True,datasets\sen12_mt_urbanmapping\multimodal_cd_dataset\L15-1014E-1375N_4056_2688_13\s1\s1_L15-1014E-1375N_4056_2688_13_2018_02.tif,datasets\sen12_mt_urbanmapping\multimodal_cd_dataset\L15-1014E-1375N_4056_2688_13\s2\s2_L15-1014E-1375N_4056_2688_13_2018_02.tif,datasets\sen12_mt_urbanmapping\multimodal_cd_dataset\L15-1014E-1375N_4056_2688_13\buildings\buildings_L15-1014E-1375N_4056_2688_13_2018_02.tif
L15-1014E-1375N_4056_2688_13,2018,3,2018_03,True,False,True,False,False,True,True,True,True,datasets\sen12_mt_urbanmapping\multimodal_cd_dataset\L15-1014E-1375N_4056_2688_13\s1\s1_L15-1014E-1375N_4056_2688_13_2018_03.tif,datasets\sen12_mt_urbanmapping\multimodal_cd_dataset\L15-1014E-1375N_4056_2688_13\s2\s2_L15-1014E-1375N_4056_2688_13_2018_03.tif,datasets\sen12_mt_urbanmapping\multimodal_cd_dataset\L15-1014E-1375N_4056_2688_13\buildings\buildings_L15-1014E-1375N_4056_2688_13_2018_03.tif
L15-1014E-1375N_4056_2688_13,2018,4,2018_04,True,True,True,False,False,False,True,True,True,datasets\sen12_mt_urbanmapping\multimodal_cd_dataset\L15-1014E-1375N_4056_2688_13\s1\s1_L15-1014E-1375N_4056_2688_13_2018_04.tif,datasets\sen12_mt_urbanmapping\multimodal_cd_dataset\L15-1014E-1375N_4056_2688_13\s2\s2_L15-1014E-1375N_4056_2688_13_2018_04.tif,datasets\sen12_mt_urbanmapping\multimodal_cd_dataset\L15-1014E-1375N_4056_2688_13\buildings\buildings_L15-1014E-1375N_4056_2688_13_2018_04.tif
L15-1014E-1375N_4056_2688_13,2018,5,2018_05,True,True,True,False,False,False,True,True,True,datasets\sen12_mt_urbanmapping\multimodal_cd_dataset\L15-1014E-1375N_4056_2688_13\s1\s1_L15-1014E-1375N_4056_2688_13_2018_05.tif,datasets\sen12_mt_urbanmapping\multimodal_cd_dataset\L15-1014E-1375N_4056_2688_13\s2\s2_L15-1014E-1375N_4056_2688_13_2018_05.tif,datasets\sen12_mt_urbanmapping\multimodal_cd_dataset\L15-1014E-1375N_4056_2688_13\buildings\buildings_L15-1014E-1375N_4056_2688_13_2018_05.tif
L15-1014E-1375N_4056_2688_13,2018,6,2018_06,True,True,True,False,False,False,True,True,True,datasets\sen12_mt_urbanmapping\multimodal_cd_dataset\L15-1014E-1375N_4056_2688_13\s1\s1_L15-1014E-1375N_4056_2688_13_2018_06.tif,datasets\sen12_mt_urbanmapping\multimodal_cd_dataset\L15-1014E-1375N_4056_2688_13\s2\s2_L15-1014E-1375N_4056_2688_13_2018_06.tif,datasets\sen12_mt_urbanmapping\multimodal_cd_dataset\L15-1014E-1375N_4056_2688_13\buildings\buildings_L15-1014E-1375N_4056_2688_13_2018_06.tif
L15-1014E-1375N_4056_2688_13,2018,7,2018_07,True,True,True,False,False,False,True,True,True,datasets\sen12_mt_urbanmapping\multimodal_cd_dataset\L15-1014E-1375N_4056_2688_13\s1\s1_L15-1014E-1375N_4056_2688_13_2018_07.tif,datasets\sen12_mt_urbanmapping\multimodal_cd_dataset\L15-1014E-1375N_4056_2688_13\s2\s2_L15-1014E-1375N_4056_2688_13_2018_07.tif,datasets\sen12_mt_urbanmapping\multimodal_cd_dataset\L15-1014E-1375N_4056_2688_13\buildings\buildings_L15-1014E-1375N_4056_2688_13_2018_07.tif
L15-1014E-1375N_4056_2688_13,2018,8,2018_08,True,False,True,False,False,True,True,True,True,datasets\sen12_mt_urbanmapping\multimodal_cd_dataset\L15-1014E-1375N_4056_2688_13\s1\s1_L15-1014E-1375N_4056_2688_13_2018_08.tif,datasets\sen12_mt_urbanmapping\multimodal_cd_dataset\L15-1014E-1375N_4056_2688_13\s2\s2_L15-1014E-1375N_4056_2688_13_2018_08.tif,datasets\sen12_mt_urbanmapping\multimodal_cd_dataset\L15-1014E-1375N_4056_2688_13\buildings\buildings_L15-1014E-1375N_4056_2688_13_2018_08.tif
L15-1014E-1375N_4056_2688_13,2018,9,2018_09,True,True,True,True,False,False,True,True,True,datasets\sen12_mt_urbanmapping\multimodal_cd_dataset\L15-1014E-1375N_4056_2688_13\s1\s1_L15-1014E-1375N_4056_2688_13_2018_09.tif,datasets\sen12_mt_urbanmapping\multimodal_cd_dataset\L15-1014E-1375N_4056_2688_13\s2\s2_L15-1014E-1375N_4056_2688_13_2018_09.tif,datasets\sen12_mt_urbanmapping\multimodal_cd_dataset\L15-1014E-1375N_4056_2688_13\buildings\buildings_L15-1014E-1375N_4056_2688_13_2018_09.tif
L15-1014E-1375N_4056_2688_13,2018,10,2018_10,True,True,True,False,False,False,True,True,True,datasets\sen12_mt_urbanmapping\multimodal_cd_dataset\L15-1014E-1375N_4056_2688_13\s1\s1_L15-1014E-1375N_4056_2688_13_2018_10.tif,datasets\sen12_mt_urbanmapping\multimodal_cd_dataset\L15-1014E-1375N_4056_2688_13\s2\s2_L15-1014E-1375N_4056_2688_13_2018_10.tif,datasets\sen12_mt_urbanmapping\multimodal_cd_dataset\L15-1014E-1375N_4056_2688_13\buildings\buildings_L15-1014E-1375N_4056_2688_13_2018_10.tif
L15-1014E-1375N_4056_2688_13,2018,11,2018_11,True,True,True,False,False,False,True,True,True,datasets\sen12_mt_urbanmapping\multimodal_cd_dataset\L15-1014E-1375N_4056_2688_13\s1\s1_L15-1014E-1375N_4056_2688_13_2018_11.tif,datasets\sen12_mt_urbanmapping\multimodal_cd_dataset\L15-1014E-1375N_4056_2688_13\s2\s2_L15-1014E-1375N_4056_2688_13_2018_11.tif,datasets\sen12_mt_urbanmapping\multimodal_cd_dataset\L15-1014E-1375N_4056_2688_13\buildings\buildings_L15-1014E-1375N_4056_2688_13_2018_11.tif
L15-1014E-1375N_4056_2688_13,2018,12,2018_12,True,False,True,False,False,True,True,True,True,datasets\sen12_mt_urbanmapping\multimodal_cd_dataset\L15-1014E-1375N_4056_2688_13\s1\s1_L15-1014E-1375N_4056_2688_13_2018_12.tif,datasets\sen12_mt_urbanmapping\multimodal_cd_dataset\L15-1014E-1375N_4056_2688_13\s2\s2_L15-1014E-1375N_4056_2688_13_2018_12.tif,datasets\sen12_mt_urbanmapping\multimodal_cd_dataset\L15-1014E-1375N_4056_2688_13\buildings\buildings_L15-1014E-1375N_4056_2688_13_2018_12.tif
L15-1014E-1375N_4056_2688_13,2019,1,2019_01,True,True,True,False,False,False,True,True,True,datasets\sen12_mt_urbanmapping\multimodal_cd_dataset\L15-1014E-1375N_4056_2688_13\s1\s1_L15-1014E-1375N_4056_2688_13_2019_01.tif,datasets\sen12_mt_urbanmapping\multimodal_cd_dataset\L15-1014E-1375N_4056_2688_13\s2\s2_L15-1014E-1375N_4056_2688_13_2019_01.tif,datasets\sen12_mt_urbanmapping\multimodal_cd_dataset\L15-1014E-1375N_4056_2688_13\buildings\buildings_L15-1014E-1375N_4056_2688_13_2019_01.tif
L15-1014E-1375N_4056_2688_13,2019,2,2019_02,True,True,True,False,False,False,True,True,True,datasets\sen12_mt_urbanmapping\multimodal_cd_dataset\L15-1014E-1375N_4056_2688_13\s1\s1_L15-1014E-1375N_4056_2688_13_2019_02.tif,datasets\sen12_mt_urbanmapping\multimodal_cd_dataset\L15-1014E-1375N_4056_2688_13\s2\s2_L15-1014E-1375N_4056_2688_13_2019_02.tif,datasets\sen12_mt_urbanmapping\multimodal_cd_dataset\L15-1014E-1375N_4056_2688_13\buildings\buildings_L15-1014E-1375N_4056_2688_13_2019_02.tif
L15-1014E-1375N_4056_2688_13,2019,3,2019_03,True,False,True,False,False,True,True,True,True,datasets\sen12_mt_urbanmapping\multimodal_cd_dataset\L15-1014E-1375N_4056_2688_13\s1\s1_L15-1014E-1375N_4056_2688_13_2019_03.tif,datasets\sen12_mt_urbanmapping\multimodal_cd_dataset\L15-1014E-1375N_4056_2688_13\s2\s2_L15-1014E-1375N_4056_2688_13_2019_03.tif,datasets\sen12_mt_urbanmapping\multimodal_cd_dataset\L15-1014E-1375N_4056_2688_13\buildings\buildings_L15-1014E-1375N_4056_2688_13_2019_03.tif
L15-1014E-1375N_4056_2688_13,2019,4,2019_04,True,True,True,False,False,False,True,True,True,datasets\sen12_mt_urbanmapping\multimodal_cd_dataset\L15-1014E-1375N_4056_2688_13\s1\s1_L15-1014E-1375N_4056_2688_13_2019_04.tif,datasets\sen12_mt_urbanmapping\multimodal_cd_dataset\L15-1014E-1375N_4056_2688_13\s2\s2_L15-1014E-1375N_4056_2688_13_2019_04.tif,datasets\sen12_mt_urbanmapping\multimodal_cd_dataset\L15-1014E-1375N_4056_2688_13\buildings\buildings_L15-1014E-1375N_4056_2688_13_2019_04.tif
L15-1014E-1375N_4056_2688_13,2019,5,2019_05,True,False,True,False,False,True,True,True,True,datasets\sen12_mt_urbanmapping\multimodal_cd_dataset\L15-1014E-1375N_4056_2688_13\s1\s1_L15-1014E-1375N_4056_2688_13_2019_05.tif,datasets\sen12_mt_urbanmapping\multimodal_cd_dataset\L15-1014E-1375N_4056_2688_13\s2\s2_L15-1014E-1375N_4056_2688_13_2019_05.tif,datasets\sen12_mt_urbanmapping\multimodal_cd_dataset\L15-1014E-1375N_4056_2688_13\buildings\buildings_L15-1014E-1375N_4056_2688_13_2019_05.tif
L15-1014E-1375N_4056_2688_13,2019,6,2019_06,True,True,True,False,False,False,True,True,True,datasets\sen12_mt_urbanmapping\multimodal_cd_dataset\L15-1014E-1375N_4056_2688_13\s1\s1_L15-1014E-1375N_4056_2688_13_2019_06.tif,datasets\sen12_mt_urbanmapping\multimodal_cd_dataset\L15-1014E-1375N_4056_2688_13\s2\s2_L15-1014E-1375N_4056_2688_13_2019_06.tif,datasets\sen12_mt_urbanmapping\multimodal_cd_dataset\L15-1014E-1375N_4056_2688_13\buildings\buildings_L15-1014E-1375N_4056_2688_13_2019_06.tif
L15-1014E-1375N_4056_2688_13,2019,7,2019_07,True,True,True,False,False,False,True,True,True,datasets\sen12_mt_urbanmapping\multimodal_cd_dataset\L15-1014E-1375N_4056_2688_13\s1\s1_L15-1014E-1375N_4056_2688_13_2019_07.tif,datasets\sen12_mt_urbanmapping\multimodal_cd_dataset\L15-1014E-1375N_4056_2688_13\s2\s2_L15-1014E-1375N_4056_2688_13_2019_07.tif,datasets\sen12_mt_urbanmapping\multimodal_cd_dataset\L15-1014E-1375N_4056_2688_13\buildings\buildings_L15-1014E-1375N_4056_2688_13_2019_07.tif
L15-1014E-1375N_4056_2688_13,2019,8,2019_08,True,True,True,False,False,False,True,True,True,datasets\sen12_mt_urbanmapping\multimodal_cd_dataset\L15-1014E-1375N_4056_2688_13\s1\s1_L15-1014E-1375N_4056_2688_13_2019_08.tif,datasets\sen12_mt_urbanmapping\multimodal_cd_dataset\L15-1014E-1375N_4056_2688_13\s2\s2_L15-1014E-1375N_4056_2688_13_2019_08.tif,datasets\sen12_mt_urbanmapping\multimodal_cd_dataset\L15-1014E-1375N_4056_2688_13\buildings\buildings_L15-1014E-1375N_4056_2688_13_2019_08.tif
L15-1014E-1375N_4056_2688_13,2019,9,2019_09,True,True,True,False,False,False,True,True,True,datasets\sen12_mt_urbanmapping\multimodal_cd_dataset\L15-1014E-1375N_4056_2688_13\s1\s1_L15-1014E-1375N_4056_2688_13_2019_09.tif,datasets\sen12_mt_urbanmapping\multimodal_cd_dataset\L15-1014E-1375N_4056_2688_13\s2\s2_L15-1014E-1375N_4056_2688_13_2019_09.tif,datasets\sen12_mt_urbanmapping\multimodal_cd_dataset\L15-1014E-1375N_4056_2688_13\buildings\buildings_L15-1014E-1375N_4056_2688_13_2019_09.tif
L15-1014E-1375N_4056_2688_13,2019,10,2019_10,True,True,True,False,False,False,True,True,True,datasets\sen12_mt_urbanmapping\multimodal_cd_dataset\L15-1014E-1375N_4056_2688_13\s1\s1_L15-1014E-1375N_4056_2688_13_2019_10.tif,datasets\sen12_mt_urbanmapping\multimodal_cd_dataset\L15-1014E-1375N_4056_2688_13\s2\s2_L15-1014E-1375N_4056_2688_13_2019_10.tif,datasets\sen12_mt_urbanmapping\multimodal_cd_dataset\L15-1014E-1375N_4056_2688_13\buildings\buildings_L15-1014E-1375N_4056_2688_13_2019_10.tif
L15-1014E-1375N_4056_2688_13,2019,12,2019_12,True,False,True,False,False,True,True,True,True,datasets\sen12_mt_urbanmapping\multimodal_cd_dataset\L15-1014E-1375N_4056_2688_13\s1\s1_L15-1014E-1375N_4056_2688_13_2019_12.tif,datasets\sen12_mt_urbanmapping\multimodal_cd_dataset\L15-1014E-1375N_4056_2688_13\s2\s2_L15-1014E-1375N_4056_2688_13_2019_12.tif,datasets\sen12_mt_urbanmapping\multimodal_cd_dataset\L15-1014E-1375N_4056_2688_13\buildings\buildings_L15-1014E-1375N_4056_2688_13_2019_12.tif
L15-1014E-1375N_4056_2688_13,2020,1,2020_01,True,True,True,False,False,False,True,True,True,datasets\sen12_mt_urbanmapping\multimodal_cd_dataset\L15-1014E-1375N_4056_2688_13\s1\s1_L15-1014E-1375N_4056_2688_13_2020_01.tif,datasets\sen12_mt_urbanmapping\multimodal_cd_dataset\L15-1014E-1375N_4056_2688_13\s2\s2_L15-1014E-1375N_4056_2688_13_2020_01.tif,datasets\sen12_mt_urbanmapping\multimodal_cd_dataset\L15-1014E-1375N_4056_2688_13\buildings\buildings_L15-1014E-1375N_4056_2688_13_2020_01.tif
L15-1015E-1062N_4061_3941_13,2018,1,2018_01,True,True,True,False,False,False,True,True,True,datasets\sen12_mt_urbanmapping\multimodal_cd_dataset\L15-1015E-1062N_4061_3941_13\s1\s1_L15-1015E-1062N_4061_3941_13_2018_01.tif,datasets\sen12_mt_urbanmapping\multimodal_cd_dataset\L15-1015E-1062N_4061_3941_13\s2\s2_L15-1015E-1062N_4061_3941_13_2018_01.tif,datasets\sen12_mt_urbanmapping\multimodal_cd_dataset\L15-1015E-1062N_4061_3941_13\buildings\buildings_L15-1015E-1062N_4061_3941_13_2018_01.tif
L15-1015E-1062N_4061_3941_13,2018,2,2018_02,True,False,True,False,False,True,True,True,True,datasets\sen12_mt_urbanmapping\multimodal_cd_dataset\L15-1015E-1062N_4061_3941_13\s1\s1_L15-1015E-1062N_4061_3941_13_2018_02.tif,datasets\sen12_mt_urbanmapping\multimodal_cd_dataset\L15-1015E-1062N_4061_3941_13\s2\s2_L15-1015E-1062N_4061_3941_13_2018_02.tif,datasets\sen12_mt_urbanmapping\multimodal_cd_dataset\L15-1015E-1062N_4061_3941_13\buildings\buildings_L15-1015E-1062N_4061_3941_13_2018_02.tif
L15-1015E-1062N_4061_3941_13,2018,3,2018_03,True,False,True,True,False,True,True,True,True,datasets\sen12_mt_urbanmapping\multimodal_cd_dataset\L15-1015E-1062N_4061_3941_13\s1\s1_L15-1015E-1062N_4061_3941_13_2018_03.tif,datasets\sen12_mt_urbanmapping\multimodal_cd_dataset\L15-1015E-1062N_4061_3941_13\s2\s2_L15-1015E-1062N_4061_3941_13_2018_03.tif,datasets\sen12_mt_urbanmapping\multimodal_cd_dataset\L15-1015E-1062N_4061_3941_13\buildings\buildings_L15-1015E-1062N_4061_3941_13_2018_03.tif
L15-1015E-1062N_4061_3941_13,2018,4,2018_04,True,False,True,False,False,True,True,True,True,datasets\sen12_mt_urbanmapping\multimodal_cd_dataset\L15-1015E-1062N_4061_3941_13\s1\s1_L15-1015E-1062N_4061_3941_13_2018_04.tif,datasets\sen12_mt_urbanmapping\multimodal_cd_dataset\L15-1015E-1062N_4061_3941_13\s2\s2_L15-1015E-1062N_4061_3941_13_2018_04.tif,datasets\sen12_mt_urbanmapping\multimodal_cd_dataset\L15-1015E-1062N_4061_3941_13\buildings\buildings_L15-1015E-1062N_4061_3941_13_2018_04.tif
L15-1015E-1062N_4061_3941_13,2018,5,2018_05,True,False,True,True,False,True,True,True,True,datasets\sen12_mt_urbanmapping\multimodal_cd_dataset\L15-1015E-1062N_4061_3941_13\s1\s1_L15-1015E-1062N_4061_3941_13_2018_05.tif,datasets\sen12_mt_urbanmapping\multimodal_cd_dataset\L15-1015E-1062N_4061_3941_13\s2\s2_L15-1015E-1062N_4061_3941_13_2018_05.tif,datasets\sen12_mt_urbanmapping\multimodal_cd_dataset\L15-1015E-1062N_4061_3941_13\buildings\buildings_L15-1015E-1062N_4061_3941_13_2018_05.tif
L15-1015E-1062N_4061_3941_13,2018,6,2018_06,True,False,True,True,False,True,True,True,True,datasets\sen12_mt_urbanmapping\multimodal_cd_dataset\L15-1015E-1062N_4061_3941_13\s1\s1_L15-1015E-1062N_4061_3941_13_2018_06.tif,datasets\sen12_mt_urbanmapping\multimodal_cd_dataset\L15-1015E-1062N_4061_3941_13\s2\s2_L15-1015E-1062N_4061_3941_13_2018_06.tif,datasets\sen12_mt_urbanmapping\multimodal_cd_dataset\L15-1015E-1062N_4061_3941_13\buildings\buildings_L15-1015E-1062N_4061_3941_13_2018_06.tif
L15-1015E-1062N_4061_3941_13,2018,10,2018_10,True,False,True,False,False,True,True,True,True,datasets\sen12_mt_urbanmapping\multimodal_cd_dataset\L15-1015E-1062N_4061_3941_13\s1\s1_L15-1015E-1062N_4061_3941_13_2018_10.tif,datasets\sen12_mt_urbanmapping\multimodal_cd_dataset\L15-1015E-1062N_4061_3941_13\s2\s2_L15-1015E-1062N_4061_3941_13_2018_10.tif,datasets\sen12_mt_urbanmapping\multimodal_cd_dataset\L15-1015E-1062N_4061_3941_13\buildings\buildings_L15-1015E-1062N_4061_3941_13_2018_10.tif
L15-1015E-1062N_4061_3941_13,2018,11,2018_11,True,False,True,True,False,True,True,True,True,datasets\sen12_mt_urbanmapping\multimodal_cd_dataset\L15-1015E-1062N_4061_3941_13\s1\s1_L15-1015E-1062N_4061_3941_13_2018_11.tif,datasets\sen12_mt_urbanmapping\multimodal_cd_dataset\L15-1015E-1062N_4061_3941_13\s2\s2_L15-1015E-1062N_4061_3941_13_2018_11.tif,datasets\sen12_mt_urbanmapping\multimodal_cd_dataset\L15-1015E-1062N_4061_3941_13\buildings\buildings_L15-1015E-1062N_4061_3941_13_2018_11.tif
L15-1015E-1062N_4061_3941_13,2018,12,2018_12,True,False,True,True,False,True,True,True,True,datasets\sen12_mt_urbanmapping\multimodal_cd_dataset\L15-1015E-1062N_4061_3941_13\s1\s1_L15-1015E-1062N_4061_3941_13_2018_12.tif,datasets\sen12_mt_urbanmapping\multimodal_cd_dataset\L15-1015E-1062N_4061_3941_13\s2\s2_L15-1015E-1062N_4061_3941_13_2018_12.tif,datasets\sen12_mt_urbanmapping\multimodal_cd_dataset\L15-1015E-1062N_4061_3941_13\buildings\buildings_L15-1015E-1062N_4061_3941_13_2018_12.tif
L15-1015E-1062N_4061_3941_13,2019,1,2019_01,True,True,True,False,False,False,True,True,True,datasets\sen12_mt_urbanmapping\multimodal_cd_dataset\L15-1015E-1062N_4061_3941_13\s1\s1_L15-1015E-1062N_4061_3941_13_2019_01.tif,datasets\sen12_mt_urbanmapping\multimodal_cd_dataset\L15-1015E-1062N_4061_3941_13\s2\s2_L15-1015E-1062N_4061_3941_13_2019_01.tif,datasets\sen12_mt_urbanmapping\multimodal_cd_dataset\L15-1015E-1062N_4061_3941_13\buildings\buildings_L15-1015E-1062N_4061_3941_13_2019_01.tif
L15-1015E-1062N_4061_3941_13,2019,2,2019_02,True,True,True,False,False,False,True,True,True,datasets\sen12_mt_urbanmapping\multimodal_cd_dataset\L15-1015E-1062N_4061_3941_13\s1\s1_L15-1015E-1062N_4061_3941_13_2019_02.tif,datasets\sen12_mt_urbanmapping\multimodal_cd_dataset\L15-1015E-1062N_4061_3941_13\s2\s2_L15-1015E-1062N_4061_3941_13_2019_02.tif,datasets\sen12_mt_urbanmapping\multimodal_cd_dataset\L15-1015E-1062N_4061_3941_13\buildings\buildings_L15-1015E-1062N_4061_3941_13_2019_02.tif
L15-1015E-1062N_4061_3941_13,2019,3,2019_03,True,True,True,False,False,False,True,True,True,datasets\sen12_mt_urbanmapping\multimodal_cd_dataset\L15-1015E-1062N_4061_3941_13\s1\s1_L15-1015E-1062N_4061_3941_13_2019_03.tif,datasets\sen12_mt_urbanmapping\multimodal_cd_dataset\L15-1015E-1062N_4061_3941_13\s2\s2_L15-1015E-1062N_4061_3941_13_2019_03.tif,datasets\sen12_mt_urbanmapping\multimodal_cd_dataset\L15-1015E-1062N_4061_3941_13\buildings\buildings_L15-1015E-1062N_4061_3941_13_2019_03.tif
L15-1015E-1062N_4061_3941_13,2019,4,2019_04,True,False,True,True,False,True,True,True,True,datasets\sen12_mt_urbanmapping\multimodal_cd_dataset\L15-1015E-1062N_4061_3941_13\s1\s1_L15-1015E-1062N_4061_3941_13_2019_04.tif,datasets\sen12_mt_urbanmapping\multimodal_cd_dataset\L15-1015E-1062N_4061_3941_13\s2\s2_L15-1015E-1062N_4061_3941_13_2019_04.tif,datasets\sen12_mt_urbanmapping\multimodal_cd_dataset\L15-1015E-1062N_4061_3941_13\buildings\buildings_L15-1015E-1062N_4061_3941_13_2019_04.tif
L15-1015E-1062N_4061_3941_13,2019,5,2019_05,True,False,True,True,False,True,True,True,True,datasets\sen12_mt_urbanmapping\multimodal_cd_dataset\L15-1015E-1062N_4061_3941_13\s1\s1_L15-1015E-1062N_4061_3941_13_2019_05.tif,datasets\sen12_mt_urbanmapping\multimodal_cd_dataset\L15-1015E-1062N_4061_3941_13\s2\s2_L15-1015E-1062N_4061_3941_13_2019_05.tif,datasets\sen12_mt_urbanmapping\multimodal_cd_dataset\L15-1015E-1062N_4061_3941_13\buildings\buildings_L15-1015E-1062N_4061_3941_13_2019_05.tif
L15-1015E-1062N_4061_3941_13,2019,10,2019_10,True,False,True,True,False,True,True,True,True,datasets\sen12_mt_urbanmapping\multimodal_cd_dataset\L15-1015E-1062N_4061_3941_13\s1\s1_L15-1015E-1062N_4061_3941_13_2019_10.tif,datasets\sen12_mt_urbanmapping\multimodal_cd_dataset\L15-1015E-1062N_4061_3941_13\s2\s2_L15-1015E-1062N_4061_3941_13_2019_10.tif,datasets\sen12_mt_urbanmapping\multimodal_cd_dataset\L15-1015E-1062N_4061_3941_13\buildings\buildings_L15-1015E-1062N_4061_3941_13_2019_10.tif
L15-1015E-1062N_4061_3941_13,2019,11,2019_11,True,False,True,False,False,True,True,True,True,datasets\sen12_mt_urbanmapping\multimodal_cd_dataset\L15-1015E-1062N_4061_3941_13\s1\s1_L15-1015E-1062N_4061_3941_13_2019_11.tif,datasets\sen12_mt_urbanmapping\multimodal_cd_dataset\L15-1015E-1062N_4061_3941_13\s2\s2_L15-1015E-1062N_4061_3941_13_2019_11.tif,datasets\sen12_mt_urbanmapping\multimodal_cd_dataset\L15-1015E-1062N_4061_3941_13\buildings\buildings_L15-1015E-1062N_4061_3941_13_2019_11.tif
L15-1015E-1062N_4061_3941_13,2019,12,2019_12,True,False,True,False,False,True,True,True,True,datasets\sen12_mt_urbanmapping\multimodal_cd_dataset\L15-1015E-1062N_4061_3941_13\s1\s1_L15-1015E-1062N_4061_3941_13_2019_12.tif,datasets\sen12_mt_urbanmapping\multimodal_cd_dataset\L15-1015E-1062N_4061_3941_13\s2\s2_L15-1015E-1062N_4061_3941_13_2019_12.tif,datasets\sen12_mt_urbanmapping\multimodal_cd_dataset\L15-1015E-1062N_4061_3941_13\buildings\buildings_L15-1015E-1062N_4061_3941_13_2019_12.tif
L15-1015E-1062N_4061_3941_13,2020,1,2020_01,True,True,True,False,False,False,True,True,True,datasets\sen12_mt_urbanmapping\multimodal_cd_dataset\L15-1015E-1062N_4061_3941_13\s1\s1_L15-1015E-1062N_4061_3941_13_2020_01.tif,datasets\sen12_mt_urbanmapping\multimodal_cd_dataset\L15-1015E-1062N_4061_3941_13\s2\s2_L15-1015E-1062N_4061_3941_13_2020_01.tif,datasets\sen12_mt_urbanmapping\multimodal_cd_dataset\L15-1015E-1062N_4061_3941_13\buildings\buildings_L15-1015E-1062N_4061_3941_13_2020_01.tif
L15-1025E-1366N_4102_2726_13,2018,1,2018_01,True,False,True,False,False,True,True,True,True,datasets\sen12_mt_urbanmapping\multimodal_cd_dataset\L15-1025E-1366N_4102_2726_13\s1\s1_L15-1025E-1366N_4102_2726_13_2018_01.tif,datasets\sen12_mt_urbanmapping\multimodal_cd_dataset\L15-1025E-1366N_4102_2726_13\s2\s2_L15-1025E-1366N_4102_2726_13_2018_01.tif,datasets\sen12_mt_urbanmapping\multimodal_cd_dataset\L15-1025E-1366N_4102_2726_13\buildings\buildings_L15-1025E-1366N_4102_2726_13_2018_01.tif
L15-1025E-1366N_4102_2726_13,2018,2,2018_02,True,True,True,False,False,False,True,True,True,datasets\sen12_mt_urbanmapping\multimodal_cd_dataset\L15-1025E-1366N_4102_2726_13\s1\s1_L15-1025E-1366N_4102_2726_13_2018_02.tif,datasets\sen12_mt_urbanmapping\multimodal_cd_dataset\L15-1025E-1366N_4102_2726_13\s2\s2_L15-1025E-1366N_4102_2726_13_2018_02.tif,datasets\sen12_mt_urbanmapping\multimodal_cd_dataset\L15-1025E-1366N_4102_2726_13\buildings\buildings_L15-1025E-1366N_4102_2726_13_2018_02.tif
L15-1025E-1366N_4102_2726_13,2018,3,2018_03,True,False,True,False,False,True,True,True,True,datasets\sen12_mt_urbanmapping\multimodal_cd_dataset\L15-1025E-1366N_4102_2726_13\s1\s1_L15-1025E-1366N_4102_2726_13_2018_03.tif,datasets\sen12_mt_urbanmapping\multimodal_cd_dataset\L15-1025E-1366N_4102_2726_13\s2\s2_L15-1025E-1366N_4102_2726_13_2018_03.tif,datasets\sen12_mt_urbanmapping\multimodal_cd_dataset\L15-1025E-1366N_4102_2726_13\buildings\buildings_L15-1025E-1366N_4102_2726_13_2018_03.tif
L15-1025E-1366N_4102_2726_13,2018,4,2018_04,True,True,True,False,False,False,True,True,True,datasets\sen12_mt_urbanmapping\multimodal_cd_dataset\L15-1025E-1366N_4102_2726_13\s1\s1_L15-1025E-1366N_4102_2726_13_2018_04.tif,datasets\sen12_mt_urbanmapping\multimodal_cd_dataset\L15-1025E-1366N_4102_2726_13\s2\s2_L15-1025E-1366N_4102_2726_13_2018_04.tif,datasets\sen12_mt_urbanmapping\multimodal_cd_dataset\L15-1025E-1366N_4102_2726_13\buildings\buildings_L15-1025E-1366N_4102_2726_13_2018_04.tif
L15-1025E-1366N_4102_2726_13,2018,5,2018_05,True,True,True,False,False,False,True,True,True,datasets\sen12_mt_urbanmapping\multimodal_cd_dataset\L15-1025E-1366N_4102_2726_13\s1\s1_L15-1025E-1366N_4102_2726_13_2018_05.tif,datasets\sen12_mt_urbanmapping\multimodal_cd_dataset\L15-1025E-1366N_4102_2726_13\s2\s2_L15-1025E-1366N_4102_2726_13_2018_05.tif,datasets\sen12_mt_urbanmapping\multimodal_cd_dataset\L15-1025E-1366N_4102_2726_13\buildings\buildings_L15-1025E-1366N_4102_2726_13_2018_05.tif
L15-1025E-1366N_4102_2726_13,2018,6,2018_06,True,True,True,False,False,False,True,True,True,datasets\sen12_mt_urbanmapping\multimodal_cd_dataset\L15-1025E-1366N_4102_2726_13\s1\s1_L15-1025E-1366N_4102_2726_13_2018_06.tif,datasets\sen12_mt_urbanmapping\multimodal_cd_dataset\L15-1025E-1366N_4102_2726_13\s2\s2_L15-1025E-1366N_4102_2726_13_2018_06.tif,datasets\sen12_mt_urbanmapping\multimodal_cd_dataset\L15-1025E-1366N_4102_2726_13\buildings\buildings_L15-1025E-1366N_4102_2726_13_2018_06.tif
L15-1025E-1366N_4102_2726_13,2018,7,2018_07,True,True,True,False,False,False,True,True,True,datasets\sen12_mt_urbanmapping\multimodal_cd_dataset\L15-1025E-1366N_4102_2726_13\s1\s1_L15-1025E-1366N_4102_2726_13_2018_07.tif,datasets\sen12_mt_urbanmapping\multimodal_cd_dataset\L15-1025E-1366N_4102_2726_13\s2\s2_L15-1025E-1366N_4102_2726_13_2018_07.tif,datasets\sen12_mt_urbanmapping\multimodal_cd_dataset\L15-1025E-1366N_4102_2726_13\buildings\buildings_L15-1025E-1366N_4102_2726_13_2018_07.tif
L15-1025E-1366N_4102_2726_13,2018,8,2018_08,True,True,True,False,False,False,True,True,True,datasets\sen12_mt_urbanmapping\multimodal_cd_dataset\L15-1025E-1366N_4102_2726_13\s1\s1_L15-1025E-1366N_4102_2726_13_2018_08.tif,datasets\sen12_mt_urbanmapping\multimodal_cd_dataset\L15-1025E-1366N_4102_2726_13\s2\s2_L15-1025E-1366N_4102_2726_13_2018_08.tif,datasets\sen12_mt_urbanmapping\multimodal_cd_dataset\L15-1025E-1366N_4102_2726_13\buildings\buildings_L15-1025E-1366N_4102_2726_13_2018_08.tif
L15-1025E-1366N_4102_2726_13,2018,9,2018_09,True,False,True,False,False,True,True,True,True,datasets\sen12_mt_urbanmapping\multimodal_cd_dataset\L15-1025E-1366N_4102_2726_13\s1\s1_L15-1025E-1366N_4102_2726_13_2018_09.tif,datasets\sen12_mt_urbanmapping\multimodal_cd_dataset\L15-1025E-1366N_4102_2726_13\s2\s2_L15-1025E-1366N_4102_2726_13_2018_09.tif,datasets\sen12_mt_urbanmapping\multimodal_cd_dataset\L15-1025E-1366N_4102_2726_13\buildings\buildings_L15-1025E-1366N_4102_2726_13_2018_09.tif
L15-1025E-1366N_4102_2726_13,2018,10,2018_10,True,True,True,False,False,False,True,True,True,datasets\sen12_mt_urbanmapping\multimodal_cd_dataset\L15-1025E-1366N_4102_2726_13\s1\s1_L15-1025E-1366N_4102_2726_13_2018_10.tif,datasets\sen12_mt_urbanmapping\multimodal_cd_dataset\L15-1025E-1366N_4102_2726_13\s2\s2_L15-1025E-1366N_4102_2726_13_2018_10.tif,datasets\sen12_mt_urbanmapping\multimodal_cd_dataset\L15-1025E-1366N_4102_2726_13\buildings\buildings_L15-1025E-1366N_4102_2726_13_2018_10.tif
L15-1025E-1366N_4102_2726_13,2018,11,2018_11,True,False,True,False,False,True,True,True,True,datasets\sen12_mt_urbanmapping\multimodal_cd_dataset\L15-1025E-1366N_4102_2726_13\s1\s1_L15-1025E-1366N_4102_2726_13_2018_11.tif,datasets\sen12_mt_urbanmapping\multimodal_cd_dataset\L15-1025E-1366N_4102_2726_13\s2\s2_L15-1025E-1366N_4102_2726_13_2018_11.tif,datasets\sen12_mt_urbanmapping\multimodal_cd_dataset\L15-1025E-1366N_4102_2726_13\buildings\buildings_L15-1025E-1366N_4102_2726_13_2018_11.tif
L15-1025E-1366N_4102_2726_13,2018,12,2018_12,True,True,True,False,False,False,True,True,True,datasets\sen12_mt_urbanmapping\multimodal_cd_dataset\L15-1025E-1366N_4102_2726_13\s1\s1_L15-1025E-1366N_4102_2726_13_2018_12.tif,datasets\sen12_mt_urbanmapping\multimodal_cd_dataset\L15-1025E-1366N_4102_2726_13\s2\s2_L15-1025E-1366N_4102_2726_13_2018_12.tif,datasets\sen12_mt_urbanmapping\multimodal_cd_dataset\L15-1025E-1366N_4102_2726_13\buildings\buildings_L15-1025E-1366N_4102_2726_13_2018_12.tif
L15-1025E-1366N_4102_2726_13,2019,1,2019_01,True,True,True,False,False,False,True,True,True,datasets\sen12_mt_urbanmapping\multimodal_cd_dataset\L15-1025E-1366N_4102_2726_13\s1\s1_L15-1025E-1366N_4102_2726_13_2019_01.tif,datasets\sen12_mt_urbanmapping\multimodal_cd_dataset\L15-1025E-1366N_4102_2726_13\s2\s2_L15-1025E-1366N_4102_2726_13_2019_01.tif,datasets\sen12_mt_urbanmapping\multimodal_cd_dataset\L15-1025E-1366N_4102_2726_13\buildings\buildings_L15-1025E-1366N_4102_2726_13_2019_01.tif
L15-1025E-1366N_4102_2726_13,2019,3,2019_03,True,False,True,False,False,True,True,True,True,datasets\sen12_mt_urbanmapping\multimodal_cd_dataset\L15-1025E-1366N_4102_2726_13\s1\s1_L15-1025E-1366N_4102_2726_13_2019_03.tif,datasets\sen12_mt_urbanmapping\multimodal_cd_dataset\L15-1025E-1366N_4102_2726_13\s2\s2_L15-1025E-1366N_4102_2726_13_2019_03.tif,datasets\sen12_mt_urbanmapping\multimodal_cd_dataset\L15-1025E-1366N_4102_2726_13\buildings\buildings_L15-1025E-1366N_4102_2726_13_2019_03.tif
L15-1025E-1366N_4102_2726_13,2019,4,2019_04,True,True,True,False,False,False,True,True,True,datasets\sen12_mt_urbanmapping\multimodal_cd_dataset\L15-1025E-1366N_4102_2726_13\s1\s1_L15-1025E-1366N_4102_2726_13_2019_04.tif,datasets\sen12_mt_urbanmapping\multimodal_cd_dataset\L15-1025E-1366N_4102_2726_13\s2\s2_L15-1025E-1366N_4102_2726_13_2019_04.tif,datasets\sen12_mt_urbanmapping\multimodal_cd_dataset\L15-1025E-1366N_4102_2726_13\buildings\buildings_L15-1025E-1366N_4102_2726_13_2019_04.tif
L15-1025E-1366N_4102_2726_13,2019,5,2019_05,True,False,True,False,False,True,True,True,True,datasets\sen12_mt_urbanmapping\multimodal_cd_dataset\L15-1025E-1366N_4102_2726_13\s1\s1_L15-1025E-1366N_4102_2726_13_2019_05.tif,datasets\sen12_mt_urbanmapping\multimodal_cd_dataset\L15-1025E-1366N_4102_2726_13\s2\s2_L15-1025E-1366N_4102_2726_13_2019_05.tif,datasets\sen12_mt_urbanmapping\multimodal_cd_dataset\L15-1025E-1366N_4102_2726_13\buildings\buildings_L15-1025E-1366N_4102_2726_13_2019_05.tif
L15-1025E-1366N_4102_2726_13,2019,6,2019_06,True,True,True,False,False,False,True,True,True,datasets\sen12_mt_urbanmapping\multimodal_cd_dataset\L15-1025E-1366N_4102_2726_13\s1\s1_L15-1025E-1366N_4102_2726_13_2019_06.tif,datasets\sen12_mt_urbanmapping\multimodal_cd_dataset\L15-1025E-1366N_4102_2726_13\s2\s2_L15-1025E-1366N_4102_2726_13_2019_06.tif,datasets\sen12_mt_urbanmapping\multimodal_cd_dataset\L15-1025E-1366N_4102_2726_13\buildings\buildings_L15-1025E-1366N_4102_2726_13_2019_06.tif
L15-1025E-1366N_4102_2726_13,2019,7,2019_07,True,True,True,False,False,False,True,True,True,datasets\sen12_mt_urbanmapping\multimodal_cd_dataset\L15-1025E-1366N_4102_2726_13\s1\s1_L15-1025E-1366N_4102_2726_13_2019_07.tif,datasets\sen12_mt_urbanmapping\multimodal_cd_dataset\L15-1025E-1366N_4102_2726_13\s2\s2_L15-1025E-1366N_4102_2726_13_2019_07.tif,datasets\sen12_mt_urbanmapping\multimodal_cd_dataset\L15-1025E-1366N_4102_2726_13\buildings\buildings_L15-1025E-1366N_4102_2726_13_2019_07.tif
L15-1025E-1366N_4102_2726_13,2019,8,2019_08,True,True,True,False,False,False,True,True,True,datasets\sen12_mt_urbanmapping\multimodal_cd_dataset\L15-1025E-1366N_4102_2726_13\s1\s1_L15-1025E-1366N_4102_2726_13_2019_08.tif,datasets\sen12_mt_urbanmapping\multimodal_cd_dataset\L15-1025E-1366N_4102_2726_13\s2\s2_L15-1025E-1366N_4102_2726_13_2019_08.tif,datasets\sen12_mt_urbanmapping\multimodal_cd_dataset\L15-1025E-1366N_4102_2726_13\buildings\buildings_L15-1025E-1366N_4102_2726_13_2019_08.tif
L15-1025E-1366N_4102_2726_13,2019,9,2019_09,True,True,True,False,False,False,True,True,True,datasets\sen12_mt_urbanmapping\multimodal_cd_dataset\L15-1025E-1366N_4102_2726_13\s1\s1_L15-1025E-1366N_4102_2726_13_2019_09.tif,datasets\sen12_mt_urbanmapping\multimodal_cd_dataset\L15-1025E-1366N_4102_2726_13\s2\s2_L15-1025E-1366N_4102_2726_13_2019_09.tif,datasets\sen12_mt_urbanmapping\multimodal_cd_dataset\L15-1025E-1366N_4102_2726_13\buildings\buildings_L15-1025E-1366N_4102_2726_13_2019_09.tif
L15-1025E-1366N_4102_2726_13,2019,10,2019_10,True,False,True,False,False,True,True,True,True,datasets\sen12_mt_urbanmapping\multimodal_cd_dataset\L15-1025E-1366N_4102_2726_13\s1\s1_L15-1025E-1366N_4102_2726_13_2019_10.tif,datasets\sen12_mt_urbanmapping\multimodal_cd_dataset\L15-1025E-1366N_4102_2726_13\s2\s2_L15-1025E-1366N_4102_2726_13_2019_10.tif,datasets\sen12_mt_urbanmapping\multimodal_cd_dataset\L15-1025E-1366N_4102_2726_13\buildings\buildings_L15-1025E-1366N_4102_2726_13_2019_10.tif
L15-1025E-1366N_4102_2726_13,2019,11,2019_11,True,True,True,False,False,False,True,True,True,datasets\sen12_mt_urbanmapping\multimodal_cd_dataset\L15-1025E-1366N_4102_2726_13\s1\s1_L15-1025E-1366N_4102_2726_13_2019_11.tif,datasets\sen12_mt_urbanmapping\multimodal_cd_dataset\L15-1025E-1366N_4102_2726_13\s2\s2_L15-1025E-1366N_4102_2726_13_2019_11.tif,datasets\sen12_mt_urbanmapping\multimodal_cd_dataset\L15-1025E-1366N_4102_2726_13\buildings\buildings_L15-1025E-1366N_4102_2726_13_2019_11.tif
L15-1025E-1366N_4102_2726_13,2019,12,2019_12,True,True,True,False,False,False,True,True,True,datasets\sen12_mt_urbanmapping\multimodal_cd_dataset\L15-1025E-1366N_4102_2726_13\s1\s1_L15-1025E-1366N_4102_2726_13_2019_12.tif,datasets\sen12_mt_urbanmapping\multimodal_cd_dataset\L15-1025E-1366N_4102_2726_13\s2\s2_L15-1025E-1366N_4102_2726_13_2019_12.tif,datasets\sen12_mt_urbanmapping\multimodal_cd_dataset\L15-1025E-1366N_4102_2726_13\buildings\buildings_L15-1025E-1366N_4102_2726_13_2019_12.tif
L15-1025E-1366N_4102_2726_13,2020,1,2020_01,True,True,True,False,False,False,True,True,True,datasets\sen12_mt_urbanmapping\multimodal_cd_dataset\L15-1025E-1366N_4102_2726_13\s1\s1_L15-1025E-1366N_4102_2726_13_2020_01.tif,datasets\sen12_mt_urbanmapping\multimodal_cd_dataset\L15-1025E-1366N_4102_2726_13\s2\s2_L15-1025E-1366N_4102_2726_13_2020_01.tif,datasets\sen12_mt_urbanmapping\multimodal_cd_dataset\L15-1025E-1366N_4102_2726_13\buildings\buildings_L15-1025E-1366N_4102_2726_13_2020_01.tif
L15-1049E-1370N_4196_2710_13,2018,1,2018_01,True,False,True,False,False,True,True,True,True,datasets\sen12_mt_urbanmapping\multimodal_cd_dataset\L15-1049E-1370N_4196_2710_13\s1\s1_L15-1049E-1370N_4196_2710_13_2018_01.tif,datasets\sen12_mt_urbanmapping\multimodal_cd_dataset\L15-1049E-1370N_4196_2710_13\s2\s2_L15-1049E-1370N_4196_2710_13_2018_01.tif,datasets\sen12_mt_urbanmapping\multimodal_cd_dataset\L15-1049E-1370N_4196_2710_13\buildings\buildings_L15-1049E-1370N_4196_2710_13_2018_01.tif
L15-1049E-1370N_4196_2710_13,2018,2,2018_02,True,True,True,False,False,False,True,True,True,datasets\sen12_mt_urbanmapping\multimodal_cd_dataset\L15-1049E-1370N_4196_2710_13\s1\s1_L15-1049E-1370N_4196_2710_13_2018_02.tif,datasets\sen12_mt_urbanmapping\multimodal_cd_dataset\L15-1049E-1370N_4196_2710_13\s2\s2_L15-1049E-1370N_4196_2710_13_2018_02.tif,datasets\sen12_mt_urbanmapping\multimodal_cd_dataset\L15-1049E-1370N_4196_2710_13\buildings\buildings_L15-1049E-1370N_4196_2710_13_2018_02.tif
L15-1049E-1370N_4196_2710_13,2018,3,2018_03,True,False,True,False,False,True,True,True,True,datasets\sen12_mt_urbanmapping\multimodal_cd_dataset\L15-1049E-1370N_4196_2710_13\s1\s1_L15-1049E-1370N_4196_2710_13_2018_03.tif,datasets\sen12_mt_urbanmapping\multimodal_cd_dataset\L15-1049E-1370N_4196_2710_13\s2\s2_L15-1049E-1370N_4196_2710_13_2018_03.tif,datasets\sen12_mt_urbanmapping\multimodal_cd_dataset\L15-1049E-1370N_4196_2710_13\buildings\buildings_L15-1049E-1370N_4196_2710_13_2018_03.tif
L15-1049E-1370N_4196_2710_13,2018,4,2018_04,True,True,True,False,False,False,True,True,True,datasets\sen12_mt_urbanmapping\multimodal_cd_dataset\L15-1049E-1370N_4196_2710_13\s1\s1_L15-1049E-1370N_4196_2710_13_2018_04.tif,datasets\sen12_mt_urbanmapping\multimodal_cd_dataset\L15-1049E-1370N_4196_2710_13\s2\s2_L15-1049E-1370N_4196_2710_13_2018_04.tif,datasets\sen12_mt_urbanmapping\multimodal_cd_dataset\L15-1049E-1370N_4196_2710_13\buildings\buildings_L15-1049E-1370N_4196_2710_13_2018_04.tif
L15-1049E-1370N_4196_2710_13,2018,5,2018_05,True,True,True,False,False,False,True,True,True,datasets\sen12_mt_urbanmapping\multimodal_cd_dataset\L15-1049E-1370N_4196_2710_13\s1\s1_L15-1049E-1370N_4196_2710_13_2018_05.tif,datasets\sen12_mt_urbanmapping\multimodal_cd_dataset\L15-1049E-1370N_4196_2710_13\s2\s2_L15-1049E-1370N_4196_2710_13_2018_05.tif,datasets\sen12_mt_urbanmapping\multimodal_cd_dataset\L15-1049E-1370N_4196_2710_13\buildings\buildings_L15-1049E-1370N_4196_2710_13_2018_05.tif
L15-1049E-1370N_4196_2710_13,2018,6,2018_06,True,True,True,False,False,False,True,True,True,datasets\sen12_mt_urbanmapping\multimodal_cd_dataset\L15-1049E-1370N_4196_2710_13\s1\s1_L15-1049E-1370N_4196_2710_13_2018_06.tif,datasets\sen12_mt_urbanmapping\multimodal_cd_dataset\L15-1049E-1370N_4196_2710_13\s2\s2_L15-1049E-1370N_4196_2710_13_2018_06.tif,datasets\sen12_mt_urbanmapping\multimodal_cd_dataset\L15-1049E-1370N_4196_2710_13\buildings\buildings_L15-1049E-1370N_4196_2710_13_2018_06.tif
L15-1049E-1370N_4196_2710_13,2018,7,2018_07,True,True,True,False,False,False,True,True,True,datasets\sen12_mt_urbanmapping\multimodal_cd_dataset\L15-1049E-1370N_4196_2710_13\s1\s1_L15-1049E-1370N_4196_2710_13_2018_07.tif,datasets\sen12_mt_urbanmapping\multimodal_cd_dataset\L15-1049E-1370N_4196_2710_13\s2\s2_L15-1049E-1370N_4196_2710_13_2018_07.tif,datasets\sen12_mt_urbanmapping\multimodal_cd_dataset\L15-1049E-1370N_4196_2710_13\buildings\buildings_L15-1049E-1370N_4196_2710_13_2018_07.tif
L15-1049E-1370N_4196_2710_13,2018,8,2018_08,True,False,True,False,False,True,True,True,True,datasets\sen12_mt_urbanmapping\multimodal_cd_dataset\L15-1049E-1370N_4196_2710_13\s1\s1_L15-1049E-1370N_4196_2710_13_2018_08.tif,datasets\sen12_mt_urbanmapping\multimodal_cd_dataset\L15-1049E-1370N_4196_2710_13\s2\s2_L15-1049E-1370N_4196_2710_13_2018_08.tif,datasets\sen12_mt_urbanmapping\multimodal_cd_dataset\L15-1049E-1370N_4196_2710_13\buildings\buildings_L15-1049E-1370N_4196_2710_13_2018_08.tif
L15-1049E-1370N_4196_2710_13,2018,9,2018_09,True,False,True,False,False,True,True,True,True,datasets\sen12_mt_urbanmapping\multimodal_cd_dataset\L15-1049E-1370N_4196_2710_13\s1\s1_L15-1049E-1370N_4196_2710_13_2018_09.tif,datasets\sen12_mt_urbanmapping\multimodal_cd_dataset\L15-1049E-1370N_4196_2710_13\s2\s2_L15-1049E-1370N_4196_2710_13_2018_09.tif,datasets\sen12_mt_urbanmapping\multimodal_cd_dataset\L15-1049E-1370N_4196_2710_13\buildings\buildings_L15-1049E-1370N_4196_2710_13_2018_09.tif
L15-1049E-1370N_4196_2710_13,2018,10,2018_10,True,True,True,False,False,False,True,True,True,datasets\sen12_mt_urbanmapping\multimodal_cd_dataset\L15-1049E-1370N_4196_2710_13\s1\s1_L15-1049E-1370N_4196_2710_13_2018_10.tif,datasets\sen12_mt_urbanmapping\multimodal_cd_dataset\L15-1049E-1370N_4196_2710_13\s2\s2_L15-1049E-1370N_4196_2710_13_2018_10.tif,datasets\sen12_mt_urbanmapping\multimodal_cd_dataset\L15-1049E-1370N_4196_2710_13\buildings\buildings_L15-1049E-1370N_4196_2710_13_2018_10.tif
L15-1049E-1370N_4196_2710_13,2018,11,2018_11,True,True,True,False,False,False,True,True,True,datasets\sen12_mt_urbanmapping\multimodal_cd_dataset\L15-1049E-1370N_4196_2710_13\s1\s1_L15-1049E-1370N_4196_2710_13_2018_11.tif,datasets\sen12_mt_urbanmapping\multimodal_cd_dataset\L15-1049E-1370N_4196_2710_13\s2\s2_L15-1049E-1370N_4196_2710_13_2018_11.tif,datasets\sen12_mt_urbanmapping\multimodal_cd_dataset\L15-1049E-1370N_4196_2710_13\buildings\buildings_L15-1049E-1370N_4196_2710_13_2018_11.tif
L15-1049E-1370N_4196_2710_13,2018,12,2018_12,True,False,True,True,False,True,True,True,True,datasets\sen12_mt_urbanmapping\multimodal_cd_dataset\L15-1049E-1370N_4196_2710_13\s1\s1_L15-1049E-1370N_4196_2710_13_2018_12.tif,datasets\sen12_mt_urbanmapping\multimodal_cd_dataset\L15-1049E-1370N_4196_2710_13\s2\s2_L15-1049E-1370N_4196_2710_13_2018_12.tif,datasets\sen12_mt_urbanmapping\multimodal_cd_dataset\L15-1049E-1370N_4196_2710_13\buildings\buildings_L15-1049E-1370N_4196_2710_13_2018_12.tif
L15-1049E-1370N_4196_2710_13,2019,1,2019_01,True,True,True,False,False,False,True,True,True,datasets\sen12_mt_urbanmapping\multimodal_cd_dataset\L15-1049E-1370N_4196_2710_13\s1\s1_L15-1049E-1370N_4196_2710_13_2019_01.tif,datasets\sen12_mt_urbanmapping\multimodal_cd_dataset\L15-1049E-1370N_4196_2710_13\s2\s2_L15-1049E-1370N_4196_2710_13_2019_01.tif,datasets\sen12_mt_urbanmapping\multimodal_cd_dataset\L15-1049E-1370N_4196_2710_13\buildings\buildings_L15-1049E-1370N_4196_2710_13_2019_01.tif
L15-1049E-1370N_4196_2710_13,2019,2,2019_02,True,True,True,False,False,False,True,True,True,datasets\sen12_mt_urbanmapping\multimodal_cd_dataset\L15-1049E-1370N_4196_2710_13\s1\s1_L15-1049E-1370N_4196_2710_13_2019_02.tif,datasets\sen12_mt_urbanmapping\multimodal_cd_dataset\L15-1049E-1370N_4196_2710_13\s2\s2_L15-1049E-1370N_4196_2710_13_2019_02.tif,datasets\sen12_mt_urbanmapping\multimodal_cd_dataset\L15-1049E-1370N_4196_2710_13\buildings\buildings_L15-1049E-1370N_4196_2710_13_2019_02.tif
L15-1049E-1370N_4196_2710_13,2019,3,2019_03,True,False,True,False,False,True,True,True,True,datasets\sen12_mt_urbanmapping\multimodal_cd_dataset\L15-1049E-1370N_4196_2710_13\s1\s1_L15-1049E-1370N_4196_2710_13_2019_03.tif,datasets\sen12_mt_urbanmapping\multimodal_cd_dataset\L15-1049E-1370N_4196_2710_13\s2\s2_L15-1049E-1370N_4196_2710_13_2019_03.tif,datasets\sen12_mt_urbanmapping\multimodal_cd_dataset\L15-1049E-1370N_4196_2710_13\buildings\buildings_L15-1049E-1370N_4196_2710_13_2019_03.tif
L15-1049E-1370N_4196_2710_13,2019,4,2019_04,True,True,True,False,False,False,True,True,True,datasets\sen12_mt_urbanmapping\multimodal_cd_dataset\L15-1049E-1370N_4196_2710_13\s1\s1_L15-1049E-1370N_4196_2710_13_2019_04.tif,datasets\sen12_mt_urbanmapping\multimodal_cd_dataset\L15-1049E-1370N_4196_2710_13\s2\s2_L15-1049E-1370N_4196_2710_13_2019_04.tif,datasets\sen12_mt_urbanmapping\multimodal_cd_dataset\L15-1049E-1370N_4196_2710_13\buildings\buildings_L15-1049E-1370N_4196_2710_13_2019_04.tif
L15-1049E-1370N_4196_2710_13,2019,5,2019_05,True,False,True,False,False,True,True,True,True,datasets\sen12_mt_urbanmapping\multimodal_cd_dataset\L15-1049E-1370N_4196_2710_13\s1\s1_L15-1049E-1370N_4196_2710_13_2019_05.tif,datasets\sen12_mt_urbanmapping\multimodal_cd_dataset\L15-1049E-1370N_4196_2710_13\s2\s2_L15-1049E-1370N_4196_2710_13_2019_05.tif,datasets\sen12_mt_urbanmapping\multimodal_cd_dataset\L15-1049E-1370N_4196_2710_13\buildings\buildings_L15-1049E-1370N_4196_2710_13_2019_05.tif
L15-1049E-1370N_4196_2710_13,2019,6,2019_06,True,False,True,True,False,True,True,True,True,datasets\sen12_mt_urbanmapping\multimodal_cd_dataset\L15-1049E-1370N_4196_2710_13\s1\s1_L15-1049E-1370N_4196_2710_13_2019_06.tif,datasets\sen12_mt_urbanmapping\multimodal_cd_dataset\L15-1049E-1370N_4196_2710_13\s2\s2_L15-1049E-1370N_4196_2710_13_2019_06.tif,datasets\sen12_mt_urbanmapping\multimodal_cd_dataset\L15-1049E-1370N_4196_2710_13\buildings\buildings_L15-1049E-1370N_4196_2710_13_2019_06.tif
L15-1049E-1370N_4196_2710_13,2019,7,2019_07,True,True,True,False,False,False,True,True,True,datasets\sen12_mt_urbanmapping\multimodal_cd_dataset\L15-1049E-1370N_4196_2710_13\s1\s1_L15-1049E-1370N_4196_2710_13_2019_07.tif,datasets\sen12_mt_urbanmapping\multimodal_cd_dataset\L15-1049E-1370N_4196_2710_13\s2\s2_L15-1049E-1370N_4196_2710_13_2019_07.tif,datasets\sen12_mt_urbanmapping\multimodal_cd_dataset\L15-1049E-1370N_4196_2710_13\buildings\buildings_L15-1049E-1370N_4196_2710_13_2019_07.tif
L15-1049E-1370N_4196_2710_13,2019,8,2019_08,True,True,True,False,False,False,True,True,True,datasets\sen12_mt_urbanmapping\multimodal_cd_dataset\L15-1049E-1370N_4196_2710_13\s1\s1_L15-1049E-1370N_4196_2710_13_2019_08.tif,datasets\sen12_mt_urbanmapping\multimodal_cd_dataset\L15-1049E-1370N_4196_2710_13\s2\s2_L15-1049E-1370N_4196_2710_13_2019_08.tif,datasets\sen12_mt_urbanmapping\multimodal_cd_dataset\L15-1049E-1370N_4196_2710_13\buildings\buildings_L15-1049E-1370N_4196_2710_13_2019_08.tif
L15-1049E-1370N_4196_2710_13,2019,9,2019_09,True,False,True,False,False,True,True,True,True,datasets\sen12_mt_urbanmapping\multimodal_cd_dataset\L15-1049E-1370N_4196_2710_13\s1\s1_L15-1049E-1370N_4196_2710_13_2019_09.tif,datasets\sen12_mt_urbanmapping\multimodal_cd_dataset\L15-1049E-1370N_4196_2710_13\s2\s2_L15-1049E-1370N_4196_2710_13_2019_09.tif,datasets\sen12_mt_urbanmapping\multimodal_cd_dataset\L15-1049E-1370N_4196_2710_13\buildings\buildings_L15-1049E-1370N_4196_2710_13_2019_09.tif
L15-1049E-1370N_4196_2710_13,2019,10,2019_10,True,False,True,False,False,True,True,True,True,datasets\sen12_mt_urbanmapping\multimodal_cd_dataset\L15-1049E-1370N_4196_2710_13\s1\s1_L15-1049E-1370N_4196_2710_13_2019_10.tif,datasets\sen12_mt_urbanmapping\multimodal_cd_dataset\L15-1049E-1370N_4196_2710_13\s2\s2_L15-1049E-1370N_4196_2710_13_2019_10.tif,datasets\sen12_mt_urbanmapping\multimodal_cd_dataset\L15-1049E-1370N_4196_2710_13\buildings\buildings_L15-1049E-1370N_4196_2710_13_2019_10.tif
L15-1049E-1370N_4196_2710_13,2019,11,2019_11,True,True,True,False,False,False,True,True,True,datasets\sen12_mt_urbanmapping\multimodal_cd_dataset\L15-1049E-1370N_4196_2710_13\s1\s1_L15-1049E-1370N_4196_2710_13_2019_11.tif,datasets\sen12_mt_urbanmapping\multimodal_cd_dataset\L15-1049E-1370N_4196_2710_13\s2\s2_L15-1049E-1370N_4196_2710_13_2019_11.tif,datasets\sen12_mt_urbanmapping\multimodal_cd_dataset\L15-1049E-1370N_4196_2710_13\buildings\buildings_L15-1049E-1370N_4196_2710_13_2019_11.tif
L15-1049E-1370N_4196_2710_13,2019,12,2019_12,True,True,True,False,False,False,True,True,True,datasets\sen12_mt_urbanmapping\multimodal_cd_dataset\L15-1049E-1370N_4196_2710_13\s1\s1_L15-1049E-1370N_4196_2710_13_2019_12.tif,datasets\sen12_mt_urbanmapping\multimodal_cd_dataset\L15-1049E-1370N_4196_2710_13\s2\s2_L15-1049E-1370N_4196_2710_13_2019_12.tif,datasets\sen12_mt_urbanmapping\multimodal_cd_dataset\L15-1049E-1370N_4196_2710_13\buildings\buildings_L15-1049E-1370N_4196_2710_13_2019_12.tif
L15-1049E-1370N_4196_2710_13,2020,1,2020_01,True,False,True,False,False,True,True,True,True,datasets\sen12_mt_urbanmapping\multimodal_cd_dataset\L15-1049E-1370N_4196_2710_13\s1\s1_L15-1049E-1370N_4196_2710_13_2020_01.tif,datasets\sen12_mt_urbanmapping\multimodal_cd_dataset\L15-1049E-1370N_4196_2710_13\s2\s2_L15-1049E-1370N_4196_2710_13_2020_01.tif,datasets\sen12_mt_urbanmapping\multimodal_cd_dataset\L15-1049E-1370N_4196_2710_13\buildings\buildings_L15-1049E-1370N_4196_2710_13_2020_01.tif
L15-1138E-1216N_4553_3325_13,2018,1,2018_01,True,True,True,False,False,False,True,True,True,datasets\sen12_mt_urbanmapping\multimodal_cd_dataset\L15-1138E-1216N_4553_3325_13\s1\s1_L15-1138E-1216N_4553_3325_13_2018_01.tif,datasets\sen12_mt_urbanmapping\multimodal_cd_dataset\L15-1138E-1216N_4553_3325_13\s2\s2_L15-1138E-1216N_4553_3325_13_2018_01.tif,datasets\sen12_mt_urbanmapping\multimodal_cd_dataset\L15-1138E-1216N_4553_3325_13\buildings\buildings_L15-1138E-1216N_4553_3325_13_2018_01.tif
L15-1138E-1216N_4553_3325_13,2018,2,2018_02,True,True,True,False,False,False,True,True,True,datasets\sen12_mt_urbanmapping\multimodal_cd_dataset\L15-1138E-1216N_4553_3325_13\s1\s1_L15-1138E-1216N_4553_3325_13_2018_02.tif,datasets\sen12_mt_urbanmapping\multimodal_cd_dataset\L15-1138E-1216N_4553_3325_13\s2\s2_L15-1138E-1216N_4553_3325_13_2018_02.tif,datasets\sen12_mt_urbanmapping\multimodal_cd_dataset\L15-1138E-1216N_4553_3325_13\buildings\buildings_L15-1138E-1216N_4553_3325_13_2018_02.tif
L15-1138E-1216N_4553_3325_13,2018,3,2018_03,True,True,True,False,False,False,True,True,True,datasets\sen12_mt_urbanmapping\multimodal_cd_dataset\L15-1138E-1216N_4553_3325_13\s1\s1_L15-1138E-1216N_4553_3325_13_2018_03.tif,datasets\sen12_mt_urbanmapping\multimodal_cd_dataset\L15-1138E-1216N_4553_3325_13\s2\s2_L15-1138E-1216N_4553_3325_13_2018_03.tif,datasets\sen12_mt_urbanmapping\multimodal_cd_dataset\L15-1138E-1216N_4553_3325_13\buildings\buildings_L15-1138E-1216N_4553_3325_13_2018_03.tif
L15-1138E-1216N_4553_3325_13,2018,4,2018_04,True,True,True,False,False,False,True,True,True,datasets\sen12_mt_urbanmapping\multimodal_cd_dataset\L15-1138E-1216N_4553_3325_13\s1\s1_L15-1138E-1216N_4553_3325_13_2018_04.tif,datasets\sen12_mt_urbanmapping\multimodal_cd_dataset\L15-1138E-1216N_4553_3325_13\s2\s2_L15-1138E-1216N_4553_3325_13_2018_04.tif,datasets\sen12_mt_urbanmapping\multimodal_cd_dataset\L15-1138E-1216N_4553_3325_13\buildings\buildings_L15-1138E-1216N_4553_3325_13_2018_04.tif
L15-1138E-1216N_4553_3325_13,2018,5,2018_05,True,True,True,False,False,False,True,True,True,datasets\sen12_mt_urbanmapping\multimodal_cd_dataset\L15-1138E-1216N_4553_3325_13\s1\s1_L15-1138E-1216N_4553_3325_13_2018_05.tif,datasets\sen12_mt_urbanmapping\multimodal_cd_dataset\L15-1138E-1216N_4553_3325_13\s2\s2_L15-1138E-1216N_4553_3325_13_2018_05.tif,datasets\sen12_mt_urbanmapping\multimodal_cd_dataset\L15-1138E-1216N_4553_3325_13\buildings\buildings_L15-1138E-1216N_4553_3325_13_2018_05.tif
L15-1138E-1216N_4553_3325_13,2018,6,2018_06,True,True,True,False,False,False,True,True,True,datasets\sen12_mt_urbanmapping\multimodal_cd_dataset\L15-1138E-1216N_4553_3325_13\s1\s1_L15-1138E-1216N_4553_3325_13_2018_06.tif,datasets\sen12_mt_urbanmapping\multimodal_cd_dataset\L15-1138E-1216N_4553_3325_13\s2\s2_L15-1138E-1216N_4553_3325_13_2018_06.tif,datasets\sen12_mt_urbanmapping\multimodal_cd_dataset\L15-1138E-1216N_4553_3325_13\buildings\buildings_L15-1138E-1216N_4553_3325_13_2018_06.tif
L15-1138E-1216N_4553_3325_13,2018,7,2018_07,True,True,True,True,False,False,True,True,True,datasets\sen12_mt_urbanmapping\multimodal_cd_dataset\L15-1138E-1216N_4553_3325_13\s1\s1_L15-1138E-1216N_4553_3325_13_2018_07.tif,datasets\sen12_mt_urbanmapping\multimodal_cd_dataset\L15-1138E-1216N_4553_3325_13\s2\s2_L15-1138E-1216N_4553_3325_13_2018_07.tif,datasets\sen12_mt_urbanmapping\multimodal_cd_dataset\L15-1138E-1216N_4553_3325_13\buildings\buildings_L15-1138E-1216N_4553_3325_13_2018_07.tif
L15-1138E-1216N_4553_3325_13,2018,8,2018_08,True,True,True,False,False,False,True,True,True,datasets\sen12_mt_urbanmapping\multimodal_cd_dataset\L15-1138E-1216N_4553_3325_13\s1\s1_L15-1138E-1216N_4553_3325_13_2018_08.tif,datasets\sen12_mt_urbanmapping\multimodal_cd_dataset\L15-1138E-1216N_4553_3325_13\s2\s2_L15-1138E-1216N_4553_3325_13_2018_08.tif,datasets\sen12_mt_urbanmapping\multimodal_cd_dataset\L15-1138E-1216N_4553_3325_13\buildings\buildings_L15-1138E-1216N_4553_3325_13_2018_08.tif
L15-1138E-1216N_4553_3325_13,2018,9,2018_09,True,True,True,True,False,False,True,True,True,datasets\sen12_mt_urbanmapping\multimodal_cd_dataset\L15-1138E-1216N_4553_3325_13\s1\s1_L15-1138E-1216N_4553_3325_13_2018_09.tif,datasets\sen12_mt_urbanmapping\multimodal_cd_dataset\L15-1138E-1216N_4553_3325_13\s2\s2_L15-1138E-1216N_4553_3325_13_2018_09.tif,datasets\sen12_mt_urbanmapping\multimodal_cd_dataset\L15-1138E-1216N_4553_3325_13\buildings\buildings_L15-1138E-1216N_4553_3325_13_2018_09.tif
L15-1138E-1216N_4553_3325_13,2018,10,2018_10,True,True,True,False,False,False,True,True,True,datasets\sen12_mt_urbanmapping\multimodal_cd_dataset\L15-1138E-1216N_4553_3325_13\s1\s1_L15-1138E-1216N_4553_3325_13_2018_10.tif,datasets\sen12_mt_urbanmapping\multimodal_cd_dataset\L15-1138E-1216N_4553_3325_13\s2\s2_L15-1138E-1216N_4553_3325_13_2018_10.tif,datasets\sen12_mt_urbanmapping\multimodal_cd_dataset\L15-1138E-1216N_4553_3325_13\buildings\buildings_L15-1138E-1216N_4553_3325_13_2018_10.tif
L15-1138E-1216N_4553_3325_13,2018,11,2018_11,True,True,True,False,False,False,True,True,True,datasets\sen12_mt_urbanmapping\multimodal_cd_dataset\L15-1138E-1216N_4553_3325_13\s1\s1_L15-1138E-1216N_4553_3325_13_2018_11.tif,datasets\sen12_mt_urbanmapping\multimodal_cd_dataset\L15-1138E-1216N_4553_3325_13\s2\s2_L15-1138E-1216N_4553_3325_13_2018_11.tif,datasets\sen12_mt_urbanmapping\multimodal_cd_dataset\L15-1138E-1216N_4553_3325_13\buildings\buildings_L15-1138E-1216N_4553_3325_13_2018_11.tif
L15-1138E-1216N_4553_3325_13,2018,12,2018_12,True,True,True,False,False,False,True,True,True,datasets\sen12_mt_urbanmapping\multimodal_cd_dataset\L15-1138E-1216N_4553_3325_13\s1\s1_L15-1138E-1216N_4553_3325_13_2018_12.tif,datasets\sen12_mt_urbanmapping\multimodal_cd_dataset\L15-1138E-1216N_4553_3325_13\s2\s2_L15-1138E-1216N_4553_3325_13_2018_12.tif,datasets\sen12_mt_urbanmapping\multimodal_cd_dataset\L15-1138E-1216N_4553_3325_13\buildings\buildings_L15-1138E-1216N_4553_3325_13_2018_12.tif
L15-1138E-1216N_4553_3325_13,2019,1,2019_01,True,True,True,False,False,False,True,True,True,datasets\sen12_mt_urbanmapping\multimodal_cd_dataset\L15-1138E-1216N_4553_3325_13\s1\s1_L15-1138E-1216N_4553_3325_13_2019_01.tif,datasets\sen12_mt_urbanmapping\multimodal_cd_dataset\L15-1138E-1216N_4553_3325_13\s2\s2_L15-1138E-1216N_4553_3325_13_2019_01.tif,datasets\sen12_mt_urbanmapping\multimodal_cd_dataset\L15-1138E-1216N_4553_3325_13\buildings\buildings_L15-1138E-1216N_4553_3325_13_2019_01.tif
L15-1138E-1216N_4553_3325_13,2019,2,2019_02,True,True,True,False,False,False,True,True,True,datasets\sen12_mt_urbanmapping\multimodal_cd_dataset\L15-1138E-1216N_4553_3325_13\s1\s1_L15-1138E-1216N_4553_3325_13_2019_02.tif,datasets\sen12_mt_urbanmapping\multimodal_cd_dataset\L15-1138E-1216N_4553_3325_13\s2\s2_L15-1138E-1216N_4553_3325_13_2019_02.tif,datasets\sen12_mt_urbanmapping\multimodal_cd_dataset\L15-1138E-1216N_4553_3325_13\buildings\buildings_L15-1138E-1216N_4553_3325_13_2019_02.tif
L15-1138E-1216N_4553_3325_13,2019,3,2019_03,True,False,True,False,False,True,True,True,True,datasets\sen12_mt_urbanmapping\multimodal_cd_dataset\L15-1138E-1216N_4553_3325_13\s1\s1_L15-1138E-1216N_4553_3325_13_2019_03.tif,datasets\sen12_mt_urbanmapping\multimodal_cd_dataset\L15-1138E-1216N_4553_3325_13\s2\s2_L15-1138E-1216N_4553_3325_13_2019_03.tif,datasets\sen12_mt_urbanmapping\multimodal_cd_dataset\L15-1138E-1216N_4553_3325_13\buildings\buildings_L15-1138E-1216N_4553_3325_13_2019_03.tif
L15-1138E-1216N_4553_3325_13,2019,4,2019_04,True,True,True,False,False,False,True,True,True,datasets\sen12_mt_urbanmapping\multimodal_cd_dataset\L15-1138E-1216N_4553_3325_13\s1\s1_L15-1138E-1216N_4553_3325_13_2019_04.tif,datasets\sen12_mt_urbanmapping\multimodal_cd_dataset\L15-1138E-1216N_4553_3325_13\s2\s2_L15-1138E-1216N_4553_3325_13_2019_04.tif,datasets\sen12_mt_urbanmapping\multimodal_cd_dataset\L15-1138E-1216N_4553_3325_13\buildings\buildings_L15-1138E-1216N_4553_3325_13_2019_04.tif
L15-1138E-1216N_4553_3325_13,2019,5,2019_05,True,True,True,False,False,False,True,True,True,datasets\sen12_mt_urbanmapping\multimodal_cd_dataset\L15-1138E-1216N_4553_3325_13\s1\s1_L15-1138E-1216N_4553_3325_13_2019_05.tif,datasets\sen12_mt_urbanmapping\multimodal_cd_dataset\L15-1138E-1216N_4553_3325_13\s2\s2_L15-1138E-1216N_4553_3325_13_2019_05.tif,datasets\sen12_mt_urbanmapping\multimodal_cd_dataset\L15-1138E-1216N_4553_3325_13\buildings\buildings_L15-1138E-1216N_4553_3325_13_2019_05.tif
L15-1138E-1216N_4553_3325_13,2019,6,2019_06,True,True,True,False,False,False,True,True,True,datasets\sen12_mt_urbanmapping\multimodal_cd_dataset\L15-1138E-1216N_4553_3325_13\s1\s1_L15-1138E-1216N_4553_3325_13_2019_06.tif,datasets\sen12_mt_urbanmapping\multimodal_cd_dataset\L15-1138E-1216N_4553_3325_13\s2\s2_L15-1138E-1216N_4553_3325_13_2019_06.tif,datasets\sen12_mt_urbanmapping\multimodal_cd_dataset\L15-1138E-1216N_4553_3325_13\buildings\buildings_L15-1138E-1216N_4553_3325_13_2019_06.tif
L15-1138E-1216N_4553_3325_13,2019,7,2019_07,True,True,True,False,False,False,True,True,True,datasets\sen12_mt_urbanmapping\multimodal_cd_dataset\L15-1138E-1216N_4553_3325_13\s1\s1_L15-1138E-1216N_4553_3325_13_2019_07.tif,datasets\sen12_mt_urbanmapping\multimodal_cd_dataset\L15-1138E-1216N_4553_3325_13\s2\s2_L15-1138E-1216N_4553_3325_13_2019_07.tif,datasets\sen12_mt_urbanmapping\multimodal_cd_dataset\L15-1138E-1216N_4553_3325_13\buildings\buildings_L15-1138E-1216N_4553_3325_13_2019_07.tif
L15-1138E-1216N_4553_3325_13,2019,8,2019_08,True,True,True,False,False,False,True,True,True,datasets\sen12_mt_urbanmapping\multimodal_cd_dataset\L15-1138E-1216N_4553_3325_13\s1\s1_L15-1138E-1216N_4553_3325_13_2019_08.tif,datasets\sen12_mt_urbanmapping\multimodal_cd_dataset\L15-1138E-1216N_4553_3325_13\s2\s2_L15-1138E-1216N_4553_3325_13_2019_08.tif,datasets\sen12_mt_urbanmapping\multimodal_cd_dataset\L15-1138E-1216N_4553_3325_13\buildings\buildings_L15-1138E-1216N_4553_3325_13_2019_08.tif
L15-1138E-1216N_4553_3325_13,2019,9,2019_09,True,True,True,False,False,False,True,True,True,datasets\sen12_mt_urbanmapping\multimodal_cd_dataset\L15-1138E-1216N_4553_3325_13\s1\s1_L15-1138E-1216N_4553_3325_13_2019_09.tif,datasets\sen12_mt_urbanmapping\multimodal_cd_dataset\L15-1138E-1216N_4553_3325_13\s2\s2_L15-1138E-1216N_4553_3325_13_2019_09.tif,datasets\sen12_mt_urbanmapping\multimodal_cd_dataset\L15-1138E-1216N_4553_3325_13\buildings\buildings_L15-1138E-1216N_4553_3325_13_2019_09.tif
L15-1138E-1216N_4553_3325_13,2019,10,2019_10,True,True,True,False,False,False,True,True,True,datasets\sen12_mt_urbanmapping\multimodal_cd_dataset\L15-1138E-1216N_4553_3325_13\s1\s1_L15-1138E-1216N_4553_3325_13_2019_10.tif,datasets\sen12_mt_urbanmapping\multimodal_cd_dataset\L15-1138E-1216N_4553_3325_13\s2\s2_L15-1138E-1216N_4553_3325_13_2019_10.tif,datasets\sen12_mt_urbanmapping\multimodal_cd_dataset\L15-1138E-1216N_4553_3325_13\buildings\buildings_L15-1138E-1216N_4553_3325_13_2019_10.tif
L15-1138E-1216N_4553_3325_13,2019,11,2019_11,True,True,True,False,False,False,True,True,True,datasets\sen12_mt_urbanmapping\multimodal_cd_dataset\L15-1138E-1216N_4553_3325_13\s1\s1_L15-1138E-1216N_4553_3325_13_2019_11.tif,datasets\sen12_mt_urbanmapping\multimodal_cd_dataset\L15-1138E-1216N_4553_3325_13\s2\s2_L15-1138E-1216N_4553_3325_13_2019_11.tif,datasets\sen12_mt_urbanmapping\multimodal_cd_dataset\L15-1138E-1216N_4553_3325_13\buildings\buildings_L15-1138E-1216N_4553_3325_13_2019_11.tif
L15-1138E-1216N_4553_3325_13,2019,12,2019_12,True,True,True,False,False,False,True,True,True,datasets\sen12_mt_urbanmapping\multimodal_cd_dataset\L15-1138E-1216N_4553_3325_13\s1\s1_L15-1138E-1216N_4553_3325_13_2019_12.tif,datasets\sen12_mt_urbanmapping\multimodal_cd_dataset\L15-1138E-1216N_4553_3325_13\s2\s2_L15-1138E-1216N_4553_3325_13_2019_12.tif,datasets\sen12_mt_urbanmapping\multimodal_cd_dataset\L15-1138E-1216N_4553_3325_13\buildings\buildings_L15-1138E-1216N_4553_3325_13_2019_12.tif
L15-1138E-1216N_4553_3325_13,2020,1,2020_01,True,False,True,False,False,True,True,True,True,datasets\sen12_mt_urbanmapping\multimodal_cd_dataset\L15-1138E-1216N_4553_3325_13\s1\s1_L15-1138E-1216N_4553_3325_13_2020_01.tif,datasets\sen12_mt_urbanmapping\multimodal_cd_dataset\L15-1138E-1216N_4553_3325_13\s2\s2_L15-1138E-1216N_4553_3325_13_2020_01.tif,datasets\sen12_mt_urbanmapping\multimodal_cd_dataset\L15-1138E-1216N_4553_3325_13\buildings\buildings_L15-1138E-1216N_4553_3325_13_2020_01.tif
L15-1172E-1306N_4688_2967_13,2018,1,2018_01,True,True,True,False,False,False,True,True,True,datasets\sen12_mt_urbanmapping\multimodal_cd_dataset\L15-1172E-1306N_4688_2967_13\s1\s1_L15-1172E-1306N_4688_2967_13_2018_01.tif,datasets\sen12_mt_urbanmapping\multimodal_cd_dataset\L15-1172E-1306N_4688_2967_13\s2\s2_L15-1172E-1306N_4688_2967_13_2018_01.tif,datasets\sen12_mt_urbanmapping\multimodal_cd_dataset\L15-1172E-1306N_4688_2967_13\buildings\buildings_L15-1172E-1306N_4688_2967_13_2018_01.tif
L15-1172E-1306N_4688_2967_13,2018,2,2018_02,True,False,True,False,False,True,True,True,True,datasets\sen12_mt_urbanmapping\multimodal_cd_dataset\L15-1172E-1306N_4688_2967_13\s1\s1_L15-1172E-1306N_4688_2967_13_2018_02.tif,datasets\sen12_mt_urbanmapping\multimodal_cd_dataset\L15-1172E-1306N_4688_2967_13\s2\s2_L15-1172E-1306N_4688_2967_13_2018_02.tif,datasets\sen12_mt_urbanmapping\multimodal_cd_dataset\L15-1172E-1306N_4688_2967_13\buildings\buildings_L15-1172E-1306N_4688_2967_13_2018_02.tif
L15-1172E-1306N_4688_2967_13,2018,3,2018_03,True,False,True,False,False,True,True,True,True,datasets\sen12_mt_urbanmapping\multimodal_cd_dataset\L15-1172E-1306N_4688_2967_13\s1\s1_L15-1172E-1306N_4688_2967_13_2018_03.tif,datasets\sen12_mt_urbanmapping\multimodal_cd_dataset\L15-1172E-1306N_4688_2967_13\s2\s2_L15-1172E-1306N_4688_2967_13_2018_03.tif,datasets\sen12_mt_urbanmapping\multimodal_cd_dataset\L15-1172E-1306N_4688_2967_13\buildings\buildings_L15-1172E-1306N_4688_2967_13_2018_03.tif
L15-1172E-1306N_4688_2967_13,2018,4,2018_04,True,True,True,False,False,False,True,True,True,datasets\sen12_mt_urbanmapping\multimodal_cd_dataset\L15-1172E-1306N_4688_2967_13\s1\s1_L15-1172E-1306N_4688_2967_13_2018_04.tif,datasets\sen12_mt_urbanmapping\multimodal_cd_dataset\L15-1172E-1306N_4688_2967_13\s2\s2_L15-1172E-1306N_4688_2967_13_2018_04.tif,datasets\sen12_mt_urbanmapping\multimodal_cd_dataset\L15-1172E-1306N_4688_2967_13\buildings\buildings_L15-1172E-1306N_4688_2967_13_2018_04.tif
L15-1172E-1306N_4688_2967_13,2018,5,2018_05,True,True,True,False,False,False,True,True,True,datasets\sen12_mt_urbanmapping\multimodal_cd_dataset\L15-1172E-1306N_4688_2967_13\s1\s1_L15-1172E-1306N_4688_2967_13_2018_05.tif,datasets\sen12_mt_urbanmapping\multimodal_cd_dataset\L15-1172E-1306N_4688_2967_13\s2\s2_L15-1172E-1306N_4688_2967_13_2018_05.tif,datasets\sen12_mt_urbanmapping\multimodal_cd_dataset\L15-1172E-1306N_4688_2967_13\buildings\buildings_L15-1172E-1306N_4688_2967_13_2018_05.tif
L15-1172E-1306N_4688_2967_13,2018,6,2018_06,True,True,True,False,False,False,True,True,True,datasets\sen12_mt_urbanmapping\multimodal_cd_dataset\L15-1172E-1306N_4688_2967_13\s1\s1_L15-1172E-1306N_4688_2967_13_2018_06.tif,datasets\sen12_mt_urbanmapping\multimodal_cd_dataset\L15-1172E-1306N_4688_2967_13\s2\s2_L15-1172E-1306N_4688_2967_13_2018_06.tif,datasets\sen12_mt_urbanmapping\multimodal_cd_dataset\L15-1172E-1306N_4688_2967_13\buildings\buildings_L15-1172E-1306N_4688_2967_13_2018_06.tif
L15-1172E-1306N_4688_2967_13,2018,7,2018_07,True,True,True,False,False,False,True,True,True,datasets\sen12_mt_urbanmapping\multimodal_cd_dataset\L15-1172E-1306N_4688_2967_13\s1\s1_L15-1172E-1306N_4688_2967_13_2018_07.tif,datasets\sen12_mt_urbanmapping\multimodal_cd_dataset\L15-1172E-1306N_4688_2967_13\s2\s2_L15-1172E-1306N_4688_2967_13_2018_07.tif,datasets\sen12_mt_urbanmapping\multimodal_cd_dataset\L15-1172E-1306N_4688_2967_13\buildings\buildings_L15-1172E-1306N_4688_2967_13_2018_07.tif
L15-1172E-1306N_4688_2967_13,2018,8,2018_08,True,True,True,False,False,False,True,True,True,datasets\sen12_mt_urbanmapping\multimodal_cd_dataset\L15-1172E-1306N_4688_2967_13\s1\s1_L15-1172E-1306N_4688_2967_13_2018_08.tif,datasets\sen12_mt_urbanmapping\multimodal_cd_dataset\L15-1172E-1306N_4688_2967_13\s2\s2_L15-1172E-1306N_4688_2967_13_2018_08.tif,datasets\sen12_mt_urbanmapping\multimodal_cd_dataset\L15-1172E-1306N_4688_2967_13\buildings\buildings_L15-1172E-1306N_4688_2967_13_2018_08.tif
L15-1172E-1306N_4688_2967_13,2018,9,2018_09,True,True,True,False,False,False,True,True,True,datasets\sen12_mt_urbanmapping\multimodal_cd_dataset\L15-1172E-1306N_4688_2967_13\s1\s1_L15-1172E-1306N_4688_2967_13_2018_09.tif,datasets\sen12_mt_urbanmapping\multimodal_cd_dataset\L15-1172E-1306N_4688_2967_13\s2\s2_L15-1172E-1306N_4688_2967_13_2018_09.tif,datasets\sen12_mt_urbanmapping\multimodal_cd_dataset\L15-1172E-1306N_4688_2967_13\buildings\buildings_L15-1172E-1306N_4688_2967_13_2018_09.tif
L15-1172E-1306N_4688_2967_13,2018,10,2018_10,True,True,True,False,False,False,True,True,True,datasets\sen12_mt_urbanmapping\multimodal_cd_dataset\L15-1172E-1306N_4688_2967_13\s1\s1_L15-1172E-1306N_4688_2967_13_2018_10.tif,datasets\sen12_mt_urbanmapping\multimodal_cd_dataset\L15-1172E-1306N_4688_2967_13\s2\s2_L15-1172E-1306N_4688_2967_13_2018_10.tif,datasets\sen12_mt_urbanmapping\multimodal_cd_dataset\L15-1172E-1306N_4688_2967_13\buildings\buildings_L15-1172E-1306N_4688_2967_13_2018_10.tif
L15-1172E-1306N_4688_2967_13,2018,11,2018_11,True,False,True,False,False,True,True,True,True,datasets\sen12_mt_urbanmapping\multimodal_cd_dataset\L15-1172E-1306N_4688_2967_13\s1\s1_L15-1172E-1306N_4688_2967_13_2018_11.tif,datasets\sen12_mt_urbanmapping\multimodal_cd_dataset\L15-1172E-1306N_4688_2967_13\s2\s2_L15-1172E-1306N_4688_2967_13_2018_11.tif,datasets\sen12_mt_urbanmapping\multimodal_cd_dataset\L15-1172E-1306N_4688_2967_13\buildings\buildings_L15-1172E-1306N_4688_2967_13_2018_11.tif
L15-1172E-1306N_4688_2967_13,2018,12,2018_12,True,True,True,True,False,False,True,True,True,datasets\sen12_mt_urbanmapping\multimodal_cd_dataset\L15-1172E-1306N_4688_2967_13\s1\s1_L15-1172E-1306N_4688_2967_13_2018_12.tif,datasets\sen12_mt_urbanmapping\multimodal_cd_dataset\L15-1172E-1306N_4688_2967_13\s2\s2_L15-1172E-1306N_4688_2967_13_2018_12.tif,datasets\sen12_mt_urbanmapping\multimodal_cd_dataset\L15-1172E-1306N_4688_2967_13\buildings\buildings_L15-1172E-1306N_4688_2967_13_2018_12.tif
L15-1172E-1306N_4688_2967_13,2019,2,2019_02,True,True,True,False,False,False,True,True,True,datasets\sen12_mt_urbanmapping\multimodal_cd_dataset\L15-1172E-1306N_4688_2967_13\s1\s1_L15-1172E-1306N_4688_2967_13_2019_02.tif,datasets\sen12_mt_urbanmapping\multimodal_cd_dataset\L15-1172E-1306N_4688_2967_13\s2\s2_L15-1172E-1306N_4688_2967_13_2019_02.tif,datasets\sen12_mt_urbanmapping\multimodal_cd_dataset\L15-1172E-1306N_4688_2967_13\buildings\buildings_L15-1172E-1306N_4688_2967_13_2019_02.tif
L15-1172E-1306N_4688_2967_13,2019,3,2019_03,True,True,True,False,False,False,True,True,True,datasets\sen12_mt_urbanmapping\multimodal_cd_dataset\L15-1172E-1306N_4688_2967_13\s1\s1_L15-1172E-1306N_4688_2967_13_2019_03.tif,datasets\sen12_mt_urbanmapping\multimodal_cd_dataset\L15-1172E-1306N_4688_2967_13\s2\s2_L15-1172E-1306N_4688_2967_13_2019_03.tif,datasets\sen12_mt_urbanmapping\multimodal_cd_dataset\L15-1172E-1306N_4688_2967_13\buildings\buildings_L15-1172E-1306N_4688_2967_13_2019_03.tif
L15-1172E-1306N_4688_2967_13,2019,4,2019_04,True,True,True,False,False,False,True,True,True,datasets\sen12_mt_urbanmapping\multimodal_cd_dataset\L15-1172E-1306N_4688_2967_13\s1\s1_L15-1172E-1306N_4688_2967_13_2019_04.tif,datasets\sen12_mt_urbanmapping\multimodal_cd_dataset\L15-1172E-1306N_4688_2967_13\s2\s2_L15-1172E-1306N_4688_2967_13_2019_04.tif,datasets\sen12_mt_urbanmapping\multimodal_cd_dataset\L15-1172E-1306N_4688_2967_13\buildings\buildings_L15-1172E-1306N_4688_2967_13_2019_04.tif
L15-1172E-1306N_4688_2967_13,2019,5,2019_05,True,True,True,False,False,False,True,True,True,datasets\sen12_mt_urbanmapping\multimodal_cd_dataset\L15-1172E-1306N_4688_2967_13\s1\s1_L15-1172E-1306N_4688_2967_13_2019_05.tif,datasets\sen12_mt_urbanmapping\multimodal_cd_dataset\L15-1172E-1306N_4688_2967_13\s2\s2_L15-1172E-1306N_4688_2967_13_2019_05.tif,datasets\sen12_mt_urbanmapping\multimodal_cd_dataset\L15-1172E-1306N_4688_2967_13\buildings\buildings_L15-1172E-1306N_4688_2967_13_2019_05.tif
L15-1172E-1306N_4688_2967_13,2019,6,2019_06,True,True,True,False,False,False,True,True,True,datasets\sen12_mt_urbanmapping\multimodal_cd_dataset\L15-1172E-1306N_4688_2967_13\s1\s1_L15-1172E-1306N_4688_2967_13_2019_06.tif,datasets\sen12_mt_urbanmapping\multimodal_cd_dataset\L15-1172E-1306N_4688_2967_13\s2\s2_L15-1172E-1306N_4688_2967_13_2019_06.tif,datasets\sen12_mt_urbanmapping\multimodal_cd_dataset\L15-1172E-1306N_4688_2967_13\buildings\buildings_L15-1172E-1306N_4688_2967_13_2019_06.tif
L15-1172E-1306N_4688_2967_13,2019,7,2019_07,True,True,True,False,False,False,True,True,True,datasets\sen12_mt_urbanmapping\multimodal_cd_dataset\L15-1172E-1306N_4688_2967_13\s1\s1_L15-1172E-1306N_4688_2967_13_2019_07.tif,datasets\sen12_mt_urbanmapping\multimodal_cd_dataset\L15-1172E-1306N_4688_2967_13\s2\s2_L15-1172E-1306N_4688_2967_13_2019_07.tif,datasets\sen12_mt_urbanmapping\multimodal_cd_dataset\L15-1172E-1306N_4688_2967_13\buildings\buildings_L15-1172E-1306N_4688_2967_13_2019_07.tif
L15-1172E-1306N_4688_2967_13,2019,8,2019_08,True,True,True,False,False,False,True,True,True,datasets\sen12_mt_urbanmapping\multimodal_cd_dataset\L15-1172E-1306N_4688_2967_13\s1\s1_L15-1172E-1306N_4688_2967_13_2019_08.tif,datasets\sen12_mt_urbanmapping\multimodal_cd_dataset\L15-1172E-1306N_4688_2967_13\s2\s2_L15-1172E-1306N_4688_2967_13_2019_08.tif,datasets\sen12_mt_urbanmapping\multimodal_cd_dataset\L15-1172E-1306N_4688_2967_13\buildings\buildings_L15-1172E-1306N_4688_2967_13_2019_08.tif
L15-1172E-1306N_4688_2967_13,2019,9,2019_09,True,True,True,False,False,False,True,True,True,datasets\sen12_mt_urbanmapping\multimodal_cd_dataset\L15-1172E-1306N_4688_2967_13\s1\s1_L15-1172E-1306N_4688_2967_13_2019_09.tif,datasets\sen12_mt_urbanmapping\multimodal_cd_dataset\L15-1172E-1306N_4688_2967_13\s2\s2_L15-1172E-1306N_4688_2967_13_2019_09.tif,datasets\sen12_mt_urbanmapping\multimodal_cd_dataset\L15-1172E-1306N_4688_2967_13\buildings\buildings_L15-1172E-1306N_4688_2967_13_2019_09.tif
L15-1172E-1306N_4688_2967_13,2019,10,2019_10,True,True,True,False,False,False,True,True,True,datasets\sen12_mt_urbanmapping\multimodal_cd_dataset\L15-1172E-1306N_4688_2967_13\s1\s1_L15-1172E-1306N_4688_2967_13_2019_10.tif,datasets\sen12_mt_urbanmapping\multimodal_cd_dataset\L15-1172E-1306N_4688_2967_13\s2\s2_L15-1172E-1306N_4688_2967_13_2019_10.tif,datasets\sen12_mt_urbanmapping\multimodal_cd_dataset\L15-1172E-1306N_4688_2967_13\buildings\buildings_L15-1172E-1306N_4688_2967_13_2019_10.tif
L15-1172E-1306N_4688_2967_13,2019,11,2019_11,True,True,True,False,False,False,True,True,True,datasets\sen12_mt_urbanmapping\multimodal_cd_dataset\L15-1172E-1306N_4688_2967_13\s1\s1_L15-1172E-1306N_4688_2967_13_2019_11.tif,datasets\sen12_mt_urbanmapping\multimodal_cd_dataset\L15-1172E-1306N_4688_2967_13\s2\s2_L15-1172E-1306N_4688_2967_13_2019_11.tif,datasets\sen12_mt_urbanmapping\multimodal_cd_dataset\L15-1172E-1306N_4688_2967_13\buildings\buildings_L15-1172E-1306N_4688_2967_13_2019_11.tif
L15-1172E-1306N_4688_2967_13,2019,12,2019_12,True,True,True,False,False,False,True,True,True,datasets\sen12_mt_urbanmapping\multimodal_cd_dataset\L15-1172E-1306N_4688_2967_13\s1\s1_L15-1172E-1306N_4688_2967_13_2019_12.tif,datasets\sen12_mt_urbanmapping\multimodal_cd_dataset\L15-1172E-1306N_4688_2967_13\s2\s2_L15-1172E-1306N_4688_2967_13_2019_12.tif,datasets\sen12_mt_urbanmapping\multimodal_cd_dataset\L15-1172E-1306N_4688_2967_13\buildings\buildings_L15-1172E-1306N_4688_2967_13_2019_12.tif
L15-1172E-1306N_4688_2967_13,2020,1,2020_01,True,True,True,False,False,False,True,True,True,datasets\sen12_mt_urbanmapping\multimodal_cd_dataset\L15-1172E-1306N_4688_2967_13\s1\s1_L15-1172E-1306N_4688_2967_13_2020_01.tif,datasets\sen12_mt_urbanmapping\multimodal_cd_dataset\L15-1172E-1306N_4688_2967_13\s2\s2_L15-1172E-1306N_4688_2967_13_2020_01.tif,datasets\sen12_mt_urbanmapping\multimodal_cd_dataset\L15-1172E-1306N_4688_2967_13\buildings\buildings_L15-1172E-1306N_4688_2967_13_2020_01.tif
L15-1185E-0935N_4742_4450_13,2018,1,2018_01,True,True,True,False,False,False,True,True,True,datasets\sen12_mt_urbanmapping\multimodal_cd_dataset\L15-1185E-0935N_4742_4450_13\s1\s1_L15-1185E-0935N_4742_4450_13_2018_01.tif,datasets\sen12_mt_urbanmapping\multimodal_cd_dataset\L15-1185E-0935N_4742_4450_13\s2\s2_L15-1185E-0935N_4742_4450_13_2018_01.tif,datasets\sen12_mt_urbanmapping\multimodal_cd_dataset\L15-1185E-0935N_4742_4450_13\buildings\buildings_L15-1185E-0935N_4742_4450_13_2018_01.tif
L15-1185E-0935N_4742_4450_13,2018,2,2018_02,True,False,True,True,False,True,True,True,True,datasets\sen12_mt_urbanmapping\multimodal_cd_dataset\L15-1185E-0935N_4742_4450_13\s1\s1_L15-1185E-0935N_4742_4450_13_2018_02.tif,datasets\sen12_mt_urbanmapping\multimodal_cd_dataset\L15-1185E-0935N_4742_4450_13\s2\s2_L15-1185E-0935N_4742_4450_13_2018_02.tif,datasets\sen12_mt_urbanmapping\multimodal_cd_dataset\L15-1185E-0935N_4742_4450_13\buildings\buildings_L15-1185E-0935N_4742_4450_13_2018_02.tif
L15-1185E-0935N_4742_4450_13,2018,4,2018_04,True,False,True,False,False,True,True,True,True,datasets\sen12_mt_urbanmapping\multimodal_cd_dataset\L15-1185E-0935N_4742_4450_13\s1\s1_L15-1185E-0935N_4742_4450_13_2018_04.tif,datasets\sen12_mt_urbanmapping\multimodal_cd_dataset\L15-1185E-0935N_4742_4450_13\s2\s2_L15-1185E-0935N_4742_4450_13_2018_04.tif,datasets\sen12_mt_urbanmapping\multimodal_cd_dataset\L15-1185E-0935N_4742_4450_13\buildings\buildings_L15-1185E-0935N_4742_4450_13_2018_04.tif
L15-1185E-0935N_4742_4450_13,2018,5,2018_05,True,True,True,True,False,False,True,True,True,datasets\sen12_mt_urbanmapping\multimodal_cd_dataset\L15-1185E-0935N_4742_4450_13\s1\s1_L15-1185E-0935N_4742_4450_13_2018_05.tif,datasets\sen12_mt_urbanmapping\multimodal_cd_dataset\L15-1185E-0935N_4742_4450_13\s2\s2_L15-1185E-0935N_4742_4450_13_2018_05.tif,datasets\sen12_mt_urbanmapping\multimodal_cd_dataset\L15-1185E-0935N_4742_4450_13\buildings\buildings_L15-1185E-0935N_4742_4450_13_2018_05.tif
L15-1185E-0935N_4742_4450_13,2018,6,2018_06,True,True,True,False,False,False,True,True,True,datasets\sen12_mt_urbanmapping\multimodal_cd_dataset\L15-1185E-0935N_4742_4450_13\s1\s1_L15-1185E-0935N_4742_4450_13_2018_06.tif,datasets\sen12_mt_urbanmapping\multimodal_cd_dataset\L15-1185E-0935N_4742_4450_13\s2\s2_L15-1185E-0935N_4742_4450_13_2018_06.tif,datasets\sen12_mt_urbanmapping\multimodal_cd_dataset\L15-1185E-0935N_4742_4450_13\buildings\buildings_L15-1185E-0935N_4742_4450_13_2018_06.tif
L15-1185E-0935N_4742_4450_13,2018,7,2018_07,True,True,True,True,False,False,True,True,True,datasets\sen12_mt_urbanmapping\multimodal_cd_dataset\L15-1185E-0935N_4742_4450_13\s1\s1_L15-1185E-0935N_4742_4450_13_2018_07.tif,datasets\sen12_mt_urbanmapping\multimodal_cd_dataset\L15-1185E-0935N_4742_4450_13\s2\s2_L15-1185E-0935N_4742_4450_13_2018_07.tif,datasets\sen12_mt_urbanmapping\multimodal_cd_dataset\L15-1185E-0935N_4742_4450_13\buildings\buildings_L15-1185E-0935N_4742_4450_13_2018_07.tif
L15-1185E-0935N_4742_4450_13,2018,8,2018_08,True,True,True,False,False,False,True,True,True,datasets\sen12_mt_urbanmapping\multimodal_cd_dataset\L15-1185E-0935N_4742_4450_13\s1\s1_L15-1185E-0935N_4742_4450_13_2018_08.tif,datasets\sen12_mt_urbanmapping\multimodal_cd_dataset\L15-1185E-0935N_4742_4450_13\s2\s2_L15-1185E-0935N_4742_4450_13_2018_08.tif,datasets\sen12_mt_urbanmapping\multimodal_cd_dataset\L15-1185E-0935N_4742_4450_13\buildings\buildings_L15-1185E-0935N_4742_4450_13_2018_08.tif
L15-1185E-0935N_4742_4450_13,2018,9,2018_09,True,True,True,False,False,False,True,True,True,datasets\sen12_mt_urbanmapping\multimodal_cd_dataset\L15-1185E-0935N_4742_4450_13\s1\s1_L15-1185E-0935N_4742_4450_13_2018_09.tif,datasets\sen12_mt_urbanmapping\multimodal_cd_dataset\L15-1185E-0935N_4742_4450_13\s2\s2_L15-1185E-0935N_4742_4450_13_2018_09.tif,datasets\sen12_mt_urbanmapping\multimodal_cd_dataset\L15-1185E-0935N_4742_4450_13\buildings\buildings_L15-1185E-0935N_4742_4450_13_2018_09.tif
L15-1185E-0935N_4742_4450_13,2018,10,2018_10,True,True,True,False,False,False,True,True,True,datasets\sen12_mt_urbanmapping\multimodal_cd_dataset\L15-1185E-0935N_4742_4450_13\s1\s1_L15-1185E-0935N_4742_4450_13_2018_10.tif,datasets\sen12_mt_urbanmapping\multimodal_cd_dataset\L15-1185E-0935N_4742_4450_13\s2\s2_L15-1185E-0935N_4742_4450_13_2018_10.tif,datasets\sen12_mt_urbanmapping\multimodal_cd_dataset\L15-1185E-0935N_4742_4450_13\buildings\buildings_L15-1185E-0935N_4742_4450_13_2018_10.tif
L15-1185E-0935N_4742_4450_13,2018,11,2018_11,True,True,True,False,False,False,True,True,True,datasets\sen12_mt_urbanmapping\multimodal_cd_dataset\L15-1185E-0935N_4742_4450_13\s1\s1_L15-1185E-0935N_4742_4450_13_2018_11.tif,datasets\sen12_mt_urbanmapping\multimodal_cd_dataset\L15-1185E-0935N_4742_4450_13\s2\s2_L15-1185E-0935N_4742_4450_13_2018_11.tif,datasets\sen12_mt_urbanmapping\multimodal_cd_dataset\L15-1185E-0935N_4742_4450_13\buildings\buildings_L15-1185E-0935N_4742_4450_13_2018_11.tif
L15-1185E-0935N_4742_4450_13,2018,12,2018_12,True,False,True,False,False,True,True,True,True,datasets\sen12_mt_urbanmapping\multimodal_cd_dataset\L15-1185E-0935N_4742_4450_13\s1\s1_L15-1185E-0935N_4742_4450_13_2018_12.tif,datasets\sen12_mt_urbanmapping\multimodal_cd_dataset\L15-1185E-0935N_4742_4450_13\s2\s2_L15-1185E-0935N_4742_4450_13_2018_12.tif,datasets\sen12_mt_urbanmapping\multimodal_cd_dataset\L15-1185E-0935N_4742_4450_13\buildings\buildings_L15-1185E-0935N_4742_4450_13_2018_12.tif
L15-1185E-0935N_4742_4450_13,2019,1,2019_01,True,False,True,True,False,True,True,True,True,datasets\sen12_mt_urbanmapping\multimodal_cd_dataset\L15-1185E-0935N_4742_4450_13\s1\s1_L15-1185E-0935N_4742_4450_13_2019_01.tif,datasets\sen12_mt_urbanmapping\multimodal_cd_dataset\L15-1185E-0935N_4742_4450_13\s2\s2_L15-1185E-0935N_4742_4450_13_2019_01.tif,datasets\sen12_mt_urbanmapping\multimodal_cd_dataset\L15-1185E-0935N_4742_4450_13\buildings\buildings_L15-1185E-0935N_4742_4450_13_2019_01.tif
L15-1185E-0935N_4742_4450_13,2019,2,2019_02,True,False,True,True,False,True,True,True,True,datasets\sen12_mt_urbanmapping\multimodal_cd_dataset\L15-1185E-0935N_4742_4450_13\s1\s1_L15-1185E-0935N_4742_4450_13_2019_02.tif,datasets\sen12_mt_urbanmapping\multimodal_cd_dataset\L15-1185E-0935N_4742_4450_13\s2\s2_L15-1185E-0935N_4742_4450_13_2019_02.tif,datasets\sen12_mt_urbanmapping\multimodal_cd_dataset\L15-1185E-0935N_4742_4450_13\buildings\buildings_L15-1185E-0935N_4742_4450_13_2019_02.tif
L15-1185E-0935N_4742_4450_13,2019,3,2019_03,True,True,True,False,False,False,True,True,True,datasets\sen12_mt_urbanmapping\multimodal_cd_dataset\L15-1185E-0935N_4742_4450_13\s1\s1_L15-1185E-0935N_4742_4450_13_2019_03.tif,datasets\sen12_mt_urbanmapping\multimodal_cd_dataset\L15-1185E-0935N_4742_4450_13\s2\s2_L15-1185E-0935N_4742_4450_13_2019_03.tif,datasets\sen12_mt_urbanmapping\multimodal_cd_dataset\L15-1185E-0935N_4742_4450_13\buildings\buildings_L15-1185E-0935N_4742_4450_13_2019_03.tif
L15-1185E-0935N_4742_4450_13,2019,4,2019_04,True,True,True,False,False,False,True,True,True,datasets\sen12_mt_urbanmapping\multimodal_cd_dataset\L15-1185E-0935N_4742_4450_13\s1\s1_L15-1185E-0935N_4742_4450_13_2019_04.tif,datasets\sen12_mt_urbanmapping\multimodal_cd_dataset\L15-1185E-0935N_4742_4450_13\s2\s2_L15-1185E-0935N_4742_4450_13_2019_04.tif,datasets\sen12_mt_urbanmapping\multimodal_cd_dataset\L15-1185E-0935N_4742_4450_13\buildings\buildings_L15-1185E-0935N_4742_4450_13_2019_04.tif
L15-1185E-0935N_4742_4450_13,2019,5,2019_05,True,True,True,False,False,False,True,True,True,datasets\sen12_mt_urbanmapping\multimodal_cd_dataset\L15-1185E-0935N_4742_4450_13\s1\s1_L15-1185E-0935N_4742_4450_13_2019_05.tif,datasets\sen12_mt_urbanmapping\multimodal_cd_dataset\L15-1185E-0935N_4742_4450_13\s2\s2_L15-1185E-0935N_4742_4450_13_2019_05.tif,datasets\sen12_mt_urbanmapping\multimodal_cd_dataset\L15-1185E-0935N_4742_4450_13\buildings\buildings_L15-1185E-0935N_4742_4450_13_2019_05.tif
L15-1185E-0935N_4742_4450_13,2019,6,2019_06,True,True,True,False,False,False,True,True,True,datasets\sen12_mt_urbanmapping\multimodal_cd_dataset\L15-1185E-0935N_4742_4450_13\s1\s1_L15-1185E-0935N_4742_4450_13_2019_06.tif,datasets\sen12_mt_urbanmapping\multimodal_cd_dataset\L15-1185E-0935N_4742_4450_13\s2\s2_L15-1185E-0935N_4742_4450_13_2019_06.tif,datasets\sen12_mt_urbanmapping\multimodal_cd_dataset\L15-1185E-0935N_4742_4450_13\buildings\buildings_L15-1185E-0935N_4742_4450_13_2019_06.tif
L15-1185E-0935N_4742_4450_13,2019,7,2019_07,True,True,True,False,False,False,True,True,True,datasets\sen12_mt_urbanmapping\multimodal_cd_dataset\L15-1185E-0935N_4742_4450_13\s1\s1_L15-1185E-0935N_4742_4450_13_2019_07.tif,datasets\sen12_mt_urbanmapping\multimodal_cd_dataset\L15-1185E-0935N_4742_4450_13\s2\s2_L15-1185E-0935N_4742_4450_13_2019_07.tif,datasets\sen12_mt_urbanmapping\multimodal_cd_dataset\L15-1185E-0935N_4742_4450_13\buildings\buildings_L15-1185E-0935N_4742_4450_13_2019_07.tif
L15-1185E-0935N_4742_4450_13,2019,8,2019_08,True,True,True,False,False,False,True,True,True,datasets\sen12_mt_urbanmapping\multimodal_cd_dataset\L15-1185E-0935N_4742_4450_13\s1\s1_L15-1185E-0935N_4742_4450_13_2019_08.tif,datasets\sen12_mt_urbanmapping\multimodal_cd_dataset\L15-1185E-0935N_4742_4450_13\s2\s2_L15-1185E-0935N_4742_4450_13_2019_08.tif,datasets\sen12_mt_urbanmapping\multimodal_cd_dataset\L15-1185E-0935N_4742_4450_13\buildings\buildings_L15-1185E-0935N_4742_4450_13_2019_08.tif
L15-1185E-0935N_4742_4450_13,2019,9,2019_09,True,True,True,False,False,False,True,True,True,datasets\sen12_mt_urbanmapping\multimodal_cd_dataset\L15-1185E-0935N_4742_4450_13\s1\s1_L15-1185E-0935N_4742_4450_13_2019_09.tif,datasets\sen12_mt_urbanmapping\multimodal_cd_dataset\L15-1185E-0935N_4742_4450_13\s2\s2_L15-1185E-0935N_4742_4450_13_2019_09.tif,datasets\sen12_mt_urbanmapping\multimodal_cd_dataset\L15-1185E-0935N_4742_4450_13\buildings\buildings_L15-1185E-0935N_4742_4450_13_2019_09.tif
L15-1185E-0935N_4742_4450_13,2019,10,2019_10,True,True,True,False,False,False,True,True,True,datasets\sen12_mt_urbanmapping\multimodal_cd_dataset\L15-1185E-0935N_4742_4450_13\s1\s1_L15-1185E-0935N_4742_4450_13_2019_10.tif,datasets\sen12_mt_urbanmapping\multimodal_cd_dataset\L15-1185E-0935N_4742_4450_13\s2\s2_L15-1185E-0935N_4742_4450_13_2019_10.tif,datasets\sen12_mt_urbanmapping\multimodal_cd_dataset\L15-1185E-0935N_4742_4450_13\buildings\buildings_L15-1185E-0935N_4742_4450_13_2019_10.tif
L15-1185E-0935N_4742_4450_13,2019,11,2019_11,True,True,True,False,False,False,True,True,True,datasets\sen12_mt_urbanmapping\multimodal_cd_dataset\L15-1185E-0935N_4742_4450_13\s1\s1_L15-1185E-0935N_4742_4450_13_2019_11.tif,datasets\sen12_mt_urbanmapping\multimodal_cd_dataset\L15-1185E-0935N_4742_4450_13\s2\s2_L15-1185E-0935N_4742_4450_13_2019_11.tif,datasets\sen12_mt_urbanmapping\multimodal_cd_dataset\L15-1185E-0935N_4742_4450_13\buildings\buildings_L15-1185E-0935N_4742_4450_13_2019_11.tif
L15-1185E-0935N_4742_4450_13,2019,12,2019_12,True,False,True,False,False,True,True,True,True,datasets\sen12_mt_urbanmapping\multimodal_cd_dataset\L15-1185E-0935N_4742_4450_13\s1\s1_L15-1185E-0935N_4742_4450_13_2019_12.tif,datasets\sen12_mt_urbanmapping\multimodal_cd_dataset\L15-1185E-0935N_4742_4450_13\s2\s2_L15-1185E-0935N_4742_4450_13_2019_12.tif,datasets\sen12_mt_urbanmapping\multimodal_cd_dataset\L15-1185E-0935N_4742_4450_13\buildings\buildings_L15-1185E-0935N_4742_4450_13_2019_12.tif
L15-1185E-0935N_4742_4450_13,2020,1,2020_01,True,False,True,False,False,True,True,True,True,datasets\sen12_mt_urbanmapping\multimodal_cd_dataset\L15-1185E-0935N_4742_4450_13\s1\s1_L15-1185E-0935N_4742_4450_13_2020_01.tif,datasets\sen12_mt_urbanmapping\multimodal_cd_dataset\L15-1185E-0935N_4742_4450_13\s2\s2_L15-1185E-0935N_4742_4450_13_2020_01.tif,datasets\sen12_mt_urbanmapping\multimodal_cd_dataset\L15-1185E-0935N_4742_4450_13\buildings\buildings_L15-1185E-0935N_4742_4450_13_2020_01.tif
L15-1200E-0847N_4802_4803_13,2018,2,2018_02,True,True,True,False,False,False,True,True,True,datasets\sen12_mt_urbanmapping\multimodal_cd_dataset\L15-1200E-0847N_4802_4803_13\s1\s1_L15-1200E-0847N_4802_4803_13_2018_02.tif,datasets\sen12_mt_urbanmapping\multimodal_cd_dataset\L15-1200E-0847N_4802_4803_13\s2\s2_L15-1200E-0847N_4802_4803_13_2018_02.tif,datasets\sen12_mt_urbanmapping\multimodal_cd_dataset\L15-1200E-0847N_4802_4803_13\buildings\buildings_L15-1200E-0847N_4802_4803_13_2018_02.tif
L15-1200E-0847N_4802_4803_13,2018,3,2018_03,True,True,True,False,False,False,True,True,True,datasets\sen12_mt_urbanmapping\multimodal_cd_dataset\L15-1200E-0847N_4802_4803_13\s1\s1_L15-1200E-0847N_4802_4803_13_2018_03.tif,datasets\sen12_mt_urbanmapping\multimodal_cd_dataset\L15-1200E-0847N_4802_4803_13\s2\s2_L15-1200E-0847N_4802_4803_13_2018_03.tif,datasets\sen12_mt_urbanmapping\multimodal_cd_dataset\L15-1200E-0847N_4802_4803_13\buildings\buildings_L15-1200E-0847N_4802_4803_13_2018_03.tif
L15-1200E-0847N_4802_4803_13,2018,4,2018_04,True,True,True,False,False,False,True,True,True,datasets\sen12_mt_urbanmapping\multimodal_cd_dataset\L15-1200E-0847N_4802_4803_13\s1\s1_L15-1200E-0847N_4802_4803_13_2018_04.tif,datasets\sen12_mt_urbanmapping\multimodal_cd_dataset\L15-1200E-0847N_4802_4803_13\s2\s2_L15-1200E-0847N_4802_4803_13_2018_04.tif,datasets\sen12_mt_urbanmapping\multimodal_cd_dataset\L15-1200E-0847N_4802_4803_13\buildings\buildings_L15-1200E-0847N_4802_4803_13_2018_04.tif
L15-1200E-0847N_4802_4803_13,2018,5,2018_05,True,True,True,True,False,False,True,True,True,datasets\sen12_mt_urbanmapping\multimodal_cd_dataset\L15-1200E-0847N_4802_4803_13\s1\s1_L15-1200E-0847N_4802_4803_13_2018_05.tif,datasets\sen12_mt_urbanmapping\multimodal_cd_dataset\L15-1200E-0847N_4802_4803_13\s2\s2_L15-1200E-0847N_4802_4803_13_2018_05.tif,datasets\sen12_mt_urbanmapping\multimodal_cd_dataset\L15-1200E-0847N_4802_4803_13\buildings\buildings_L15-1200E-0847N_4802_4803_13_2018_05.tif
L15-1200E-0847N_4802_4803_13,2018,6,2018_06,True,True,True,False,False,False,True,True,True,datasets\sen12_mt_urbanmapping\multimodal_cd_dataset\L15-1200E-0847N_4802_4803_13\s1\s1_L15-1200E-0847N_4802_4803_13_2018_06.tif,datasets\sen12_mt_urbanmapping\multimodal_cd_dataset\L15-1200E-0847N_4802_4803_13\s2\s2_L15-1200E-0847N_4802_4803_13_2018_06.tif,datasets\sen12_mt_urbanmapping\multimodal_cd_dataset\L15-1200E-0847N_4802_4803_13\buildings\buildings_L15-1200E-0847N_4802_4803_13_2018_06.tif
L15-1200E-0847N_4802_4803_13,2018,7,2018_07,True,True,True,False,False,False,True,True,True,datasets\sen12_mt_urbanmapping\multimodal_cd_dataset\L15-1200E-0847N_4802_4803_13\s1\s1_L15-1200E-0847N_4802_4803_13_2018_07.tif,datasets\sen12_mt_urbanmapping\multimodal_cd_dataset\L15-1200E-0847N_4802_4803_13\s2\s2_L15-1200E-0847N_4802_4803_13_2018_07.tif,datasets\sen12_mt_urbanmapping\multimodal_cd_dataset\L15-1200E-0847N_4802_4803_13\buildings\buildings_L15-1200E-0847N_4802_4803_13_2018_07.tif
L15-1200E-0847N_4802_4803_13,2018,8,2018_08,True,True,True,False,False,False,True,True,True,datasets\sen12_mt_urbanmapping\multimodal_cd_dataset\L15-1200E-0847N_4802_4803_13\s1\s1_L15-1200E-0847N_4802_4803_13_2018_08.tif,datasets\sen12_mt_urbanmapping\multimodal_cd_dataset\L15-1200E-0847N_4802_4803_13\s2\s2_L15-1200E-0847N_4802_4803_13_2018_08.tif,datasets\sen12_mt_urbanmapping\multimodal_cd_dataset\L15-1200E-0847N_4802_4803_13\buildings\buildings_L15-1200E-0847N_4802_4803_13_2018_08.tif
L15-1200E-0847N_4802_4803_13,2018,9,2018_09,True,True,True,False,False,False,True,True,True,datasets\sen12_mt_urbanmapping\multimodal_cd_dataset\L15-1200E-0847N_4802_4803_13\s1\s1_L15-1200E-0847N_4802_4803_13_2018_09.tif,datasets\sen12_mt_urbanmapping\multimodal_cd_dataset\L15-1200E-0847N_4802_4803_13\s2\s2_L15-1200E-0847N_4802_4803_13_2018_09.tif,datasets\sen12_mt_urbanmapping\multimodal_cd_dataset\L15-1200E-0847N_4802_4803_13\buildings\buildings_L15-1200E-0847N_4802_4803_13_2018_09.tif
L15-1200E-0847N_4802_4803_13,2018,10,2018_10,True,True,True,False,False,False,True,True,True,datasets\sen12_mt_urbanmapping\multimodal_cd_dataset\L15-1200E-0847N_4802_4803_13\s1\s1_L15-1200E-0847N_4802_4803_13_2018_10.tif,datasets\sen12_mt_urbanmapping\multimodal_cd_dataset\L15-1200E-0847N_4802_4803_13\s2\s2_L15-1200E-0847N_4802_4803_13_2018_10.tif,datasets\sen12_mt_urbanmapping\multimodal_cd_dataset\L15-1200E-0847N_4802_4803_13\buildings\buildings_L15-1200E-0847N_4802_4803_13_2018_10.tif
L15-1200E-0847N_4802_4803_13,2018,11,2018_11,True,True,True,False,False,False,True,True,True,datasets\sen12_mt_urbanmapping\multimodal_cd_dataset\L15-1200E-0847N_4802_4803_13\s1\s1_L15-1200E-0847N_4802_4803_13_2018_11.tif,datasets\sen12_mt_urbanmapping\multimodal_cd_dataset\L15-1200E-0847N_4802_4803_13\s2\s2_L15-1200E-0847N_4802_4803_13_2018_11.tif,datasets\sen12_mt_urbanmapping\multimodal_cd_dataset\L15-1200E-0847N_4802_4803_13\buildings\buildings_L15-1200E-0847N_4802_4803_13_2018_11.tif
L15-1200E-0847N_4802_4803_13,2018,12,2018_12,True,False,True,False,False,True,True,True,True,datasets\sen12_mt_urbanmapping\multimodal_cd_dataset\L15-1200E-0847N_4802_4803_13\s1\s1_L15-1200E-0847N_4802_4803_13_2018_12.tif,datasets\sen12_mt_urbanmapping\multimodal_cd_dataset\L15-1200E-0847N_4802_4803_13\s2\s2_L15-1200E-0847N_4802_4803_13_2018_12.tif,datasets\sen12_mt_urbanmapping\multimodal_cd_dataset\L15-1200E-0847N_4802_4803_13\buildings\buildings_L15-1200E-0847N_4802_4803_13_2018_12.tif
L15-1200E-0847N_4802_4803_13,2019,1,2019_01,True,True,True,False,False,False,True,True,True,datasets\sen12_mt_urbanmapping\multimodal_cd_dataset\L15-1200E-0847N_4802_4803_13\s1\s1_L15-1200E-0847N_4802_4803_13_2019_01.tif,datasets\sen12_mt_urbanmapping\multimodal_cd_dataset\L15-1200E-0847N_4802_4803_13\s2\s2_L15-1200E-0847N_4802_4803_13_2019_01.tif,datasets\sen12_mt_urbanmapping\multimodal_cd_dataset\L15-1200E-0847N_4802_4803_13\buildings\buildings_L15-1200E-0847N_4802_4803_13_2019_01.tif
L15-1200E-0847N_4802_4803_13,2019,2,2019_02,True,True,True,False,False,False,True,True,True,datasets\sen12_mt_urbanmapping\multimodal_cd_dataset\L15-1200E-0847N_4802_4803_13\s1\s1_L15-1200E-0847N_4802_4803_13_2019_02.tif,datasets\sen12_mt_urbanmapping\multimodal_cd_dataset\L15-1200E-0847N_4802_4803_13\s2\s2_L15-1200E-0847N_4802_4803_13_2019_02.tif,datasets\sen12_mt_urbanmapping\multimodal_cd_dataset\L15-1200E-0847N_4802_4803_13\buildings\buildings_L15-1200E-0847N_4802_4803_13_2019_02.tif
L15-1200E-0847N_4802_4803_13,2019,3,2019_03,True,True,True,False,False,False,True,True,True,datasets\sen12_mt_urbanmapping\multimodal_cd_dataset\L15-1200E-0847N_4802_4803_13\s1\s1_L15-1200E-0847N_4802_4803_13_2019_03.tif,datasets\sen12_mt_urbanmapping\multimodal_cd_dataset\L15-1200E-0847N_4802_4803_13\s2\s2_L15-1200E-0847N_4802_4803_13_2019_03.tif,datasets\sen12_mt_urbanmapping\multimodal_cd_dataset\L15-1200E-0847N_4802_4803_13\buildings\buildings_L15-1200E-0847N_4802_4803_13_2019_03.tif
L15-1200E-0847N_4802_4803_13,2019,4,2019_04,True,True,True,False,False,False,True,True,True,datasets\sen12_mt_urbanmapping\multimodal_cd_dataset\L15-1200E-0847N_4802_4803_13\s1\s1_L15-1200E-0847N_4802_4803_13_2019_04.tif,datasets\sen12_mt_urbanmapping\multimodal_cd_dataset\L15-1200E-0847N_4802_4803_13\s2\s2_L15-1200E-0847N_4802_4803_13_2019_04.tif,datasets\sen12_mt_urbanmapping\multimodal_cd_dataset\L15-1200E-0847N_4802_4803_13\buildings\buildings_L15-1200E-0847N_4802_4803_13_2019_04.tif
L15-1200E-0847N_4802_4803_13,2019,5,2019_05,True,True,True,False,False,False,True,True,True,datasets\sen12_mt_urbanmapping\multimodal_cd_dataset\L15-1200E-0847N_4802_4803_13\s1\s1_L15-1200E-0847N_4802_4803_13_2019_05.tif,datasets\sen12_mt_urbanmapping\multimodal_cd_dataset\L15-1200E-0847N_4802_4803_13\s2\s2_L15-1200E-0847N_4802_4803_13_2019_05.tif,datasets\sen12_mt_urbanmapping\multimodal_cd_dataset\L15-1200E-0847N_4802_4803_13\buildings\buildings_L15-1200E-0847N_4802_4803_13_2019_05.tif
L15-1200E-0847N_4802_4803_13,2019,6,2019_06,True,True,True,False,False,False,True,True,True,datasets\sen12_mt_urbanmapping\multimodal_cd_dataset\L15-1200E-0847N_4802_4803_13\s1\s1_L15-1200E-0847N_4802_4803_13_2019_06.tif,datasets\sen12_mt_urbanmapping\multimodal_cd_dataset\L15-1200E-0847N_4802_4803_13\s2\s2_L15-1200E-0847N_4802_4803_13_2019_06.tif,datasets\sen12_mt_urbanmapping\multimodal_cd_dataset\L15-1200E-0847N_4802_4803_13\buildings\buildings_L15-1200E-0847N_4802_4803_13_2019_06.tif
L15-1200E-0847N_4802_4803_13,2019,7,2019_07,True,True,True,False,False,False,True,True,True,datasets\sen12_mt_urbanmapping\multimodal_cd_dataset\L15-1200E-0847N_4802_4803_13\s1\s1_L15-1200E-0847N_4802_4803_13_2019_07.tif,datasets\sen12_mt_urbanmapping\multimodal_cd_dataset\L15-1200E-0847N_4802_4803_13\s2\s2_L15-1200E-0847N_4802_4803_13_2019_07.tif,datasets\sen12_mt_urbanmapping\multimodal_cd_dataset\L15-1200E-0847N_4802_4803_13\buildings\buildings_L15-1200E-0847N_4802_4803_13_2019_07.tif
L15-1200E-0847N_4802_4803_13,2019,8,2019_08,True,True,True,False,False,False,True,True,True,datasets\sen12_mt_urbanmapping\multimodal_cd_dataset\L15-1200E-0847N_4802_4803_13\s1\s1_L15-1200E-0847N_4802_4803_13_2019_08.tif,datasets\sen12_mt_urbanmapping\multimodal_cd_dataset\L15-1200E-0847N_4802_4803_13\s2\s2_L15-1200E-0847N_4802_4803_13_2019_08.tif,datasets\sen12_mt_urbanmapping\multimodal_cd_dataset\L15-1200E-0847N_4802_4803_13\buildings\buildings_L15-1200E-0847N_4802_4803_13_2019_08.tif
L15-1200E-0847N_4802_4803_13,2019,9,2019_09,True,True,True,False,False,False,True,True,True,datasets\sen12_mt_urbanmapping\multimodal_cd_dataset\L15-1200E-0847N_4802_4803_13\s1\s1_L15-1200E-0847N_4802_4803_13_2019_09.tif,datasets\sen12_mt_urbanmapping\multimodal_cd_dataset\L15-1200E-0847N_4802_4803_13\s2\s2_L15-1200E-0847N_4802_4803_13_2019_09.tif,datasets\sen12_mt_urbanmapping\multimodal_cd_dataset\L15-1200E-0847N_4802_4803_13\buildings\buildings_L15-1200E-0847N_4802_4803_13_2019_09.tif
L15-1200E-0847N_4802_4803_13,2019,10,2019_10,True,True,True,False,False,False,True,True,True,datasets\sen12_mt_urbanmapping\multimodal_cd_dataset\L15-1200E-0847N_4802_4803_13\s1\s1_L15-1200E-0847N_4802_4803_13_2019_10.tif,datasets\sen12_mt_urbanmapping\multimodal_cd_dataset\L15-1200E-0847N_4802_4803_13\s2\s2_L15-1200E-0847N_4802_4803_13_2019_10.tif,datasets\sen12_mt_urbanmapping\multimodal_cd_dataset\L15-1200E-0847N_4802_4803_13\buildings\buildings_L15-1200E-0847N_4802_4803_13_2019_10.tif
L15-1200E-0847N_4802_4803_13,2019,11,2019_11,True,False,True,False,False,True,True,True,True,datasets\sen12_mt_urbanmapping\multimodal_cd_dataset\L15-1200E-0847N_4802_4803_13\s1\s1_L15-1200E-0847N_4802_4803_13_2019_11.tif,datasets\sen12_mt_urbanmapping\multimodal_cd_dataset\L15-1200E-0847N_4802_4803_13\s2\s2_L15-1200E-0847N_4802_4803_13_2019_11.tif,datasets\sen12_mt_urbanmapping\multimodal_cd_dataset\L15-1200E-0847N_4802_4803_13\buildings\buildings_L15-1200E-0847N_4802_4803_13_2019_11.tif
L15-1200E-0847N_4802_4803_13,2019,12,2019_12,True,False,True,True,False,True,True,True,True,datasets\sen12_mt_urbanmapping\multimodal_cd_dataset\L15-1200E-0847N_4802_4803_13\s1\s1_L15-1200E-0847N_4802_4803_13_2019_12.tif,datasets\sen12_mt_urbanmapping\multimodal_cd_dataset\L15-1200E-0847N_4802_4803_13\s2\s2_L15-1200E-0847N_4802_4803_13_2019_12.tif,datasets\sen12_mt_urbanmapping\multimodal_cd_dataset\L15-1200E-0847N_4802_4803_13\buildings\buildings_L15-1200E-0847N_4802_4803_13_2019_12.tif
L15-1200E-0847N_4802_4803_13,2020,1,2020_01,True,True,True,False,False,False,True,True,True,datasets\sen12_mt_urbanmapping\multimodal_cd_dataset\L15-1200E-0847N_4802_4803_13\s1\s1_L15-1200E-0847N_4802_4803_13_2020_01.tif,datasets\sen12_mt_urbanmapping\multimodal_cd_dataset\L15-1200E-0847N_4802_4803_13\s2\s2_L15-1200E-0847N_4802_4803_13_2020_01.tif,datasets\sen12_mt_urbanmapping\multimodal_cd_dataset\L15-1200E-0847N_4802_4803_13\buildings\buildings_L15-1200E-0847N_4802_4803_13_2020_01.tif
L15-1203E-1203N_4815_3378_13,2017,7,2017_07,True,True,True,False,False,False,True,True,True,datasets\sen12_mt_urbanmapping\multimodal_cd_dataset\L15-1203E-1203N_4815_3378_13\s1\s1_L15-1203E-1203N_4815_3378_13_2017_07.tif,datasets\sen12_mt_urbanmapping\multimodal_cd_dataset\L15-1203E-1203N_4815_3378_13\s2\s2_L15-1203E-1203N_4815_3378_13_2017_07.tif,datasets\sen12_mt_urbanmapping\multimodal_cd_dataset\L15-1203E-1203N_4815_3378_13\buildings\buildings_L15-1203E-1203N_4815_3378_13_2017_07.tif
L15-1203E-1203N_4815_3378_13,2017,8,2017_08,True,True,True,False,False,False,True,True,True,datasets\sen12_mt_urbanmapping\multimodal_cd_dataset\L15-1203E-1203N_4815_3378_13\s1\s1_L15-1203E-1203N_4815_3378_13_2017_08.tif,datasets\sen12_mt_urbanmapping\multimodal_cd_dataset\L15-1203E-1203N_4815_3378_13\s2\s2_L15-1203E-1203N_4815_3378_13_2017_08.tif,datasets\sen12_mt_urbanmapping\multimodal_cd_dataset\L15-1203E-1203N_4815_3378_13\buildings\buildings_L15-1203E-1203N_4815_3378_13_2017_08.tif
L15-1203E-1203N_4815_3378_13,2017,9,2017_09,True,True,True,True,False,False,True,True,True,datasets\sen12_mt_urbanmapping\multimodal_cd_dataset\L15-1203E-1203N_4815_3378_13\s1\s1_L15-1203E-1203N_4815_3378_13_2017_09.tif,datasets\sen12_mt_urbanmapping\multimodal_cd_dataset\L15-1203E-1203N_4815_3378_13\s2\s2_L15-1203E-1203N_4815_3378_13_2017_09.tif,datasets\sen12_mt_urbanmapping\multimodal_cd_dataset\L15-1203E-1203N_4815_3378_13\buildings\buildings_L15-1203E-1203N_4815_3378_13_2017_09.tif
L15-1203E-1203N_4815_3378_13,2017,10,2017_10,True,True,True,True,False,False,True,True,True,datasets\sen12_mt_urbanmapping\multimodal_cd_dataset\L15-1203E-1203N_4815_3378_13\s1\s1_L15-1203E-1203N_4815_3378_13_2017_10.tif,datasets\sen12_mt_urbanmapping\multimodal_cd_dataset\L15-1203E-1203N_4815_3378_13\s2\s2_L15-1203E-1203N_4815_3378_13_2017_10.tif,datasets\sen12_mt_urbanmapping\multimodal_cd_dataset\L15-1203E-1203N_4815_3378_13\buildings\buildings_L15-1203E-1203N_4815_3378_13_2017_10.tif
L15-1203E-1203N_4815_3378_13,2017,11,2017_11,True,True,True,False,False,False,True,True,True,datasets\sen12_mt_urbanmapping\multimodal_cd_dataset\L15-1203E-1203N_4815_3378_13\s1\s1_L15-1203E-1203N_4815_3378_13_2017_11.tif,datasets\sen12_mt_urbanmapping\multimodal_cd_dataset\L15-1203E-1203N_4815_3378_13\s2\s2_L15-1203E-1203N_4815_3378_13_2017_11.tif,datasets\sen12_mt_urbanmapping\multimodal_cd_dataset\L15-1203E-1203N_4815_3378_13\buildings\buildings_L15-1203E-1203N_4815_3378_13_2017_11.tif
L15-1203E-1203N_4815_3378_13,2018,1,2018_01,True,True,True,False,False,False,True,True,True,datasets\sen12_mt_urbanmapping\multimodal_cd_dataset\L15-1203E-1203N_4815_3378_13\s1\s1_L15-1203E-1203N_4815_3378_13_2018_01.tif,datasets\sen12_mt_urbanmapping\multimodal_cd_dataset\L15-1203E-1203N_4815_3378_13\s2\s2_L15-1203E-1203N_4815_3378_13_2018_01.tif,datasets\sen12_mt_urbanmapping\multimodal_cd_dataset\L15-1203E-1203N_4815_3378_13\buildings\buildings_L15-1203E-1203N_4815_3378_13_2018_01.tif
L15-1203E-1203N_4815_3378_13,2018,2,2018_02,True,True,True,False,False,False,True,True,True,datasets\sen12_mt_urbanmapping\multimodal_cd_dataset\L15-1203E-1203N_4815_3378_13\s1\s1_L15-1203E-1203N_4815_3378_13_2018_02.tif,datasets\sen12_mt_urbanmapping\multimodal_cd_dataset\L15-1203E-1203N_4815_3378_13\s2\s2_L15-1203E-1203N_4815_3378_13_2018_02.tif,datasets\sen12_mt_urbanmapping\multimodal_cd_dataset\L15-1203E-1203N_4815_3378_13\buildings\buildings_L15-1203E-1203N_4815_3378_13_2018_02.tif
L15-1203E-1203N_4815_3378_13,2018,3,2018_03,True,True,True,False,False,False,True,True,True,datasets\sen12_mt_urbanmapping\multimodal_cd_dataset\L15-1203E-1203N_4815_3378_13\s1\s1_L15-1203E-1203N_4815_3378_13_2018_03.tif,datasets\sen12_mt_urbanmapping\multimodal_cd_dataset\L15-1203E-1203N_4815_3378_13\s2\s2_L15-1203E-1203N_4815_3378_13_2018_03.tif,datasets\sen12_mt_urbanmapping\multimodal_cd_dataset\L15-1203E-1203N_4815_3378_13\buildings\buildings_L15-1203E-1203N_4815_3378_13_2018_03.tif
L15-1203E-1203N_4815_3378_13,2018,4,2018_04,True,True,True,False,False,False,True,True,True,datasets\sen12_mt_urbanmapping\multimodal_cd_dataset\L15-1203E-1203N_4815_3378_13\s1\s1_L15-1203E-1203N_4815_3378_13_2018_04.tif,datasets\sen12_mt_urbanmapping\multimodal_cd_dataset\L15-1203E-1203N_4815_3378_13\s2\s2_L15-1203E-1203N_4815_3378_13_2018_04.tif,datasets\sen12_mt_urbanmapping\multimodal_cd_dataset\L15-1203E-1203N_4815_3378_13\buildings\buildings_L15-1203E-1203N_4815_3378_13_2018_04.tif
L15-1203E-1203N_4815_3378_13,2018,5,2018_05,True,True,True,False,False,False,True,True,True,datasets\sen12_mt_urbanmapping\multimodal_cd_dataset\L15-1203E-1203N_4815_3378_13\s1\s1_L15-1203E-1203N_4815_3378_13_2018_05.tif,datasets\sen12_mt_urbanmapping\multimodal_cd_dataset\L15-1203E-1203N_4815_3378_13\s2\s2_L15-1203E-1203N_4815_3378_13_2018_05.tif,datasets\sen12_mt_urbanmapping\multimodal_cd_dataset\L15-1203E-1203N_4815_3378_13\buildings\buildings_L15-1203E-1203N_4815_3378_13_2018_05.tif
L15-1203E-1203N_4815_3378_13,2018,6,2018_06,True,True,True,False,False,False,True,True,True,datasets\sen12_mt_urbanmapping\multimodal_cd_dataset\L15-1203E-1203N_4815_3378_13\s1\s1_L15-1203E-1203N_4815_3378_13_2018_06.tif,datasets\sen12_mt_urbanmapping\multimodal_cd_dataset\L15-1203E-1203N_4815_3378_13\s2\s2_L15-1203E-1203N_4815_3378_13_2018_06.tif,datasets\sen12_mt_urbanmapping\multimodal_cd_dataset\L15-1203E-1203N_4815_3378_13\buildings\buildings_L15-1203E-1203N_4815_3378_13_2018_06.tif
L15-1203E-1203N_4815_3378_13,2018,7,2018_07,True,True,True,False,False,False,True,True,True,datasets\sen12_mt_urbanmapping\multimodal_cd_dataset\L15-1203E-1203N_4815_3378_13\s1\s1_L15-1203E-1203N_4815_3378_13_2018_07.tif,datasets\sen12_mt_urbanmapping\multimodal_cd_dataset\L15-1203E-1203N_4815_3378_13\s2\s2_L15-1203E-1203N_4815_3378_13_2018_07.tif,datasets\sen12_mt_urbanmapping\multimodal_cd_dataset\L15-1203E-1203N_4815_3378_13\buildings\buildings_L15-1203E-1203N_4815_3378_13_2018_07.tif
L15-1203E-1203N_4815_3378_13,2018,8,2018_08,True,True,True,False,False,False,True,True,True,datasets\sen12_mt_urbanmapping\multimodal_cd_dataset\L15-1203E-1203N_4815_3378_13\s1\s1_L15-1203E-1203N_4815_3378_13_2018_08.tif,datasets\sen12_mt_urbanmapping\multimodal_cd_dataset\L15-1203E-1203N_4815_3378_13\s2\s2_L15-1203E-1203N_4815_3378_13_2018_08.tif,datasets\sen12_mt_urbanmapping\multimodal_cd_dataset\L15-1203E-1203N_4815_3378_13\buildings\buildings_L15-1203E-1203N_4815_3378_13_2018_08.tif
L15-1203E-1203N_4815_3378_13,2018,9,2018_09,True,True,True,False,False,False,True,True,True,datasets\sen12_mt_urbanmapping\multimodal_cd_dataset\L15-1203E-1203N_4815_3378_13\s1\s1_L15-1203E-1203N_4815_3378_13_2018_09.tif,datasets\sen12_mt_urbanmapping\multimodal_cd_dataset\L15-1203E-1203N_4815_3378_13\s2\s2_L15-1203E-1203N_4815_3378_13_2018_09.tif,datasets\sen12_mt_urbanmapping\multimodal_cd_dataset\L15-1203E-1203N_4815_3378_13\buildings\buildings_L15-1203E-1203N_4815_3378_13_2018_09.tif
L15-1203E-1203N_4815_3378_13,2018,10,2018_10,True,True,True,False,False,False,True,True,True,datasets\sen12_mt_urbanmapping\multimodal_cd_dataset\L15-1203E-1203N_4815_3378_13\s1\s1_L15-1203E-1203N_4815_3378_13_2018_10.tif,datasets\sen12_mt_urbanmapping\multimodal_cd_dataset\L15-1203E-1203N_4815_3378_13\s2\s2_L15-1203E-1203N_4815_3378_13_2018_10.tif,datasets\sen12_mt_urbanmapping\multimodal_cd_dataset\L15-1203E-1203N_4815_3378_13\buildings\buildings_L15-1203E-1203N_4815_3378_13_2018_10.tif
L15-1203E-1203N_4815_3378_13,2018,11,2018_11,True,True,True,False,False,False,True,True,True,datasets\sen12_mt_urbanmapping\multimodal_cd_dataset\L15-1203E-1203N_4815_3378_13\s1\s1_L15-1203E-1203N_4815_3378_13_2018_11.tif,datasets\sen12_mt_urbanmapping\multimodal_cd_dataset\L15-1203E-1203N_4815_3378_13\s2\s2_L15-1203E-1203N_4815_3378_13_2018_11.tif,datasets\sen12_mt_urbanmapping\multimodal_cd_dataset\L15-1203E-1203N_4815_3378_13\buildings\buildings_L15-1203E-1203N_4815_3378_13_2018_11.tif
L15-1203E-1203N_4815_3378_13,2018,12,2018_12,True,True,True,False,False,False,True,True,True,datasets\sen12_mt_urbanmapping\multimodal_cd_dataset\L15-1203E-1203N_4815_3378_13\s1\s1_L15-1203E-1203N_4815_3378_13_2018_12.tif,datasets\sen12_mt_urbanmapping\multimodal_cd_dataset\L15-1203E-1203N_4815_3378_13\s2\s2_L15-1203E-1203N_4815_3378_13_2018_12.tif,datasets\sen12_mt_urbanmapping\multimodal_cd_dataset\L15-1203E-1203N_4815_3378_13\buildings\buildings_L15-1203E-1203N_4815_3378_13_2018_12.tif
L15-1203E-1203N_4815_3378_13,2019,1,2019_01,True,True,True,False,False,False,True,True,True,datasets\sen12_mt_urbanmapping\multimodal_cd_dataset\L15-1203E-1203N_4815_3378_13\s1\s1_L15-1203E-1203N_4815_3378_13_2019_01.tif,datasets\sen12_mt_urbanmapping\multimodal_cd_dataset\L15-1203E-1203N_4815_3378_13\s2\s2_L15-1203E-1203N_4815_3378_13_2019_01.tif,datasets\sen12_mt_urbanmapping\multimodal_cd_dataset\L15-1203E-1203N_4815_3378_13\buildings\buildings_L15-1203E-1203N_4815_3378_13_2019_01.tif
L15-1203E-1203N_4815_3378_13,2019,2,2019_02,True,True,True,False,False,False,True,True,True,datasets\sen12_mt_urbanmapping\multimodal_cd_dataset\L15-1203E-1203N_4815_3378_13\s1\s1_L15-1203E-1203N_4815_3378_13_2019_02.tif,datasets\sen12_mt_urbanmapping\multimodal_cd_dataset\L15-1203E-1203N_4815_3378_13\s2\s2_L15-1203E-1203N_4815_3378_13_2019_02.tif,datasets\sen12_mt_urbanmapping\multimodal_cd_dataset\L15-1203E-1203N_4815_3378_13\buildings\buildings_L15-1203E-1203N_4815_3378_13_2019_02.tif
L15-1203E-1203N_4815_3378_13,2019,3,2019_03,True,True,True,False,False,False,True,True,True,datasets\sen12_mt_urbanmapping\multimodal_cd_dataset\L15-1203E-1203N_4815_3378_13\s1\s1_L15-1203E-1203N_4815_3378_13_2019_03.tif,datasets\sen12_mt_urbanmapping\multimodal_cd_dataset\L15-1203E-1203N_4815_3378_13\s2\s2_L15-1203E-1203N_4815_3378_13_2019_03.tif,datasets\sen12_mt_urbanmapping\multimodal_cd_dataset\L15-1203E-1203N_4815_3378_13\buildings\buildings_L15-1203E-1203N_4815_3378_13_2019_03.tif
L15-1203E-1203N_4815_3378_13,2019,4,2019_04,True,True,True,False,False,False,True,True,True,datasets\sen12_mt_urbanmapping\multimodal_cd_dataset\L15-1203E-1203N_4815_3378_13\s1\s1_L15-1203E-1203N_4815_3378_13_2019_04.tif,datasets\sen12_mt_urbanmapping\multimodal_cd_dataset\L15-1203E-1203N_4815_3378_13\s2\s2_L15-1203E-1203N_4815_3378_13_2019_04.tif,datasets\sen12_mt_urbanmapping\multimodal_cd_dataset\L15-1203E-1203N_4815_3378_13\buildings\buildings_L15-1203E-1203N_4815_3378_13_2019_04.tif
L15-1203E-1203N_4815_3378_13,2019,5,2019_05,True,True,True,False,False,False,True,True,True,datasets\sen12_mt_urbanmapping\multimodal_cd_dataset\L15-1203E-1203N_4815_3378_13\s1\s1_L15-1203E-1203N_4815_3378_13_2019_05.tif,datasets\sen12_mt_urbanmapping\multimodal_cd_dataset\L15-1203E-1203N_4815_3378_13\s2\s2_L15-1203E-1203N_4815_3378_13_2019_05.tif,datasets\sen12_mt_urbanmapping\multimodal_cd_dataset\L15-1203E-1203N_4815_3378_13\buildings\buildings_L15-1203E-1203N_4815_3378_13_2019_05.tif
L15-1203E-1203N_4815_3378_13,2019,6,2019_06,True,True,True,False,False,False,True,True,True,datasets\sen12_mt_urbanmapping\multimodal_cd_dataset\L15-1203E-1203N_4815_3378_13\s1\s1_L15-1203E-1203N_4815_3378_13_2019_06.tif,datasets\sen12_mt_urbanmapping\multimodal_cd_dataset\L15-1203E-1203N_4815_3378_13\s2\s2_L15-1203E-1203N_4815_3378_13_2019_06.tif,datasets\sen12_mt_urbanmapping\multimodal_cd_dataset\L15-1203E-1203N_4815_3378_13\buildings\buildings_L15-1203E-1203N_4815_3378_13_2019_06.tif
L15-1203E-1203N_4815_3378_13,2019,7,2019_07,True,True,True,False,False,False,True,True,True,datasets\sen12_mt_urbanmapping\multimodal_cd_dataset\L15-1203E-1203N_4815_3378_13\s1\s1_L15-1203E-1203N_4815_3378_13_2019_07.tif,datasets\sen12_mt_urbanmapping\multimodal_cd_dataset\L15-1203E-1203N_4815_3378_13\s2\s2_L15-1203E-1203N_4815_3378_13_2019_07.tif,datasets\sen12_mt_urbanmapping\multimodal_cd_dataset\L15-1203E-1203N_4815_3378_13\buildings\buildings_L15-1203E-1203N_4815_3378_13_2019_07.tif
L15-1203E-1203N_4815_3378_13,2019,8,2019_08,True,True,True,False,False,False,True,True,True,datasets\sen12_mt_urbanmapping\multimodal_cd_dataset\L15-1203E-1203N_4815_3378_13\s1\s1_L15-1203E-1203N_4815_3378_13_2019_08.tif,datasets\sen12_mt_urbanmapping\multimodal_cd_dataset\L15-1203E-1203N_4815_3378_13\s2\s2_L15-1203E-1203N_4815_3378_13_2019_08.tif,datasets\sen12_mt_urbanmapping\multimodal_cd_dataset\L15-1203E-1203N_4815_3378_13\buildings\buildings_L15-1203E-1203N_4815_3378_13_2019_08.tif
L15-1203E-1203N_4815_3378_13,2019,9,2019_09,True,True,True,False,False,False,True,True,True,datasets\sen12_mt_urbanmapping\multimodal_cd_dataset\L15-1203E-1203N_4815_3378_13\s1\s1_L15-1203E-1203N_4815_3378_13_2019_09.tif,datasets\sen12_mt_urbanmapping\multimodal_cd_dataset\L15-1203E-1203N_4815_3378_13\s2\s2_L15-1203E-1203N_4815_3378_13_2019_09.tif,datasets\sen12_mt_urbanmapping\multimodal_cd_dataset\L15-1203E-1203N_4815_3378_13\buildings\buildings_L15-1203E-1203N_4815_3378_13_2019_09.tif
L15-1204E-1202N_4816_3380_13,2017,7,2017_07,True,True,True,False,False,False,True,True,True,datasets\sen12_mt_urbanmapping\multimodal_cd_dataset\L15-1204E-1202N_4816_3380_13\s1\s1_L15-1204E-1202N_4816_3380_13_2017_07.tif,datasets\sen12_mt_urbanmapping\multimodal_cd_dataset\L15-1204E-1202N_4816_3380_13\s2\s2_L15-1204E-1202N_4816_3380_13_2017_07.tif,datasets\sen12_mt_urbanmapping\multimodal_cd_dataset\L15-1204E-1202N_4816_3380_13\buildings\buildings_L15-1204E-1202N_4816_3380_13_2017_07.tif
L15-1204E-1202N_4816_3380_13,2017,8,2017_08,True,True,True,False,False,False,True,True,True,datasets\sen12_mt_urbanmapping\multimodal_cd_dataset\L15-1204E-1202N_4816_3380_13\s1\s1_L15-1204E-1202N_4816_3380_13_2017_08.tif,datasets\sen12_mt_urbanmapping\multimodal_cd_dataset\L15-1204E-1202N_4816_3380_13\s2\s2_L15-1204E-1202N_4816_3380_13_2017_08.tif,datasets\sen12_mt_urbanmapping\multimodal_cd_dataset\L15-1204E-1202N_4816_3380_13\buildings\buildings_L15-1204E-1202N_4816_3380_13_2017_08.tif
L15-1204E-1202N_4816_3380_13,2017,9,2017_09,True,True,True,False,False,False,True,True,True,datasets\sen12_mt_urbanmapping\multimodal_cd_dataset\L15-1204E-1202N_4816_3380_13\s1\s1_L15-1204E-1202N_4816_3380_13_2017_09.tif,datasets\sen12_mt_urbanmapping\multimodal_cd_dataset\L15-1204E-1202N_4816_3380_13\s2\s2_L15-1204E-1202N_4816_3380_13_2017_09.tif,datasets\sen12_mt_urbanmapping\multimodal_cd_dataset\L15-1204E-1202N_4816_3380_13\buildings\buildings_L15-1204E-1202N_4816_3380_13_2017_09.tif
L15-1204E-1202N_4816_3380_13,2017,10,2017_10,True,True,True,False,False,False,True,True,True,datasets\sen12_mt_urbanmapping\multimodal_cd_dataset\L15-1204E-1202N_4816_3380_13\s1\s1_L15-1204E-1202N_4816_3380_13_2017_10.tif,datasets\sen12_mt_urbanmapping\multimodal_cd_dataset\L15-1204E-1202N_4816_3380_13\s2\s2_L15-1204E-1202N_4816_3380_13_2017_10.tif,datasets\sen12_mt_urbanmapping\multimodal_cd_dataset\L15-1204E-1202N_4816_3380_13\buildings\buildings_L15-1204E-1202N_4816_3380_13_2017_10.tif
L15-1204E-1202N_4816_3380_13,2017,11,2017_11,True,True,True,False,False,False,True,True,True,datasets\sen12_mt_urbanmapping\multimodal_cd_dataset\L15-1204E-1202N_4816_3380_13\s1\s1_L15-1204E-1202N_4816_3380_13_2017_11.tif,datasets\sen12_mt_urbanmapping\multimodal_cd_dataset\L15-1204E-1202N_4816_3380_13\s2\s2_L15-1204E-1202N_4816_3380_13_2017_11.tif,datasets\sen12_mt_urbanmapping\multimodal_cd_dataset\L15-1204E-1202N_4816_3380_13\buildings\buildings_L15-1204E-1202N_4816_3380_13_2017_11.tif
L15-1204E-1202N_4816_3380_13,2018,1,2018_01,True,True,True,False,False,False,True,True,True,datasets\sen12_mt_urbanmapping\multimodal_cd_dataset\L15-1204E-1202N_4816_3380_13\s1\s1_L15-1204E-1202N_4816_3380_13_2018_01.tif,datasets\sen12_mt_urbanmapping\multimodal_cd_dataset\L15-1204E-1202N_4816_3380_13\s2\s2_L15-1204E-1202N_4816_3380_13_2018_01.tif,datasets\sen12_mt_urbanmapping\multimodal_cd_dataset\L15-1204E-1202N_4816_3380_13\buildings\buildings_L15-1204E-1202N_4816_3380_13_2018_01.tif
L15-1204E-1202N_4816_3380_13,2018,2,2018_02,True,True,True,False,False,False,True,True,True,datasets\sen12_mt_urbanmapping\multimodal_cd_dataset\L15-1204E-1202N_4816_3380_13\s1\s1_L15-1204E-1202N_4816_3380_13_2018_02.tif,datasets\sen12_mt_urbanmapping\multimodal_cd_dataset\L15-1204E-1202N_4816_3380_13\s2\s2_L15-1204E-1202N_4816_3380_13_2018_02.tif,datasets\sen12_mt_urbanmapping\multimodal_cd_dataset\L15-1204E-1202N_4816_3380_13\buildings\buildings_L15-1204E-1202N_4816_3380_13_2018_02.tif
L15-1204E-1202N_4816_3380_13,2018,3,2018_03,True,True,True,False,False,False,True,True,True,datasets\sen12_mt_urbanmapping\multimodal_cd_dataset\L15-1204E-1202N_4816_3380_13\s1\s1_L15-1204E-1202N_4816_3380_13_2018_03.tif,datasets\sen12_mt_urbanmapping\multimodal_cd_dataset\L15-1204E-1202N_4816_3380_13\s2\s2_L15-1204E-1202N_4816_3380_13_2018_03.tif,datasets\sen12_mt_urbanmapping\multimodal_cd_dataset\L15-1204E-1202N_4816_3380_13\buildings\buildings_L15-1204E-1202N_4816_3380_13_2018_03.tif
L15-1204E-1202N_4816_3380_13,2018,4,2018_04,True,True,True,False,False,False,True,True,True,datasets\sen12_mt_urbanmapping\multimodal_cd_dataset\L15-1204E-1202N_4816_3380_13\s1\s1_L15-1204E-1202N_4816_3380_13_2018_04.tif,datasets\sen12_mt_urbanmapping\multimodal_cd_dataset\L15-1204E-1202N_4816_3380_13\s2\s2_L15-1204E-1202N_4816_3380_13_2018_04.tif,datasets\sen12_mt_urbanmapping\multimodal_cd_dataset\L15-1204E-1202N_4816_3380_13\buildings\buildings_L15-1204E-1202N_4816_3380_13_2018_04.tif
L15-1204E-1202N_4816_3380_13,2018,5,2018_05,True,True,True,False,False,False,True,True,True,datasets\sen12_mt_urbanmapping\multimodal_cd_dataset\L15-1204E-1202N_4816_3380_13\s1\s1_L15-1204E-1202N_4816_3380_13_2018_05.tif,datasets\sen12_mt_urbanmapping\multimodal_cd_dataset\L15-1204E-1202N_4816_3380_13\s2\s2_L15-1204E-1202N_4816_3380_13_2018_05.tif,datasets\sen12_mt_urbanmapping\multimodal_cd_dataset\L15-1204E-1202N_4816_3380_13\buildings\buildings_L15-1204E-1202N_4816_3380_13_2018_05.tif
L15-1204E-1202N_4816_3380_13,2018,6,2018_06,True,True,True,False,False,False,True,True,True,datasets\sen12_mt_urbanmapping\multimodal_cd_dataset\L15-1204E-1202N_4816_3380_13\s1\s1_L15-1204E-1202N_4816_3380_13_2018_06.tif,datasets\sen12_mt_urbanmapping\multimodal_cd_dataset\L15-1204E-1202N_4816_3380_13\s2\s2_L15-1204E-1202N_4816_3380_13_2018_06.tif,datasets\sen12_mt_urbanmapping\multimodal_cd_dataset\L15-1204E-1202N_4816_3380_13\buildings\buildings_L15-1204E-1202N_4816_3380_13_2018_06.tif
L15-1204E-1202N_4816_3380_13,2018,7,2018_07,True,True,True,False,False,False,True,True,True,datasets\sen12_mt_urbanmapping\multimodal_cd_dataset\L15-1204E-1202N_4816_3380_13\s1\s1_L15-1204E-1202N_4816_3380_13_2018_07.tif,datasets\sen12_mt_urbanmapping\multimodal_cd_dataset\L15-1204E-1202N_4816_3380_13\s2\s2_L15-1204E-1202N_4816_3380_13_2018_07.tif,datasets\sen12_mt_urbanmapping\multimodal_cd_dataset\L15-1204E-1202N_4816_3380_13\buildings\buildings_L15-1204E-1202N_4816_3380_13_2018_07.tif
L15-1204E-1202N_4816_3380_13,2018,8,2018_08,True,True,True,False,False,False,True,True,True,datasets\sen12_mt_urbanmapping\multimodal_cd_dataset\L15-1204E-1202N_4816_3380_13\s1\s1_L15-1204E-1202N_4816_3380_13_2018_08.tif,datasets\sen12_mt_urbanmapping\multimodal_cd_dataset\L15-1204E-1202N_4816_3380_13\s2\s2_L15-1204E-1202N_4816_3380_13_2018_08.tif,datasets\sen12_mt_urbanmapping\multimodal_cd_dataset\L15-1204E-1202N_4816_3380_13\buildings\buildings_L15-1204E-1202N_4816_3380_13_2018_08.tif
L15-1204E-1202N_4816_3380_13,2018,9,2018_09,True,True,True,False,False,False,True,True,True,datasets\sen12_mt_urbanmapping\multimodal_cd_dataset\L15-1204E-1202N_4816_3380_13\s1\s1_L15-1204E-1202N_4816_3380_13_2018_09.tif,datasets\sen12_mt_urbanmapping\multimodal_cd_dataset\L15-1204E-1202N_4816_3380_13\s2\s2_L15-1204E-1202N_4816_3380_13_2018_09.tif,datasets\sen12_mt_urbanmapping\multimodal_cd_dataset\L15-1204E-1202N_4816_3380_13\buildings\buildings_L15-1204E-1202N_4816_3380_13_2018_09.tif
L15-1204E-1202N_4816_3380_13,2018,10,2018_10,True,True,True,False,False,False,True,True,True,datasets\sen12_mt_urbanmapping\multimodal_cd_dataset\L15-1204E-1202N_4816_3380_13\s1\s1_L15-1204E-1202N_4816_3380_13_2018_10.tif,datasets\sen12_mt_urbanmapping\multimodal_cd_dataset\L15-1204E-1202N_4816_3380_13\s2\s2_L15-1204E-1202N_4816_3380_13_2018_10.tif,datasets\sen12_mt_urbanmapping\multimodal_cd_dataset\L15-1204E-1202N_4816_3380_13\buildings\buildings_L15-1204E-1202N_4816_3380_13_2018_10.tif
L15-1204E-1202N_4816_3380_13,2018,11,2018_11,True,True,True,False,False,False,True,True,True,datasets\sen12_mt_urbanmapping\multimodal_cd_dataset\L15-1204E-1202N_4816_3380_13\s1\s1_L15-1204E-1202N_4816_3380_13_2018_11.tif,datasets\sen12_mt_urbanmapping\multimodal_cd_dataset\L15-1204E-1202N_4816_3380_13\s2\s2_L15-1204E-1202N_4816_3380_13_2018_11.tif,datasets\sen12_mt_urbanmapping\multimodal_cd_dataset\L15-1204E-1202N_4816_3380_13\buildings\buildings_L15-1204E-1202N_4816_3380_13_2018_11.tif
L15-1204E-1202N_4816_3380_13,2018,12,2018_12,True,True,True,False,False,False,True,True,True,datasets\sen12_mt_urbanmapping\multimodal_cd_dataset\L15-1204E-1202N_4816_3380_13\s1\s1_L15-1204E-1202N_4816_3380_13_2018_12.tif,datasets\sen12_mt_urbanmapping\multimodal_cd_dataset\L15-1204E-1202N_4816_3380_13\s2\s2_L15-1204E-1202N_4816_3380_13_2018_12.tif,datasets\sen12_mt_urbanmapping\multimodal_cd_dataset\L15-1204E-1202N_4816_3380_13\buildings\buildings_L15-1204E-1202N_4816_3380_13_2018_12.tif
L15-1204E-1202N_4816_3380_13,2019,1,2019_01,True,True,True,False,False,False,True,True,True,datasets\sen12_mt_urbanmapping\multimodal_cd_dataset\L15-1204E-1202N_4816_3380_13\s1\s1_L15-1204E-1202N_4816_3380_13_2019_01.tif,datasets\sen12_mt_urbanmapping\multimodal_cd_dataset\L15-1204E-1202N_4816_3380_13\s2\s2_L15-1204E-1202N_4816_3380_13_2019_01.tif,datasets\sen12_mt_urbanmapping\multimodal_cd_dataset\L15-1204E-1202N_4816_3380_13\buildings\buildings_L15-1204E-1202N_4816_3380_13_2019_01.tif
L15-1204E-1202N_4816_3380_13,2019,2,2019_02,True,True,True,False,False,False,True,True,True,datasets\sen12_mt_urbanmapping\multimodal_cd_dataset\L15-1204E-1202N_4816_3380_13\s1\s1_L15-1204E-1202N_4816_3380_13_2019_02.tif,datasets\sen12_mt_urbanmapping\multimodal_cd_dataset\L15-1204E-1202N_4816_3380_13\s2\s2_L15-1204E-1202N_4816_3380_13_2019_02.tif,datasets\sen12_mt_urbanmapping\multimodal_cd_dataset\L15-1204E-1202N_4816_3380_13\buildings\buildings_L15-1204E-1202N_4816_3380_13_2019_02.tif
L15-1204E-1202N_4816_3380_13,2019,3,2019_03,True,True,True,False,False,False,True,True,True,datasets\sen12_mt_urbanmapping\multimodal_cd_dataset\L15-1204E-1202N_4816_3380_13\s1\s1_L15-1204E-1202N_4816_3380_13_2019_03.tif,datasets\sen12_mt_urbanmapping\multimodal_cd_dataset\L15-1204E-1202N_4816_3380_13\s2\s2_L15-1204E-1202N_4816_3380_13_2019_03.tif,datasets\sen12_mt_urbanmapping\multimodal_cd_dataset\L15-1204E-1202N_4816_3380_13\buildings\buildings_L15-1204E-1202N_4816_3380_13_2019_03.tif
L15-1204E-1202N_4816_3380_13,2019,4,2019_04,True,True,True,False,False,False,True,True,True,datasets\sen12_mt_urbanmapping\multimodal_cd_dataset\L15-1204E-1202N_4816_3380_13\s1\s1_L15-1204E-1202N_4816_3380_13_2019_04.tif,datasets\sen12_mt_urbanmapping\multimodal_cd_dataset\L15-1204E-1202N_4816_3380_13\s2\s2_L15-1204E-1202N_4816_3380_13_2019_04.tif,datasets\sen12_mt_urbanmapping\multimodal_cd_dataset\L15-1204E-1202N_4816_3380_13\buildings\buildings_L15-1204E-1202N_4816_3380_13_2019_04.tif
L15-1204E-1202N_4816_3380_13,2019,5,2019_05,True,True,True,False,False,False,True,True,True,datasets\sen12_mt_urbanmapping\multimodal_cd_dataset\L15-1204E-1202N_4816_3380_13\s1\s1_L15-1204E-1202N_4816_3380_13_2019_05.tif,datasets\sen12_mt_urbanmapping\multimodal_cd_dataset\L15-1204E-1202N_4816_3380_13\s2\s2_L15-1204E-1202N_4816_3380_13_2019_05.tif,datasets\sen12_mt_urbanmapping\multimodal_cd_dataset\L15-1204E-1202N_4816_3380_13\buildings\buildings_L15-1204E-1202N_4816_3380_13_2019_05.tif
L15-1204E-1202N_4816_3380_13,2019,6,2019_06,True,True,True,False,False,False,True,True,True,datasets\sen12_mt_urbanmapping\multimodal_cd_dataset\L15-1204E-1202N_4816_3380_13\s1\s1_L15-1204E-1202N_4816_3380_13_2019_06.tif,datasets\sen12_mt_urbanmapping\multimodal_cd_dataset\L15-1204E-1202N_4816_3380_13\s2\s2_L15-1204E-1202N_4816_3380_13_2019_06.tif,datasets\sen12_mt_urbanmapping\multimodal_cd_dataset\L15-1204E-1202N_4816_3380_13\buildings\buildings_L15-1204E-1202N_4816_3380_13_2019_06.tif
L15-1204E-1202N_4816_3380_13,2019,7,2019_07,True,True,True,False,False,False,True,True,True,datasets\sen12_mt_urbanmapping\multimodal_cd_dataset\L15-1204E-1202N_4816_3380_13\s1\s1_L15-1204E-1202N_4816_3380_13_2019_07.tif,datasets\sen12_mt_urbanmapping\multimodal_cd_dataset\L15-1204E-1202N_4816_3380_13\s2\s2_L15-1204E-1202N_4816_3380_13_2019_07.tif,datasets\sen12_mt_urbanmapping\multimodal_cd_dataset\L15-1204E-1202N_4816_3380_13\buildings\buildings_L15-1204E-1202N_4816_3380_13_2019_07.tif
L15-1204E-1202N_4816_3380_13,2019,8,2019_08,True,True,True,False,False,False,True,True,True,datasets\sen12_mt_urbanmapping\multimodal_cd_dataset\L15-1204E-1202N_4816_3380_13\s1\s1_L15-1204E-1202N_4816_3380_13_2019_08.tif,datasets\sen12_mt_urbanmapping\multimodal_cd_dataset\L15-1204E-1202N_4816_3380_13\s2\s2_L15-1204E-1202N_4816_3380_13_2019_08.tif,datasets\sen12_mt_urbanmapping\multimodal_cd_dataset\L15-1204E-1202N_4816_3380_13\buildings\buildings_L15-1204E-1202N_4816_3380_13_2019_08.tif
L15-1204E-1202N_4816_3380_13,2019,9,2019_09,True,True,True,False,False,False,True,True,True,datasets\sen12_mt_urbanmapping\multimodal_cd_dataset\L15-1204E-1202N_4816_3380_13\s1\s1_L15-1204E-1202N_4816_3380_13_2019_09.tif,datasets\sen12_mt_urbanmapping\multimodal_cd_dataset\L15-1204E-1202N_4816_3380_13\s2\s2_L15-1204E-1202N_4816_3380_13_2019_09.tif,datasets\sen12_mt_urbanmapping\multimodal_cd_dataset\L15-1204E-1202N_4816_3380_13\buildings\buildings_L15-1204E-1202N_4816_3380_13_2019_09.tif
L15-1204E-1204N_4819_3372_13,2018,1,2018_01,True,True,True,False,False,False,True,True,True,datasets\sen12_mt_urbanmapping\multimodal_cd_dataset\L15-1204E-1204N_4819_3372_13\s1\s1_L15-1204E-1204N_4819_3372_13_2018_01.tif,datasets\sen12_mt_urbanmapping\multimodal_cd_dataset\L15-1204E-1204N_4819_3372_13\s2\s2_L15-1204E-1204N_4819_3372_13_2018_01.tif,datasets\sen12_mt_urbanmapping\multimodal_cd_dataset\L15-1204E-1204N_4819_3372_13\buildings\buildings_L15-1204E-1204N_4819_3372_13_2018_01.tif
L15-1204E-1204N_4819_3372_13,2018,2,2018_02,True,True,True,False,False,False,True,True,True,datasets\sen12_mt_urbanmapping\multimodal_cd_dataset\L15-1204E-1204N_4819_3372_13\s1\s1_L15-1204E-1204N_4819_3372_13_2018_02.tif,datasets\sen12_mt_urbanmapping\multimodal_cd_dataset\L15-1204E-1204N_4819_3372_13\s2\s2_L15-1204E-1204N_4819_3372_13_2018_02.tif,datasets\sen12_mt_urbanmapping\multimodal_cd_dataset\L15-1204E-1204N_4819_3372_13\buildings\buildings_L15-1204E-1204N_4819_3372_13_2018_02.tif
L15-1204E-1204N_4819_3372_13,2018,3,2018_03,True,True,True,False,False,False,True,True,True,datasets\sen12_mt_urbanmapping\multimodal_cd_dataset\L15-1204E-1204N_4819_3372_13\s1\s1_L15-1204E-1204N_4819_3372_13_2018_03.tif,datasets\sen12_mt_urbanmapping\multimodal_cd_dataset\L15-1204E-1204N_4819_3372_13\s2\s2_L15-1204E-1204N_4819_3372_13_2018_03.tif,datasets\sen12_mt_urbanmapping\multimodal_cd_dataset\L15-1204E-1204N_4819_3372_13\buildings\buildings_L15-1204E-1204N_4819_3372_13_2018_03.tif
L15-1204E-1204N_4819_3372_13,2018,4,2018_04,True,True,True,False,False,False,True,True,True,datasets\sen12_mt_urbanmapping\multimodal_cd_dataset\L15-1204E-1204N_4819_3372_13\s1\s1_L15-1204E-1204N_4819_3372_13_2018_04.tif,datasets\sen12_mt_urbanmapping\multimodal_cd_dataset\L15-1204E-1204N_4819_3372_13\s2\s2_L15-1204E-1204N_4819_3372_13_2018_04.tif,datasets\sen12_mt_urbanmapping\multimodal_cd_dataset\L15-1204E-1204N_4819_3372_13\buildings\buildings_L15-1204E-1204N_4819_3372_13_2018_04.tif
L15-1204E-1204N_4819_3372_13,2018,5,2018_05,True,True,True,False,False,False,True,True,True,datasets\sen12_mt_urbanmapping\multimodal_cd_dataset\L15-1204E-1204N_4819_3372_13\s1\s1_L15-1204E-1204N_4819_3372_13_2018_05.tif,datasets\sen12_mt_urbanmapping\multimodal_cd_dataset\L15-1204E-1204N_4819_3372_13\s2\s2_L15-1204E-1204N_4819_3372_13_2018_05.tif,datasets\sen12_mt_urbanmapping\multimodal_cd_dataset\L15-1204E-1204N_4819_3372_13\buildings\buildings_L15-1204E-1204N_4819_3372_13_2018_05.tif
L15-1204E-1204N_4819_3372_13,2018,6,2018_06,True,True,True,False,False,False,True,True,True,datasets\sen12_mt_urbanmapping\multimodal_cd_dataset\L15-1204E-1204N_4819_3372_13\s1\s1_L15-1204E-1204N_4819_3372_13_2018_06.tif,datasets\sen12_mt_urbanmapping\multimodal_cd_dataset\L15-1204E-1204N_4819_3372_13\s2\s2_L15-1204E-1204N_4819_3372_13_2018_06.tif,datasets\sen12_mt_urbanmapping\multimodal_cd_dataset\L15-1204E-1204N_4819_3372_13\buildings\buildings_L15-1204E-1204N_4819_3372_13_2018_06.tif
L15-1204E-1204N_4819_3372_13,2018,7,2018_07,True,True,True,False,False,False,True,True,True,datasets\sen12_mt_urbanmapping\multimodal_cd_dataset\L15-1204E-1204N_4819_3372_13\s1\s1_L15-1204E-1204N_4819_3372_13_2018_07.tif,datasets\sen12_mt_urbanmapping\multimodal_cd_dataset\L15-1204E-1204N_4819_3372_13\s2\s2_L15-1204E-1204N_4819_3372_13_2018_07.tif,datasets\sen12_mt_urbanmapping\multimodal_cd_dataset\L15-1204E-1204N_4819_3372_13\buildings\buildings_L15-1204E-1204N_4819_3372_13_2018_07.tif
L15-1204E-1204N_4819_3372_13,2018,8,2018_08,True,True,True,False,False,False,True,True,True,datasets\sen12_mt_urbanmapping\multimodal_cd_dataset\L15-1204E-1204N_4819_3372_13\s1\s1_L15-1204E-1204N_4819_3372_13_2018_08.tif,datasets\sen12_mt_urbanmapping\multimodal_cd_dataset\L15-1204E-1204N_4819_3372_13\s2\s2_L15-1204E-1204N_4819_3372_13_2018_08.tif,datasets\sen12_mt_urbanmapping\multimodal_cd_dataset\L15-1204E-1204N_4819_3372_13\buildings\buildings_L15-1204E-1204N_4819_3372_13_2018_08.tif
L15-1204E-1204N_4819_3372_13,2018,9,2018_09,True,True,True,False,False,False,True,True,True,datasets\sen12_mt_urbanmapping\multimodal_cd_dataset\L15-1204E-1204N_4819_3372_13\s1\s1_L15-1204E-1204N_4819_3372_13_2018_09.tif,datasets\sen12_mt_urbanmapping\multimodal_cd_dataset\L15-1204E-1204N_4819_3372_13\s2\s2_L15-1204E-1204N_4819_3372_13_2018_09.tif,datasets\sen12_mt_urbanmapping\multimodal_cd_dataset\L15-1204E-1204N_4819_3372_13\buildings\buildings_L15-1204E-1204N_4819_3372_13_2018_09.tif
L15-1204E-1204N_4819_3372_13,2018,10,2018_10,True,True,True,False,False,False,True,True,True,datasets\sen12_mt_urbanmapping\multimodal_cd_dataset\L15-1204E-1204N_4819_3372_13\s1\s1_L15-1204E-1204N_4819_3372_13_2018_10.tif,datasets\sen12_mt_urbanmapping\multimodal_cd_dataset\L15-1204E-1204N_4819_3372_13\s2\s2_L15-1204E-1204N_4819_3372_13_2018_10.tif,datasets\sen12_mt_urbanmapping\multimodal_cd_dataset\L15-1204E-1204N_4819_3372_13\buildings\buildings_L15-1204E-1204N_4819_3372_13_2018_10.tif
L15-1204E-1204N_4819_3372_13,2018,11,2018_11,True,True,True,False,False,False,True,True,True,datasets\sen12_mt_urbanmapping\multimodal_cd_dataset\L15-1204E-1204N_4819_3372_13\s1\s1_L15-1204E-1204N_4819_3372_13_2018_11.tif,datasets\sen12_mt_urbanmapping\multimodal_cd_dataset\L15-1204E-1204N_4819_3372_13\s2\s2_L15-1204E-1204N_4819_3372_13_2018_11.tif,datasets\sen12_mt_urbanmapping\multimodal_cd_dataset\L15-1204E-1204N_4819_3372_13\buildings\buildings_L15-1204E-1204N_4819_3372_13_2018_11.tif
L15-1204E-1204N_4819_3372_13,2018,12,2018_12,True,True,True,False,False,False,True,True,True,datasets\sen12_mt_urbanmapping\multimodal_cd_dataset\L15-1204E-1204N_4819_3372_13\s1\s1_L15-1204E-1204N_4819_3372_13_2018_12.tif,datasets\sen12_mt_urbanmapping\multimodal_cd_dataset\L15-1204E-1204N_4819_3372_13\s2\s2_L15-1204E-1204N_4819_3372_13_2018_12.tif,datasets\sen12_mt_urbanmapping\multimodal_cd_dataset\L15-1204E-1204N_4819_3372_13\buildings\buildings_L15-1204E-1204N_4819_3372_13_2018_12.tif
L15-1204E-1204N_4819_3372_13,2019,1,2019_01,True,True,True,False,False,False,True,True,True,datasets\sen12_mt_urbanmapping\multimodal_cd_dataset\L15-1204E-1204N_4819_3372_13\s1\s1_L15-1204E-1204N_4819_3372_13_2019_01.tif,datasets\sen12_mt_urbanmapping\multimodal_cd_dataset\L15-1204E-1204N_4819_3372_13\s2\s2_L15-1204E-1204N_4819_3372_13_2019_01.tif,datasets\sen12_mt_urbanmapping\multimodal_cd_dataset\L15-1204E-1204N_4819_3372_13\buildings\buildings_L15-1204E-1204N_4819_3372_13_2019_01.tif
L15-1204E-1204N_4819_3372_13,2019,2,2019_02,True,True,True,False,False,False,True,True,True,datasets\sen12_mt_urbanmapping\multimodal_cd_dataset\L15-1204E-1204N_4819_3372_13\s1\s1_L15-1204E-1204N_4819_3372_13_2019_02.tif,datasets\sen12_mt_urbanmapping\multimodal_cd_dataset\L15-1204E-1204N_4819_3372_13\s2\s2_L15-1204E-1204N_4819_3372_13_2019_02.tif,datasets\sen12_mt_urbanmapping\multimodal_cd_dataset\L15-1204E-1204N_4819_3372_13\buildings\buildings_L15-1204E-1204N_4819_3372_13_2019_02.tif
L15-1204E-1204N_4819_3372_13,2019,3,2019_03,True,True,True,False,False,False,True,True,True,datasets\sen12_mt_urbanmapping\multimodal_cd_dataset\L15-1204E-1204N_4819_3372_13\s1\s1_L15-1204E-1204N_4819_3372_13_2019_03.tif,datasets\sen12_mt_urbanmapping\multimodal_cd_dataset\L15-1204E-1204N_4819_3372_13\s2\s2_L15-1204E-1204N_4819_3372_13_2019_03.tif,datasets\sen12_mt_urbanmapping\multimodal_cd_dataset\L15-1204E-1204N_4819_3372_13\buildings\buildings_L15-1204E-1204N_4819_3372_13_2019_03.tif
L15-1204E-1204N_4819_3372_13,2019,4,2019_04,True,True,True,False,False,False,True,True,True,datasets\sen12_mt_urbanmapping\multimodal_cd_dataset\L15-1204E-1204N_4819_3372_13\s1\s1_L15-1204E-1204N_4819_3372_13_2019_04.tif,datasets\sen12_mt_urbanmapping\multimodal_cd_dataset\L15-1204E-1204N_4819_3372_13\s2\s2_L15-1204E-1204N_4819_3372_13_2019_04.tif,datasets\sen12_mt_urbanmapping\multimodal_cd_dataset\L15-1204E-1204N_4819_3372_13\buildings\buildings_L15-1204E-1204N_4819_3372_13_2019_04.tif
L15-1204E-1204N_4819_3372_13,2019,5,2019_05,True,True,True,False,False,False,True,True,True,datasets\sen12_mt_urbanmapping\multimodal_cd_dataset\L15-1204E-1204N_4819_3372_13\s1\s1_L15-1204E-1204N_4819_3372_13_2019_05.tif,datasets\sen12_mt_urbanmapping\multimodal_cd_dataset\L15-1204E-1204N_4819_3372_13\s2\s2_L15-1204E-1204N_4819_3372_13_2019_05.tif,datasets\sen12_mt_urbanmapping\multimodal_cd_dataset\L15-1204E-1204N_4819_3372_13\buildings\buildings_L15-1204E-1204N_4819_3372_13_2019_05.tif
L15-1204E-1204N_4819_3372_13,2019,6,2019_06,True,True,True,False,False,False,True,True,True,datasets\sen12_mt_urbanmapping\multimodal_cd_dataset\L15-1204E-1204N_4819_3372_13\s1\s1_L15-1204E-1204N_4819_3372_13_2019_06.tif,datasets\sen12_mt_urbanmapping\multimodal_cd_dataset\L15-1204E-1204N_4819_3372_13\s2\s2_L15-1204E-1204N_4819_3372_13_2019_06.tif,datasets\sen12_mt_urbanmapping\multimodal_cd_dataset\L15-1204E-1204N_4819_3372_13\buildings\buildings_L15-1204E-1204N_4819_3372_13_2019_06.tif
L15-1204E-1204N_4819_3372_13,2019,7,2019_07,True,True,True,False,False,False,True,True,True,datasets\sen12_mt_urbanmapping\multimodal_cd_dataset\L15-1204E-1204N_4819_3372_13\s1\s1_L15-1204E-1204N_4819_3372_13_2019_07.tif,datasets\sen12_mt_urbanmapping\multimodal_cd_dataset\L15-1204E-1204N_4819_3372_13\s2\s2_L15-1204E-1204N_4819_3372_13_2019_07.tif,datasets\sen12_mt_urbanmapping\multimodal_cd_dataset\L15-1204E-1204N_4819_3372_13\buildings\buildings_L15-1204E-1204N_4819_3372_13_2019_07.tif
L15-1204E-1204N_4819_3372_13,2019,8,2019_08,True,True,True,False,False,False,True,True,True,datasets\sen12_mt_urbanmapping\multimodal_cd_dataset\L15-1204E-1204N_4819_3372_13\s1\s1_L15-1204E-1204N_4819_3372_13_2019_08.tif,datasets\sen12_mt_urbanmapping\multimodal_cd_dataset\L15-1204E-1204N_4819_3372_13\s2\s2_L15-1204E-1204N_4819_3372_13_2019_08.tif,datasets\sen12_mt_urbanmapping\multimodal_cd_dataset\L15-1204E-1204N_4819_3372_13\buildings\buildings_L15-1204E-1204N_4819_3372_13_2019_08.tif
L15-1204E-1204N_4819_3372_13,2019,9,2019_09,True,True,True,False,False,False,True,True,True,datasets\sen12_mt_urbanmapping\multimodal_cd_dataset\L15-1204E-1204N_4819_3372_13\s1\s1_L15-1204E-1204N_4819_3372_13_2019_09.tif,datasets\sen12_mt_urbanmapping\multimodal_cd_dataset\L15-1204E-1204N_4819_3372_13\s2\s2_L15-1204E-1204N_4819_3372_13_2019_09.tif,datasets\sen12_mt_urbanmapping\multimodal_cd_dataset\L15-1204E-1204N_4819_3372_13\buildings\buildings_L15-1204E-1204N_4819_3372_13_2019_09.tif
L15-1204E-1204N_4819_3372_13,2019,10,2019_10,True,True,True,False,False,False,True,True,True,datasets\sen12_mt_urbanmapping\multimodal_cd_dataset\L15-1204E-1204N_4819_3372_13\s1\s1_L15-1204E-1204N_4819_3372_13_2019_10.tif,datasets\sen12_mt_urbanmapping\multimodal_cd_dataset\L15-1204E-1204N_4819_3372_13\s2\s2_L15-1204E-1204N_4819_3372_13_2019_10.tif,datasets\sen12_mt_urbanmapping\multimodal_cd_dataset\L15-1204E-1204N_4819_3372_13\buildings\buildings_L15-1204E-1204N_4819_3372_13_2019_10.tif
L15-1204E-1204N_4819_3372_13,2019,11,2019_11,True,True,True,False,False,False,True,True,True,datasets\sen12_mt_urbanmapping\multimodal_cd_dataset\L15-1204E-1204N_4819_3372_13\s1\s1_L15-1204E-1204N_4819_3372_13_2019_11.tif,datasets\sen12_mt_urbanmapping\multimodal_cd_dataset\L15-1204E-1204N_4819_3372_13\s2\s2_L15-1204E-1204N_4819_3372_13_2019_11.tif,datasets\sen12_mt_urbanmapping\multimodal_cd_dataset\L15-1204E-1204N_4819_3372_13\buildings\buildings_L15-1204E-1204N_4819_3372_13_2019_11.tif
L15-1204E-1204N_4819_3372_13,2019,12,2019_12,True,True,True,False,False,False,True,True,True,datasets\sen12_mt_urbanmapping\multimodal_cd_dataset\L15-1204E-1204N_4819_3372_13\s1\s1_L15-1204E-1204N_4819_3372_13_2019_12.tif,datasets\sen12_mt_urbanmapping\multimodal_cd_dataset\L15-1204E-1204N_4819_3372_13\s2\s2_L15-1204E-1204N_4819_3372_13_2019_12.tif,datasets\sen12_mt_urbanmapping\multimodal_cd_dataset\L15-1204E-1204N_4819_3372_13\buildings\buildings_L15-1204E-1204N_4819_3372_13_2019_12.tif
L15-1204E-1204N_4819_3372_13,2020,1,2020_01,True,True,True,False,False,False,True,True,True,datasets\sen12_mt_urbanmapping\multimodal_cd_dataset\L15-1204E-1204N_4819_3372_13\s1\s1_L15-1204E-1204N_4819_3372_13_2020_01.tif,datasets\sen12_mt_urbanmapping\multimodal_cd_dataset\L15-1204E-1204N_4819_3372_13\s2\s2_L15-1204E-1204N_4819_3372_13_2020_01.tif,datasets\sen12_mt_urbanmapping\multimodal_cd_dataset\L15-1204E-1204N_4819_3372_13\buildings\buildings_L15-1204E-1204N_4819_3372_13_2020_01.tif
L15-1209E-1113N_4838_3737_13,2018,1,2018_01,True,True,True,False,False,False,True,True,True,datasets\sen12_mt_urbanmapping\multimodal_cd_dataset\L15-1209E-1113N_4838_3737_13\s1\s1_L15-1209E-1113N_4838_3737_13_2018_01.tif,datasets\sen12_mt_urbanmapping\multimodal_cd_dataset\L15-1209E-1113N_4838_3737_13\s2\s2_L15-1209E-1113N_4838_3737_13_2018_01.tif,datasets\sen12_mt_urbanmapping\multimodal_cd_dataset\L15-1209E-1113N_4838_3737_13\buildings\buildings_L15-1209E-1113N_4838_3737_13_2018_01.tif
L15-1209E-1113N_4838_3737_13,2018,2,2018_02,True,True,True,False,False,False,True,True,True,datasets\sen12_mt_urbanmapping\multimodal_cd_dataset\L15-1209E-1113N_4838_3737_13\s1\s1_L15-1209E-1113N_4838_3737_13_2018_02.tif,datasets\sen12_mt_urbanmapping\multimodal_cd_dataset\L15-1209E-1113N_4838_3737_13\s2\s2_L15-1209E-1113N_4838_3737_13_2018_02.tif,datasets\sen12_mt_urbanmapping\multimodal_cd_dataset\L15-1209E-1113N_4838_3737_13\buildings\buildings_L15-1209E-1113N_4838_3737_13_2018_02.tif
L15-1209E-1113N_4838_3737_13,2018,3,2018_03,True,True,True,False,False,False,True,True,True,datasets\sen12_mt_urbanmapping\multimodal_cd_dataset\L15-1209E-1113N_4838_3737_13\s1\s1_L15-1209E-1113N_4838_3737_13_2018_03.tif,datasets\sen12_mt_urbanmapping\multimodal_cd_dataset\L15-1209E-1113N_4838_3737_13\s2\s2_L15-1209E-1113N_4838_3737_13_2018_03.tif,datasets\sen12_mt_urbanmapping\multimodal_cd_dataset\L15-1209E-1113N_4838_3737_13\buildings\buildings_L15-1209E-1113N_4838_3737_13_2018_03.tif
L15-1209E-1113N_4838_3737_13,2018,4,2018_04,True,True,True,False,False,False,True,True,True,datasets\sen12_mt_urbanmapping\multimodal_cd_dataset\L15-1209E-1113N_4838_3737_13\s1\s1_L15-1209E-1113N_4838_3737_13_2018_04.tif,datasets\sen12_mt_urbanmapping\multimodal_cd_dataset\L15-1209E-1113N_4838_3737_13\s2\s2_L15-1209E-1113N_4838_3737_13_2018_04.tif,datasets\sen12_mt_urbanmapping\multimodal_cd_dataset\L15-1209E-1113N_4838_3737_13\buildings\buildings_L15-1209E-1113N_4838_3737_13_2018_04.tif
L15-1209E-1113N_4838_3737_13,2018,5,2018_05,True,True,True,False,False,False,True,True,True,datasets\sen12_mt_urbanmapping\multimodal_cd_dataset\L15-1209E-1113N_4838_3737_13\s1\s1_L15-1209E-1113N_4838_3737_13_2018_05.tif,datasets\sen12_mt_urbanmapping\multimodal_cd_dataset\L15-1209E-1113N_4838_3737_13\s2\s2_L15-1209E-1113N_4838_3737_13_2018_05.tif,datasets\sen12_mt_urbanmapping\multimodal_cd_dataset\L15-1209E-1113N_4838_3737_13\buildings\buildings_L15-1209E-1113N_4838_3737_13_2018_05.tif
L15-1209E-1113N_4838_3737_13,2018,6,2018_06,True,True,True,False,False,False,True,True,True,datasets\sen12_mt_urbanmapping\multimodal_cd_dataset\L15-1209E-1113N_4838_3737_13\s1\s1_L15-1209E-1113N_4838_3737_13_2018_06.tif,datasets\sen12_mt_urbanmapping\multimodal_cd_dataset\L15-1209E-1113N_4838_3737_13\s2\s2_L15-1209E-1113N_4838_3737_13_2018_06.tif,datasets\sen12_mt_urbanmapping\multimodal_cd_dataset\L15-1209E-1113N_4838_3737_13\buildings\buildings_L15-1209E-1113N_4838_3737_13_2018_06.tif
L15-1209E-1113N_4838_3737_13,2018,7,2018_07,True,True,True,True,False,False,True,True,True,datasets\sen12_mt_urbanmapping\multimodal_cd_dataset\L15-1209E-1113N_4838_3737_13\s1\s1_L15-1209E-1113N_4838_3737_13_2018_07.tif,datasets\sen12_mt_urbanmapping\multimodal_cd_dataset\L15-1209E-1113N_4838_3737_13\s2\s2_L15-1209E-1113N_4838_3737_13_2018_07.tif,datasets\sen12_mt_urbanmapping\multimodal_cd_dataset\L15-1209E-1113N_4838_3737_13\buildings\buildings_L15-1209E-1113N_4838_3737_13_2018_07.tif
L15-1209E-1113N_4838_3737_13,2018,8,2018_08,True,True,True,False,False,False,True,True,True,datasets\sen12_mt_urbanmapping\multimodal_cd_dataset\L15-1209E-1113N_4838_3737_13\s1\s1_L15-1209E-1113N_4838_3737_13_2018_08.tif,datasets\sen12_mt_urbanmapping\multimodal_cd_dataset\L15-1209E-1113N_4838_3737_13\s2\s2_L15-1209E-1113N_4838_3737_13_2018_08.tif,datasets\sen12_mt_urbanmapping\multimodal_cd_dataset\L15-1209E-1113N_4838_3737_13\buildings\buildings_L15-1209E-1113N_4838_3737_13_2018_08.tif
L15-1209E-1113N_4838_3737_13,2018,9,2018_09,True,True,True,False,False,False,True,True,True,datasets\sen12_mt_urbanmapping\multimodal_cd_dataset\L15-1209E-1113N_4838_3737_13\s1\s1_L15-1209E-1113N_4838_3737_13_2018_09.tif,datasets\sen12_mt_urbanmapping\multimodal_cd_dataset\L15-1209E-1113N_4838_3737_13\s2\s2_L15-1209E-1113N_4838_3737_13_2018_09.tif,datasets\sen12_mt_urbanmapping\multimodal_cd_dataset\L15-1209E-1113N_4838_3737_13\buildings\buildings_L15-1209E-1113N_4838_3737_13_2018_09.tif
L15-1209E-1113N_4838_3737_13,2018,10,2018_10,True,True,True,False,False,False,True,True,True,datasets\sen12_mt_urbanmapping\multimodal_cd_dataset\L15-1209E-1113N_4838_3737_13\s1\s1_L15-1209E-1113N_4838_3737_13_2018_10.tif,datasets\sen12_mt_urbanmapping\multimodal_cd_dataset\L15-1209E-1113N_4838_3737_13\s2\s2_L15-1209E-1113N_4838_3737_13_2018_10.tif,datasets\sen12_mt_urbanmapping\multimodal_cd_dataset\L15-1209E-1113N_4838_3737_13\buildings\buildings_L15-1209E-1113N_4838_3737_13_2018_10.tif
L15-1209E-1113N_4838_3737_13,2018,11,2018_11,True,True,True,False,False,False,True,True,True,datasets\sen12_mt_urbanmapping\multimodal_cd_dataset\L15-1209E-1113N_4838_3737_13\s1\s1_L15-1209E-1113N_4838_3737_13_2018_11.tif,datasets\sen12_mt_urbanmapping\multimodal_cd_dataset\L15-1209E-1113N_4838_3737_13\s2\s2_L15-1209E-1113N_4838_3737_13_2018_11.tif,datasets\sen12_mt_urbanmapping\multimodal_cd_dataset\L15-1209E-1113N_4838_3737_13\buildings\buildings_L15-1209E-1113N_4838_3737_13_2018_11.tif
L15-1209E-1113N_4838_3737_13,2018,12,2018_12,True,True,True,False,False,False,True,True,True,datasets\sen12_mt_urbanmapping\multimodal_cd_dataset\L15-1209E-1113N_4838_3737_13\s1\s1_L15-1209E-1113N_4838_3737_13_2018_12.tif,datasets\sen12_mt_urbanmapping\multimodal_cd_dataset\L15-1209E-1113N_4838_3737_13\s2\s2_L15-1209E-1113N_4838_3737_13_2018_12.tif,datasets\sen12_mt_urbanmapping\multimodal_cd_dataset\L15-1209E-1113N_4838_3737_13\buildings\buildings_L15-1209E-1113N_4838_3737_13_2018_12.tif
L15-1209E-1113N_4838_3737_13,2019,1,2019_01,True,True,True,False,False,False,True,True,True,datasets\sen12_mt_urbanmapping\multimodal_cd_dataset\L15-1209E-1113N_4838_3737_13\s1\s1_L15-1209E-1113N_4838_3737_13_2019_01.tif,datasets\sen12_mt_urbanmapping\multimodal_cd_dataset\L15-1209E-1113N_4838_3737_13\s2\s2_L15-1209E-1113N_4838_3737_13_2019_01.tif,datasets\sen12_mt_urbanmapping\multimodal_cd_dataset\L15-1209E-1113N_4838_3737_13\buildings\buildings_L15-1209E-1113N_4838_3737_13_2019_01.tif
L15-1209E-1113N_4838_3737_13,2019,2,2019_02,True,True,True,False,False,False,True,True,True,datasets\sen12_mt_urbanmapping\multimodal_cd_dataset\L15-1209E-1113N_4838_3737_13\s1\s1_L15-1209E-1113N_4838_3737_13_2019_02.tif,datasets\sen12_mt_urbanmapping\multimodal_cd_dataset\L15-1209E-1113N_4838_3737_13\s2\s2_L15-1209E-1113N_4838_3737_13_2019_02.tif,datasets\sen12_mt_urbanmapping\multimodal_cd_dataset\L15-1209E-1113N_4838_3737_13\buildings\buildings_L15-1209E-1113N_4838_3737_13_2019_02.tif
L15-1209E-1113N_4838_3737_13,2019,3,2019_03,True,True,True,False,False,False,True,True,True,datasets\sen12_mt_urbanmapping\multimodal_cd_dataset\L15-1209E-1113N_4838_3737_13\s1\s1_L15-1209E-1113N_4838_3737_13_2019_03.tif,datasets\sen12_mt_urbanmapping\multimodal_cd_dataset\L15-1209E-1113N_4838_3737_13\s2\s2_L15-1209E-1113N_4838_3737_13_2019_03.tif,datasets\sen12_mt_urbanmapping\multimodal_cd_dataset\L15-1209E-1113N_4838_3737_13\buildings\buildings_L15-1209E-1113N_4838_3737_13_2019_03.tif
L15-1209E-1113N_4838_3737_13,2019,4,2019_04,True,True,True,False,False,False,True,True,True,datasets\sen12_mt_urbanmapping\multimodal_cd_dataset\L15-1209E-1113N_4838_3737_13\s1\s1_L15-1209E-1113N_4838_3737_13_2019_04.tif,datasets\sen12_mt_urbanmapping\multimodal_cd_dataset\L15-1209E-1113N_4838_3737_13\s2\s2_L15-1209E-1113N_4838_3737_13_2019_04.tif,datasets\sen12_mt_urbanmapping\multimodal_cd_dataset\L15-1209E-1113N_4838_3737_13\buildings\buildings_L15-1209E-1113N_4838_3737_13_2019_04.tif
L15-1209E-1113N_4838_3737_13,2019,5,2019_05,True,True,True,False,False,False,True,True,True,datasets\sen12_mt_urbanmapping\multimodal_cd_dataset\L15-1209E-1113N_4838_3737_13\s1\s1_L15-1209E-1113N_4838_3737_13_2019_05.tif,datasets\sen12_mt_urbanmapping\multimodal_cd_dataset\L15-1209E-1113N_4838_3737_13\s2\s2_L15-1209E-1113N_4838_3737_13_2019_05.tif,datasets\sen12_mt_urbanmapping\multimodal_cd_dataset\L15-1209E-1113N_4838_3737_13\buildings\buildings_L15-1209E-1113N_4838_3737_13_2019_05.tif
L15-1209E-1113N_4838_3737_13,2019,6,2019_06,True,True,True,False,False,False,True,True,True,datasets\sen12_mt_urbanmapping\multimodal_cd_dataset\L15-1209E-1113N_4838_3737_13\s1\s1_L15-1209E-1113N_4838_3737_13_2019_06.tif,datasets\sen12_mt_urbanmapping\multimodal_cd_dataset\L15-1209E-1113N_4838_3737_13\s2\s2_L15-1209E-1113N_4838_3737_13_2019_06.tif,datasets\sen12_mt_urbanmapping\multimodal_cd_dataset\L15-1209E-1113N_4838_3737_13\buildings\buildings_L15-1209E-1113N_4838_3737_13_2019_06.tif
L15-1209E-1113N_4838_3737_13,2019,7,2019_07,True,False,True,False,False,True,True,True,True,datasets\sen12_mt_urbanmapping\multimodal_cd_dataset\L15-1209E-1113N_4838_3737_13\s1\s1_L15-1209E-1113N_4838_3737_13_2019_07.tif,datasets\sen12_mt_urbanmapping\multimodal_cd_dataset\L15-1209E-1113N_4838_3737_13\s2\s2_L15-1209E-1113N_4838_3737_13_2019_07.tif,datasets\sen12_mt_urbanmapping\multimodal_cd_dataset\L15-1209E-1113N_4838_3737_13\buildings\buildings_L15-1209E-1113N_4838_3737_13_2019_07.tif
L15-1209E-1113N_4838_3737_13,2019,8,2019_08,True,True,True,False,False,False,True,True,True,datasets\sen12_mt_urbanmapping\multimodal_cd_dataset\L15-1209E-1113N_4838_3737_13\s1\s1_L15-1209E-1113N_4838_3737_13_2019_08.tif,datasets\sen12_mt_urbanmapping\multimodal_cd_dataset\L15-1209E-1113N_4838_3737_13\s2\s2_L15-1209E-1113N_4838_3737_13_2019_08.tif,datasets\sen12_mt_urbanmapping\multimodal_cd_dataset\L15-1209E-1113N_4838_3737_13\buildings\buildings_L15-1209E-1113N_4838_3737_13_2019_08.tif
L15-1209E-1113N_4838_3737_13,2019,9,2019_09,True,True,True,False,False,False,True,True,True,datasets\sen12_mt_urbanmapping\multimodal_cd_dataset\L15-1209E-1113N_4838_3737_13\s1\s1_L15-1209E-1113N_4838_3737_13_2019_09.tif,datasets\sen12_mt_urbanmapping\multimodal_cd_dataset\L15-1209E-1113N_4838_3737_13\s2\s2_L15-1209E-1113N_4838_3737_13_2019_09.tif,datasets\sen12_mt_urbanmapping\multimodal_cd_dataset\L15-1209E-1113N_4838_3737_13\buildings\buildings_L15-1209E-1113N_4838_3737_13_2019_09.tif
L15-1209E-1113N_4838_3737_13,2019,10,2019_10,True,True,True,False,False,False,True,True,True,datasets\sen12_mt_urbanmapping\multimodal_cd_dataset\L15-1209E-1113N_4838_3737_13\s1\s1_L15-1209E-1113N_4838_3737_13_2019_10.tif,datasets\sen12_mt_urbanmapping\multimodal_cd_dataset\L15-1209E-1113N_4838_3737_13\s2\s2_L15-1209E-1113N_4838_3737_13_2019_10.tif,datasets\sen12_mt_urbanmapping\multimodal_cd_dataset\L15-1209E-1113N_4838_3737_13\buildings\buildings_L15-1209E-1113N_4838_3737_13_2019_10.tif
L15-1209E-1113N_4838_3737_13,2019,11,2019_11,True,True,True,False,False,False,True,True,True,datasets\sen12_mt_urbanmapping\multimodal_cd_dataset\L15-1209E-1113N_4838_3737_13\s1\s1_L15-1209E-1113N_4838_3737_13_2019_11.tif,datasets\sen12_mt_urbanmapping\multimodal_cd_dataset\L15-1209E-1113N_4838_3737_13\s2\s2_L15-1209E-1113N_4838_3737_13_2019_11.tif,datasets\sen12_mt_urbanmapping\multimodal_cd_dataset\L15-1209E-1113N_4838_3737_13\buildings\buildings_L15-1209E-1113N_4838_3737_13_2019_11.tif
L15-1209E-1113N_4838_3737_13,2019,12,2019_12,True,True,True,False,False,False,True,True,True,datasets\sen12_mt_urbanmapping\multimodal_cd_dataset\L15-1209E-1113N_4838_3737_13\s1\s1_L15-1209E-1113N_4838_3737_13_2019_12.tif,datasets\sen12_mt_urbanmapping\multimodal_cd_dataset\L15-1209E-1113N_4838_3737_13\s2\s2_L15-1209E-1113N_4838_3737_13_2019_12.tif,datasets\sen12_mt_urbanmapping\multimodal_cd_dataset\L15-1209E-1113N_4838_3737_13\buildings\buildings_L15-1209E-1113N_4838_3737_13_2019_12.tif
L15-1209E-1113N_4838_3737_13,2020,1,2020_01,True,True,True,False,False,False,True,True,True,datasets\sen12_mt_urbanmapping\multimodal_cd_dataset\L15-1209E-1113N_4838_3737_13\s1\s1_L15-1209E-1113N_4838_3737_13_2020_01.tif,datasets\sen12_mt_urbanmapping\multimodal_cd_dataset\L15-1209E-1113N_4838_3737_13\s2\s2_L15-1209E-1113N_4838_3737_13_2020_01.tif,datasets\sen12_mt_urbanmapping\multimodal_cd_dataset\L15-1209E-1113N_4838_3737_13\buildings\buildings_L15-1209E-1113N_4838_3737_13_2020_01.tif
L15-1210E-1025N_4840_4088_13,2018,1,2018_01,True,True,True,False,False,False,True,True,True,datasets\sen12_mt_urbanmapping\multimodal_cd_dataset\L15-1210E-1025N_4840_4088_13\s1\s1_L15-1210E-1025N_4840_4088_13_2018_01.tif,datasets\sen12_mt_urbanmapping\multimodal_cd_dataset\L15-1210E-1025N_4840_4088_13\s2\s2_L15-1210E-1025N_4840_4088_13_2018_01.tif,datasets\sen12_mt_urbanmapping\multimodal_cd_dataset\L15-1210E-1025N_4840_4088_13\buildings\buildings_L15-1210E-1025N_4840_4088_13_2018_01.tif
L15-1210E-1025N_4840_4088_13,2018,2,2018_02,True,True,True,False,False,False,True,True,True,datasets\sen12_mt_urbanmapping\multimodal_cd_dataset\L15-1210E-1025N_4840_4088_13\s1\s1_L15-1210E-1025N_4840_4088_13_2018_02.tif,datasets\sen12_mt_urbanmapping\multimodal_cd_dataset\L15-1210E-1025N_4840_4088_13\s2\s2_L15-1210E-1025N_4840_4088_13_2018_02.tif,datasets\sen12_mt_urbanmapping\multimodal_cd_dataset\L15-1210E-1025N_4840_4088_13\buildings\buildings_L15-1210E-1025N_4840_4088_13_2018_02.tif
L15-1210E-1025N_4840_4088_13,2018,3,2018_03,True,False,True,False,False,True,True,True,True,datasets\sen12_mt_urbanmapping\multimodal_cd_dataset\L15-1210E-1025N_4840_4088_13\s1\s1_L15-1210E-1025N_4840_4088_13_2018_03.tif,datasets\sen12_mt_urbanmapping\multimodal_cd_dataset\L15-1210E-1025N_4840_4088_13\s2\s2_L15-1210E-1025N_4840_4088_13_2018_03.tif,datasets\sen12_mt_urbanmapping\multimodal_cd_dataset\L15-1210E-1025N_4840_4088_13\buildings\buildings_L15-1210E-1025N_4840_4088_13_2018_03.tif
L15-1210E-1025N_4840_4088_13,2018,4,2018_04,True,False,True,True,False,True,True,True,True,datasets\sen12_mt_urbanmapping\multimodal_cd_dataset\L15-1210E-1025N_4840_4088_13\s1\s1_L15-1210E-1025N_4840_4088_13_2018_04.tif,datasets\sen12_mt_urbanmapping\multimodal_cd_dataset\L15-1210E-1025N_4840_4088_13\s2\s2_L15-1210E-1025N_4840_4088_13_2018_04.tif,datasets\sen12_mt_urbanmapping\multimodal_cd_dataset\L15-1210E-1025N_4840_4088_13\buildings\buildings_L15-1210E-1025N_4840_4088_13_2018_04.tif
L15-1210E-1025N_4840_4088_13,2018,6,2018_06,True,True,True,False,False,False,True,True,True,datasets\sen12_mt_urbanmapping\multimodal_cd_dataset\L15-1210E-1025N_4840_4088_13\s1\s1_L15-1210E-1025N_4840_4088_13_2018_06.tif,datasets\sen12_mt_urbanmapping\multimodal_cd_dataset\L15-1210E-1025N_4840_4088_13\s2\s2_L15-1210E-1025N_4840_4088_13_2018_06.tif,datasets\sen12_mt_urbanmapping\multimodal_cd_dataset\L15-1210E-1025N_4840_4088_13\buildings\buildings_L15-1210E-1025N_4840_4088_13_2018_06.tif
L15-1210E-1025N_4840_4088_13,2018,7,2018_07,True,True,True,True,False,False,True,True,True,datasets\sen12_mt_urbanmapping\multimodal_cd_dataset\L15-1210E-1025N_4840_4088_13\s1\s1_L15-1210E-1025N_4840_4088_13_2018_07.tif,datasets\sen12_mt_urbanmapping\multimodal_cd_dataset\L15-1210E-1025N_4840_4088_13\s2\s2_L15-1210E-1025N_4840_4088_13_2018_07.tif,datasets\sen12_mt_urbanmapping\multimodal_cd_dataset\L15-1210E-1025N_4840_4088_13\buildings\buildings_L15-1210E-1025N_4840_4088_13_2018_07.tif
L15-1210E-1025N_4840_4088_13,2018,8,2018_08,True,True,True,True,False,False,True,True,True,datasets\sen12_mt_urbanmapping\multimodal_cd_dataset\L15-1210E-1025N_4840_4088_13\s1\s1_L15-1210E-1025N_4840_4088_13_2018_08.tif,datasets\sen12_mt_urbanmapping\multimodal_cd_dataset\L15-1210E-1025N_4840_4088_13\s2\s2_L15-1210E-1025N_4840_4088_13_2018_08.tif,datasets\sen12_mt_urbanmapping\multimodal_cd_dataset\L15-1210E-1025N_4840_4088_13\buildings\buildings_L15-1210E-1025N_4840_4088_13_2018_08.tif
L15-1210E-1025N_4840_4088_13,2018,9,2018_09,True,True,True,True,False,False,True,True,True,datasets\sen12_mt_urbanmapping\multimodal_cd_dataset\L15-1210E-1025N_4840_4088_13\s1\s1_L15-1210E-1025N_4840_4088_13_2018_09.tif,datasets\sen12_mt_urbanmapping\multimodal_cd_dataset\L15-1210E-1025N_4840_4088_13\s2\s2_L15-1210E-1025N_4840_4088_13_2018_09.tif,datasets\sen12_mt_urbanmapping\multimodal_cd_dataset\L15-1210E-1025N_4840_4088_13\buildings\buildings_L15-1210E-1025N_4840_4088_13_2018_09.tif
L15-1210E-1025N_4840_4088_13,2018,10,2018_10,True,True,True,False,False,False,True,True,True,datasets\sen12_mt_urbanmapping\multimodal_cd_dataset\L15-1210E-1025N_4840_4088_13\s1\s1_L15-1210E-1025N_4840_4088_13_2018_10.tif,datasets\sen12_mt_urbanmapping\multimodal_cd_dataset\L15-1210E-1025N_4840_4088_13\s2\s2_L15-1210E-1025N_4840_4088_13_2018_10.tif,datasets\sen12_mt_urbanmapping\multimodal_cd_dataset\L15-1210E-1025N_4840_4088_13\buildings\buildings_L15-1210E-1025N_4840_4088_13_2018_10.tif
L15-1210E-1025N_4840_4088_13,2018,11,2018_11,True,True,True,True,False,False,True,True,True,datasets\sen12_mt_urbanmapping\multimodal_cd_dataset\L15-1210E-1025N_4840_4088_13\s1\s1_L15-1210E-1025N_4840_4088_13_2018_11.tif,datasets\sen12_mt_urbanmapping\multimodal_cd_dataset\L15-1210E-1025N_4840_4088_13\s2\s2_L15-1210E-1025N_4840_4088_13_2018_11.tif,datasets\sen12_mt_urbanmapping\multimodal_cd_dataset\L15-1210E-1025N_4840_4088_13\buildings\buildings_L15-1210E-1025N_4840_4088_13_2018_11.tif
L15-1210E-1025N_4840_4088_13,2018,12,2018_12,True,False,True,True,False,True,True,True,True,datasets\sen12_mt_urbanmapping\multimodal_cd_dataset\L15-1210E-1025N_4840_4088_13\s1\s1_L15-1210E-1025N_4840_4088_13_2018_12.tif,datasets\sen12_mt_urbanmapping\multimodal_cd_dataset\L15-1210E-1025N_4840_4088_13\s2\s2_L15-1210E-1025N_4840_4088_13_2018_12.tif,datasets\sen12_mt_urbanmapping\multimodal_cd_dataset\L15-1210E-1025N_4840_4088_13\buildings\buildings_L15-1210E-1025N_4840_4088_13_2018_12.tif
L15-1210E-1025N_4840_4088_13,2019,1,2019_01,True,True,True,False,False,False,True,True,True,datasets\sen12_mt_urbanmapping\multimodal_cd_dataset\L15-1210E-1025N_4840_4088_13\s1\s1_L15-1210E-1025N_4840_4088_13_2019_01.tif,datasets\sen12_mt_urbanmapping\multimodal_cd_dataset\L15-1210E-1025N_4840_4088_13\s2\s2_L15-1210E-1025N_4840_4088_13_2019_01.tif,datasets\sen12_mt_urbanmapping\multimodal_cd_dataset\L15-1210E-1025N_4840_4088_13\buildings\buildings_L15-1210E-1025N_4840_4088_13_2019_01.tif
L15-1210E-1025N_4840_4088_13,2019,2,2019_02,True,True,True,False,False,False,True,True,True,datasets\sen12_mt_urbanmapping\multimodal_cd_dataset\L15-1210E-1025N_4840_4088_13\s1\s1_L15-1210E-1025N_4840_4088_13_2019_02.tif,datasets\sen12_mt_urbanmapping\multimodal_cd_dataset\L15-1210E-1025N_4840_4088_13\s2\s2_L15-1210E-1025N_4840_4088_13_2019_02.tif,datasets\sen12_mt_urbanmapping\multimodal_cd_dataset\L15-1210E-1025N_4840_4088_13\buildings\buildings_L15-1210E-1025N_4840_4088_13_2019_02.tif
L15-1210E-1025N_4840_4088_13,2019,3,2019_03,True,False,True,True,False,True,True,True,True,datasets\sen12_mt_urbanmapping\multimodal_cd_dataset\L15-1210E-1025N_4840_4088_13\s1\s1_L15-1210E-1025N_4840_4088_13_2019_03.tif,datasets\sen12_mt_urbanmapping\multimodal_cd_dataset\L15-1210E-1025N_4840_4088_13\s2\s2_L15-1210E-1025N_4840_4088_13_2019_03.tif,datasets\sen12_mt_urbanmapping\multimodal_cd_dataset\L15-1210E-1025N_4840_4088_13\buildings\buildings_L15-1210E-1025N_4840_4088_13_2019_03.tif
L15-1210E-1025N_4840_4088_13,2019,4,2019_04,True,False,True,False,False,True,True,True,True,datasets\sen12_mt_urbanmapping\multimodal_cd_dataset\L15-1210E-1025N_4840_4088_13\s1\s1_L15-1210E-1025N_4840_4088_13_2019_04.tif,datasets\sen12_mt_urbanmapping\multimodal_cd_dataset\L15-1210E-1025N_4840_4088_13\s2\s2_L15-1210E-1025N_4840_4088_13_2019_04.tif,datasets\sen12_mt_urbanmapping\multimodal_cd_dataset\L15-1210E-1025N_4840_4088_13\buildings\buildings_L15-1210E-1025N_4840_4088_13_2019_04.tif
L15-1210E-1025N_4840_4088_13,2019,5,2019_05,True,False,True,True,False,True,True,True,True,datasets\sen12_mt_urbanmapping\multimodal_cd_dataset\L15-1210E-1025N_4840_4088_13\s1\s1_L15-1210E-1025N_4840_4088_13_2019_05.tif,datasets\sen12_mt_urbanmapping\multimodal_cd_dataset\L15-1210E-1025N_4840_4088_13\s2\s2_L15-1210E-1025N_4840_4088_13_2019_05.tif,datasets\sen12_mt_urbanmapping\multimodal_cd_dataset\L15-1210E-1025N_4840_4088_13\buildings\buildings_L15-1210E-1025N_4840_4088_13_2019_05.tif
L15-1210E-1025N_4840_4088_13,2019,6,2019_06,True,False,True,False,False,True,True,True,True,datasets\sen12_mt_urbanmapping\multimodal_cd_dataset\L15-1210E-1025N_4840_4088_13\s1\s1_L15-1210E-1025N_4840_4088_13_2019_06.tif,datasets\sen12_mt_urbanmapping\multimodal_cd_dataset\L15-1210E-1025N_4840_4088_13\s2\s2_L15-1210E-1025N_4840_4088_13_2019_06.tif,datasets\sen12_mt_urbanmapping\multimodal_cd_dataset\L15-1210E-1025N_4840_4088_13\buildings\buildings_L15-1210E-1025N_4840_4088_13_2019_06.tif
L15-1210E-1025N_4840_4088_13,2019,7,2019_07,True,False,True,True,False,True,True,True,True,datasets\sen12_mt_urbanmapping\multimodal_cd_dataset\L15-1210E-1025N_4840_4088_13\s1\s1_L15-1210E-1025N_4840_4088_13_2019_07.tif,datasets\sen12_mt_urbanmapping\multimodal_cd_dataset\L15-1210E-1025N_4840_4088_13\s2\s2_L15-1210E-1025N_4840_4088_13_2019_07.tif,datasets\sen12_mt_urbanmapping\multimodal_cd_dataset\L15-1210E-1025N_4840_4088_13\buildings\buildings_L15-1210E-1025N_4840_4088_13_2019_07.tif
L15-1210E-1025N_4840_4088_13,2019,8,2019_08,True,False,True,True,False,True,True,True,True,datasets\sen12_mt_urbanmapping\multimodal_cd_dataset\L15-1210E-1025N_4840_4088_13\s1\s1_L15-1210E-1025N_4840_4088_13_2019_08.tif,datasets\sen12_mt_urbanmapping\multimodal_cd_dataset\L15-1210E-1025N_4840_4088_13\s2\s2_L15-1210E-1025N_4840_4088_13_2019_08.tif,datasets\sen12_mt_urbanmapping\multimodal_cd_dataset\L15-1210E-1025N_4840_4088_13\buildings\buildings_L15-1210E-1025N_4840_4088_13_2019_08.tif
L15-1210E-1025N_4840_4088_13,2019,9,2019_09,True,False,True,True,False,True,True,True,True,datasets\sen12_mt_urbanmapping\multimodal_cd_dataset\L15-1210E-1025N_4840_4088_13\s1\s1_L15-1210E-1025N_4840_4088_13_2019_09.tif,datasets\sen12_mt_urbanmapping\multimodal_cd_dataset\L15-1210E-1025N_4840_4088_13\s2\s2_L15-1210E-1025N_4840_4088_13_2019_09.tif,datasets\sen12_mt_urbanmapping\multimodal_cd_dataset\L15-1210E-1025N_4840_4088_13\buildings\buildings_L15-1210E-1025N_4840_4088_13_2019_09.tif
L15-1210E-1025N_4840_4088_13,2019,11,2019_11,True,False,True,True,False,True,True,True,True,datasets\sen12_mt_urbanmapping\multimodal_cd_dataset\L15-1210E-1025N_4840_4088_13\s1\s1_L15-1210E-1025N_4840_4088_13_2019_11.tif,datasets\sen12_mt_urbanmapping\multimodal_cd_dataset\L15-1210E-1025N_4840_4088_13\s2\s2_L15-1210E-1025N_4840_4088_13_2019_11.tif,datasets\sen12_mt_urbanmapping\multimodal_cd_dataset\L15-1210E-1025N_4840_4088_13\buildings\buildings_L15-1210E-1025N_4840_4088_13_2019_11.tif
L15-1210E-1025N_4840_4088_13,2019,12,2019_12,True,True,True,False,False,False,True,True,True,datasets\sen12_mt_urbanmapping\multimodal_cd_dataset\L15-1210E-1025N_4840_4088_13\s1\s1_L15-1210E-1025N_4840_4088_13_2019_12.tif,datasets\sen12_mt_urbanmapping\multimodal_cd_dataset\L15-1210E-1025N_4840_4088_13\s2\s2_L15-1210E-1025N_4840_4088_13_2019_12.tif,datasets\sen12_mt_urbanmapping\multimodal_cd_dataset\L15-1210E-1025N_4840_4088_13\buildings\buildings_L15-1210E-1025N_4840_4088_13_2019_12.tif
L15-1210E-1025N_4840_4088_13,2020,1,2020_01,True,True,True,False,False,False,True,True,True,datasets\sen12_mt_urbanmapping\multimodal_cd_dataset\L15-1210E-1025N_4840_4088_13\s1\s1_L15-1210E-1025N_4840_4088_13_2020_01.tif,datasets\sen12_mt_urbanmapping\multimodal_cd_dataset\L15-1210E-1025N_4840_4088_13\s2\s2_L15-1210E-1025N_4840_4088_13_2020_01.tif,datasets\sen12_mt_urbanmapping\multimodal_cd_dataset\L15-1210E-1025N_4840_4088_13\buildings\buildings_L15-1210E-1025N_4840_4088_13_2020_01.tif
L15-1276E-1107N_5105_3761_13,2018,1,2018_01,True,True,True,False,False,False,True,True,True,datasets\sen12_mt_urbanmapping\multimodal_cd_dataset\L15-1276E-1107N_5105_3761_13\s1\s1_L15-1276E-1107N_5105_3761_13_2018_01.tif,datasets\sen12_mt_urbanmapping\multimodal_cd_dataset\L15-1276E-1107N_5105_3761_13\s2\s2_L15-1276E-1107N_5105_3761_13_2018_01.tif,datasets\sen12_mt_urbanmapping\multimodal_cd_dataset\L15-1276E-1107N_5105_3761_13\buildings\buildings_L15-1276E-1107N_5105_3761_13_2018_01.tif
L15-1276E-1107N_5105_3761_13,2018,2,2018_02,True,True,True,False,False,False,True,True,True,datasets\sen12_mt_urbanmapping\multimodal_cd_dataset\L15-1276E-1107N_5105_3761_13\s1\s1_L15-1276E-1107N_5105_3761_13_2018_02.tif,datasets\sen12_mt_urbanmapping\multimodal_cd_dataset\L15-1276E-1107N_5105_3761_13\s2\s2_L15-1276E-1107N_5105_3761_13_2018_02.tif,datasets\sen12_mt_urbanmapping\multimodal_cd_dataset\L15-1276E-1107N_5105_3761_13\buildings\buildings_L15-1276E-1107N_5105_3761_13_2018_02.tif
L15-1276E-1107N_5105_3761_13,2018,3,2018_03,True,True,True,False,False,False,True,True,True,datasets\sen12_mt_urbanmapping\multimodal_cd_dataset\L15-1276E-1107N_5105_3761_13\s1\s1_L15-1276E-1107N_5105_3761_13_2018_03.tif,datasets\sen12_mt_urbanmapping\multimodal_cd_dataset\L15-1276E-1107N_5105_3761_13\s2\s2_L15-1276E-1107N_5105_3761_13_2018_03.tif,datasets\sen12_mt_urbanmapping\multimodal_cd_dataset\L15-1276E-1107N_5105_3761_13\buildings\buildings_L15-1276E-1107N_5105_3761_13_2018_03.tif
L15-1276E-1107N_5105_3761_13,2018,4,2018_04,True,True,True,False,False,False,True,True,True,datasets\sen12_mt_urbanmapping\multimodal_cd_dataset\L15-1276E-1107N_5105_3761_13\s1\s1_L15-1276E-1107N_5105_3761_13_2018_04.tif,datasets\sen12_mt_urbanmapping\multimodal_cd_dataset\L15-1276E-1107N_5105_3761_13\s2\s2_L15-1276E-1107N_5105_3761_13_2018_04.tif,datasets\sen12_mt_urbanmapping\multimodal_cd_dataset\L15-1276E-1107N_5105_3761_13\buildings\buildings_L15-1276E-1107N_5105_3761_13_2018_04.tif
L15-1276E-1107N_5105_3761_13,2018,5,2018_05,True,True,True,False,False,False,True,True,True,datasets\sen12_mt_urbanmapping\multimodal_cd_dataset\L15-1276E-1107N_5105_3761_13\s1\s1_L15-1276E-1107N_5105_3761_13_2018_05.tif,datasets\sen12_mt_urbanmapping\multimodal_cd_dataset\L15-1276E-1107N_5105_3761_13\s2\s2_L15-1276E-1107N_5105_3761_13_2018_05.tif,datasets\sen12_mt_urbanmapping\multimodal_cd_dataset\L15-1276E-1107N_5105_3761_13\buildings\buildings_L15-1276E-1107N_5105_3761_13_2018_05.tif
L15-1276E-1107N_5105_3761_13,2018,6,2018_06,True,True,True,False,False,False,True,True,True,datasets\sen12_mt_urbanmapping\multimodal_cd_dataset\L15-1276E-1107N_5105_3761_13\s1\s1_L15-1276E-1107N_5105_3761_13_2018_06.tif,datasets\sen12_mt_urbanmapping\multimodal_cd_dataset\L15-1276E-1107N_5105_3761_13\s2\s2_L15-1276E-1107N_5105_3761_13_2018_06.tif,datasets\sen12_mt_urbanmapping\multimodal_cd_dataset\L15-1276E-1107N_5105_3761_13\buildings\buildings_L15-1276E-1107N_5105_3761_13_2018_06.tif
L15-1276E-1107N_5105_3761_13,2018,7,2018_07,True,True,True,False,False,False,True,True,True,datasets\sen12_mt_urbanmapping\multimodal_cd_dataset\L15-1276E-1107N_5105_3761_13\s1\s1_L15-1276E-1107N_5105_3761_13_2018_07.tif,datasets\sen12_mt_urbanmapping\multimodal_cd_dataset\L15-1276E-1107N_5105_3761_13\s2\s2_L15-1276E-1107N_5105_3761_13_2018_07.tif,datasets\sen12_mt_urbanmapping\multimodal_cd_dataset\L15-1276E-1107N_5105_3761_13\buildings\buildings_L15-1276E-1107N_5105_3761_13_2018_07.tif
L15-1276E-1107N_5105_3761_13,2018,8,2018_08,True,True,True,False,False,False,True,True,True,datasets\sen12_mt_urbanmapping\multimodal_cd_dataset\L15-1276E-1107N_5105_3761_13\s1\s1_L15-1276E-1107N_5105_3761_13_2018_08.tif,datasets\sen12_mt_urbanmapping\multimodal_cd_dataset\L15-1276E-1107N_5105_3761_13\s2\s2_L15-1276E-1107N_5105_3761_13_2018_08.tif,datasets\sen12_mt_urbanmapping\multimodal_cd_dataset\L15-1276E-1107N_5105_3761_13\buildings\buildings_L15-1276E-1107N_5105_3761_13_2018_08.tif
L15-1276E-1107N_5105_3761_13,2018,9,2018_09,True,True,True,False,False,False,True,True,True,datasets\sen12_mt_urbanmapping\multimodal_cd_dataset\L15-1276E-1107N_5105_3761_13\s1\s1_L15-1276E-1107N_5105_3761_13_2018_09.tif,datasets\sen12_mt_urbanmapping\multimodal_cd_dataset\L15-1276E-1107N_5105_3761_13\s2\s2_L15-1276E-1107N_5105_3761_13_2018_09.tif,datasets\sen12_mt_urbanmapping\multimodal_cd_dataset\L15-1276E-1107N_5105_3761_13\buildings\buildings_L15-1276E-1107N_5105_3761_13_2018_09.tif
L15-1276E-1107N_5105_3761_13,2018,10,2018_10,False,True,False,False,True,False,False,True,False,,datasets\sen12_mt_urbanmapping\multimodal_cd_dataset\L15-1276E-1107N_5105_3761_13\s2\s2_L15-1276E-1107N_5105_3761_13_2018_10.tif,
L15-1276E-1107N_5105_3761_13,2018,11,2018_11,True,True,True,False,False,False,True,True,True,datasets\sen12_mt_urbanmapping\multimodal_cd_dataset\L15-1276E-1107N_5105_3761_13\s1\s1_L15-1276E-1107N_5105_3761_13_2018_11.tif,datasets\sen12_mt_urbanmapping\multimodal_cd_dataset\L15-1276E-1107N_5105_3761_13\s2\s2_L15-1276E-1107N_5105_3761_13_2018_11.tif,datasets\sen12_mt_urbanmapping\multimodal_cd_dataset\L15-1276E-1107N_5105_3761_13\buildings\buildings_L15-1276E-1107N_5105_3761_13_2018_11.tif
L15-1276E-1107N_5105_3761_13,2018,12,2018_12,True,True,True,False,False,False,True,True,True,datasets\sen12_mt_urbanmapping\multimodal_cd_dataset\L15-1276E-1107N_5105_3761_13\s1\s1_L15-1276E-1107N_5105_3761_13_2018_12.tif,datasets\sen12_mt_urbanmapping\multimodal_cd_dataset\L15-1276E-1107N_5105_3761_13\s2\s2_L15-1276E-1107N_5105_3761_13_2018_12.tif,datasets\sen12_mt_urbanmapping\multimodal_cd_dataset\L15-1276E-1107N_5105_3761_13\buildings\buildings_L15-1276E-1107N_5105_3761_13_2018_12.tif
L15-1276E-1107N_5105_3761_13,2019,1,2019_01,False,True,False,False,True,False,False,True,False,,datasets\sen12_mt_urbanmapping\multimodal_cd_dataset\L15-1276E-1107N_5105_3761_13\s2\s2_L15-1276E-1107N_5105_3761_13_2019_01.tif,
L15-1276E-1107N_5105_3761_13,2019,2,2019_02,False,True,False,False,True,False,False,True,False,,datasets\sen12_mt_urbanmapping\multimodal_cd_dataset\L15-1276E-1107N_5105_3761_13\s2\s2_L15-1276E-1107N_5105_3761_13_2019_02.tif,
L15-1276E-1107N_5105_3761_13,2019,3,2019_03,False,True,False,False,True,False,False,True,False,,datasets\sen12_mt_urbanmapping\multimodal_cd_dataset\L15-1276E-1107N_5105_3761_13\s2\s2_L15-1276E-1107N_5105_3761_13_2019_03.tif,
L15-1276E-1107N_5105_3761_13,2019,4,2019_04,False,True,False,False,True,False,False,True,False,,datasets\sen12_mt_urbanmapping\multimodal_cd_dataset\L15-1276E-1107N_5105_3761_13\s2\s2_L15-1276E-1107N_5105_3761_13_2019_04.tif,
L15-1276E-1107N_5105_3761_13,2019,5,2019_05,True,True,True,False,False,False,True,True,True,datasets\sen12_mt_urbanmapping\multimodal_cd_dataset\L15-1276E-1107N_5105_3761_13\s1\s1_L15-1276E-1107N_5105_3761_13_2019_05.tif,datasets\sen12_mt_urbanmapping\multimodal_cd_dataset\L15-1276E-1107N_5105_3761_13\s2\s2_L15-1276E-1107N_5105_3761_13_2019_05.tif,datasets\sen12_mt_urbanmapping\multimodal_cd_dataset\L15-1276E-1107N_5105_3761_13\buildings\buildings_L15-1276E-1107N_5105_3761_13_2019_05.tif
L15-1276E-1107N_5105_3761_13,2019,6,2019_06,True,True,True,False,False,False,True,True,True,datasets\sen12_mt_urbanmapping\multimodal_cd_dataset\L15-1276E-1107N_5105_3761_13\s1\s1_L15-1276E-1107N_5105_3761_13_2019_06.tif,datasets\sen12_mt_urbanmapping\multimodal_cd_dataset\L15-1276E-1107N_5105_3761_13\s2\s2_L15-1276E-1107N_5105_3761_13_2019_06.tif,datasets\sen12_mt_urbanmapping\multimodal_cd_dataset\L15-1276E-1107N_5105_3761_13\buildings\buildings_L15-1276E-1107N_5105_3761_13_2019_06.tif
L15-1276E-1107N_5105_3761_13,2019,7,2019_07,True,True,True,False,False,False,True,True,True,datasets\sen12_mt_urbanmapping\multimodal_cd_dataset\L15-1276E-1107N_5105_3761_13\s1\s1_L15-1276E-1107N_5105_3761_13_2019_07.tif,datasets\sen12_mt_urbanmapping\multimodal_cd_dataset\L15-1276E-1107N_5105_3761_13\s2\s2_L15-1276E-1107N_5105_3761_13_2019_07.tif,datasets\sen12_mt_urbanmapping\multimodal_cd_dataset\L15-1276E-1107N_5105_3761_13\buildings\buildings_L15-1276E-1107N_5105_3761_13_2019_07.tif
L15-1276E-1107N_5105_3761_13,2019,8,2019_08,True,True,True,False,False,False,True,True,True,datasets\sen12_mt_urbanmapping\multimodal_cd_dataset\L15-1276E-1107N_5105_3761_13\s1\s1_L15-1276E-1107N_5105_3761_13_2019_08.tif,datasets\sen12_mt_urbanmapping\multimodal_cd_dataset\L15-1276E-1107N_5105_3761_13\s2\s2_L15-1276E-1107N_5105_3761_13_2019_08.tif,datasets\sen12_mt_urbanmapping\multimodal_cd_dataset\L15-1276E-1107N_5105_3761_13\buildings\buildings_L15-1276E-1107N_5105_3761_13_2019_08.tif
L15-1276E-1107N_5105_3761_13,2019,9,2019_09,True,True,True,False,False,False,True,True,True,datasets\sen12_mt_urbanmapping\multimodal_cd_dataset\L15-1276E-1107N_5105_3761_13\s1\s1_L15-1276E-1107N_5105_3761_13_2019_09.tif,datasets\sen12_mt_urbanmapping\multimodal_cd_dataset\L15-1276E-1107N_5105_3761_13\s2\s2_L15-1276E-1107N_5105_3761_13_2019_09.tif,datasets\sen12_mt_urbanmapping\multimodal_cd_dataset\L15-1276E-1107N_5105_3761_13\buildings\buildings_L15-1276E-1107N_5105_3761_13_2019_09.tif
L15-1276E-1107N_5105_3761_13,2019,10,2019_10,True,True,True,False,False,False,True,True,True,datasets\sen12_mt_urbanmapping\multimodal_cd_dataset\L15-1276E-1107N_5105_3761_13\s1\s1_L15-1276E-1107N_5105_3761_13_2019_10.tif,datasets\sen12_mt_urbanmapping\multimodal_cd_dataset\L15-1276E-1107N_5105_3761_13\s2\s2_L15-1276E-1107N_5105_3761_13_2019_10.tif,datasets\sen12_mt_urbanmapping\multimodal_cd_dataset\L15-1276E-1107N_5105_3761_13\buildings\buildings_L15-1276E-1107N_5105_3761_13_2019_10.tif
L15-1276E-1107N_5105_3761_13,2019,11,2019_11,True,True,True,False,False,False,True,True,True,datasets\sen12_mt_urbanmapping\multimodal_cd_dataset\L15-1276E-1107N_5105_3761_13\s1\s1_L15-1276E-1107N_5105_3761_13_2019_11.tif,datasets\sen12_mt_urbanmapping\multimodal_cd_dataset\L15-1276E-1107N_5105_3761_13\s2\s2_L15-1276E-1107N_5105_3761_13_2019_11.tif,datasets\sen12_mt_urbanmapping\multimodal_cd_dataset\L15-1276E-1107N_5105_3761_13\buildings\buildings_L15-1276E-1107N_5105_3761_13_2019_11.tif
L15-1276E-1107N_5105_3761_13,2019,12,2019_12,True,True,True,False,False,False,True,True,True,datasets\sen12_mt_urbanmapping\multimodal_cd_dataset\L15-1276E-1107N_5105_3761_13\s1\s1_L15-1276E-1107N_5105_3761_13_2019_12.tif,datasets\sen12_mt_urbanmapping\multimodal_cd_dataset\L15-1276E-1107N_5105_3761_13\s2\s2_L15-1276E-1107N_5105_3761_13_2019_12.tif,datasets\sen12_mt_urbanmapping\multimodal_cd_dataset\L15-1276E-1107N_5105_3761_13\buildings\buildings_L15-1276E-1107N_5105_3761_13_2019_12.tif
L15-1276E-1107N_5105_3761_13,2020,1,2020_01,True,True,True,False,False,False,True,True,True,datasets\sen12_mt_urbanmapping\multimodal_cd_dataset\L15-1276E-1107N_5105_3761_13\s1\s1_L15-1276E-1107N_5105_3761_13_2020_01.tif,datasets\sen12_mt_urbanmapping\multimodal_cd_dataset\L15-1276E-1107N_5105_3761_13\s2\s2_L15-1276E-1107N_5105_3761_13_2020_01.tif,datasets\sen12_mt_urbanmapping\multimodal_cd_dataset\L15-1276E-1107N_5105_3761_13\buildings\buildings_L15-1276E-1107N_5105_3761_13_2020_01.tif
L15-1289E-1169N_5156_3514_13,2018,1,2018_01,True,True,True,False,False,False,True,True,True,datasets\sen12_mt_urbanmapping\multimodal_cd_dataset\L15-1289E-1169N_5156_3514_13\s1\s1_L15-1289E-1169N_5156_3514_13_2018_01.tif,datasets\sen12_mt_urbanmapping\multimodal_cd_dataset\L15-1289E-1169N_5156_3514_13\s2\s2_L15-1289E-1169N_5156_3514_13_2018_01.tif,datasets\sen12_mt_urbanmapping\multimodal_cd_dataset\L15-1289E-1169N_5156_3514_13\buildings\buildings_L15-1289E-1169N_5156_3514_13_2018_01.tif
L15-1289E-1169N_5156_3514_13,2018,2,2018_02,True,True,True,False,False,False,True,True,True,datasets\sen12_mt_urbanmapping\multimodal_cd_dataset\L15-1289E-1169N_5156_3514_13\s1\s1_L15-1289E-1169N_5156_3514_13_2018_02.tif,datasets\sen12_mt_urbanmapping\multimodal_cd_dataset\L15-1289E-1169N_5156_3514_13\s2\s2_L15-1289E-1169N_5156_3514_13_2018_02.tif,datasets\sen12_mt_urbanmapping\multimodal_cd_dataset\L15-1289E-1169N_5156_3514_13\buildings\buildings_L15-1289E-1169N_5156_3514_13_2018_02.tif
L15-1289E-1169N_5156_3514_13,2018,3,2018_03,True,True,True,False,False,False,True,True,True,datasets\sen12_mt_urbanmapping\multimodal_cd_dataset\L15-1289E-1169N_5156_3514_13\s1\s1_L15-1289E-1169N_5156_3514_13_2018_03.tif,datasets\sen12_mt_urbanmapping\multimodal_cd_dataset\L15-1289E-1169N_5156_3514_13\s2\s2_L15-1289E-1169N_5156_3514_13_2018_03.tif,datasets\sen12_mt_urbanmapping\multimodal_cd_dataset\L15-1289E-1169N_5156_3514_13\buildings\buildings_L15-1289E-1169N_5156_3514_13_2018_03.tif
L15-1289E-1169N_5156_3514_13,2018,4,2018_04,True,True,True,False,False,False,True,True,True,datasets\sen12_mt_urbanmapping\multimodal_cd_dataset\L15-1289E-1169N_5156_3514_13\s1\s1_L15-1289E-1169N_5156_3514_13_2018_04.tif,datasets\sen12_mt_urbanmapping\multimodal_cd_dataset\L15-1289E-1169N_5156_3514_13\s2\s2_L15-1289E-1169N_5156_3514_13_2018_04.tif,datasets\sen12_mt_urbanmapping\multimodal_cd_dataset\L15-1289E-1169N_5156_3514_13\buildings\buildings_L15-1289E-1169N_5156_3514_13_2018_04.tif
L15-1289E-1169N_5156_3514_13,2018,5,2018_05,True,True,True,False,False,False,True,True,True,datasets\sen12_mt_urbanmapping\multimodal_cd_dataset\L15-1289E-1169N_5156_3514_13\s1\s1_L15-1289E-1169N_5156_3514_13_2018_05.tif,datasets\sen12_mt_urbanmapping\multimodal_cd_dataset\L15-1289E-1169N_5156_3514_13\s2\s2_L15-1289E-1169N_5156_3514_13_2018_05.tif,datasets\sen12_mt_urbanmapping\multimodal_cd_dataset\L15-1289E-1169N_5156_3514_13\buildings\buildings_L15-1289E-1169N_5156_3514_13_2018_05.tif
L15-1289E-1169N_5156_3514_13,2018,6,2018_06,True,True,True,False,False,False,True,True,True,datasets\sen12_mt_urbanmapping\multimodal_cd_dataset\L15-1289E-1169N_5156_3514_13\s1\s1_L15-1289E-1169N_5156_3514_13_2018_06.tif,datasets\sen12_mt_urbanmapping\multimodal_cd_dataset\L15-1289E-1169N_5156_3514_13\s2\s2_L15-1289E-1169N_5156_3514_13_2018_06.tif,datasets\sen12_mt_urbanmapping\multimodal_cd_dataset\L15-1289E-1169N_5156_3514_13\buildings\buildings_L15-1289E-1169N_5156_3514_13_2018_06.tif
L15-1289E-1169N_5156_3514_13,2018,7,2018_07,True,True,True,False,False,False,True,True,True,datasets\sen12_mt_urbanmapping\multimodal_cd_dataset\L15-1289E-1169N_5156_3514_13\s1\s1_L15-1289E-1169N_5156_3514_13_2018_07.tif,datasets\sen12_mt_urbanmapping\multimodal_cd_dataset\L15-1289E-1169N_5156_3514_13\s2\s2_L15-1289E-1169N_5156_3514_13_2018_07.tif,datasets\sen12_mt_urbanmapping\multimodal_cd_dataset\L15-1289E-1169N_5156_3514_13\buildings\buildings_L15-1289E-1169N_5156_3514_13_2018_07.tif
L15-1289E-1169N_5156_3514_13,2018,8,2018_08,True,True,True,False,False,False,True,True,True,datasets\sen12_mt_urbanmapping\multimodal_cd_dataset\L15-1289E-1169N_5156_3514_13\s1\s1_L15-1289E-1169N_5156_3514_13_2018_08.tif,datasets\sen12_mt_urbanmapping\multimodal_cd_dataset\L15-1289E-1169N_5156_3514_13\s2\s2_L15-1289E-1169N_5156_3514_13_2018_08.tif,datasets\sen12_mt_urbanmapping\multimodal_cd_dataset\L15-1289E-1169N_5156_3514_13\buildings\buildings_L15-1289E-1169N_5156_3514_13_2018_08.tif
L15-1289E-1169N_5156_3514_13,2018,9,2018_09,True,True,True,False,False,False,True,True,True,datasets\sen12_mt_urbanmapping\multimodal_cd_dataset\L15-1289E-1169N_5156_3514_13\s1\s1_L15-1289E-1169N_5156_3514_13_2018_09.tif,datasets\sen12_mt_urbanmapping\multimodal_cd_dataset\L15-1289E-1169N_5156_3514_13\s2\s2_L15-1289E-1169N_5156_3514_13_2018_09.tif,datasets\sen12_mt_urbanmapping\multimodal_cd_dataset\L15-1289E-1169N_5156_3514_13\buildings\buildings_L15-1289E-1169N_5156_3514_13_2018_09.tif
L15-1289E-1169N_5156_3514_13,2018,10,2018_10,True,True,True,False,False,False,True,True,True,datasets\sen12_mt_urbanmapping\multimodal_cd_dataset\L15-1289E-1169N_5156_3514_13\s1\s1_L15-1289E-1169N_5156_3514_13_2018_10.tif,datasets\sen12_mt_urbanmapping\multimodal_cd_dataset\L15-1289E-1169N_5156_3514_13\s2\s2_L15-1289E-1169N_5156_3514_13_2018_10.tif,datasets\sen12_mt_urbanmapping\multimodal_cd_dataset\L15-1289E-1169N_5156_3514_13\buildings\buildings_L15-1289E-1169N_5156_3514_13_2018_10.tif
L15-1289E-1169N_5156_3514_13,2018,11,2018_11,True,True,True,False,False,False,True,True,True,datasets\sen12_mt_urbanmapping\multimodal_cd_dataset\L15-1289E-1169N_5156_3514_13\s1\s1_L15-1289E-1169N_5156_3514_13_2018_11.tif,datasets\sen12_mt_urbanmapping\multimodal_cd_dataset\L15-1289E-1169N_5156_3514_13\s2\s2_L15-1289E-1169N_5156_3514_13_2018_11.tif,datasets\sen12_mt_urbanmapping\multimodal_cd_dataset\L15-1289E-1169N_5156_3514_13\buildings\buildings_L15-1289E-1169N_5156_3514_13_2018_11.tif
L15-1289E-1169N_5156_3514_13,2018,12,2018_12,True,True,True,False,False,False,True,True,True,datasets\sen12_mt_urbanmapping\multimodal_cd_dataset\L15-1289E-1169N_5156_3514_13\s1\s1_L15-1289E-1169N_5156_3514_13_2018_12.tif,datasets\sen12_mt_urbanmapping\multimodal_cd_dataset\L15-1289E-1169N_5156_3514_13\s2\s2_L15-1289E-1169N_5156_3514_13_2018_12.tif,datasets\sen12_mt_urbanmapping\multimodal_cd_dataset\L15-1289E-1169N_5156_3514_13\buildings\buildings_L15-1289E-1169N_5156_3514_13_2018_12.tif
L15-1289E-1169N_5156_3514_13,2019,1,2019_01,True,True,True,False,False,False,True,True,True,datasets\sen12_mt_urbanmapping\multimodal_cd_dataset\L15-1289E-1169N_5156_3514_13\s1\s1_L15-1289E-1169N_5156_3514_13_2019_01.tif,datasets\sen12_mt_urbanmapping\multimodal_cd_dataset\L15-1289E-1169N_5156_3514_13\s2\s2_L15-1289E-1169N_5156_3514_13_2019_01.tif,datasets\sen12_mt_urbanmapping\multimodal_cd_dataset\L15-1289E-1169N_5156_3514_13\buildings\buildings_L15-1289E-1169N_5156_3514_13_2019_01.tif
L15-1289E-1169N_5156_3514_13,2019,2,2019_02,True,True,True,False,False,False,True,True,True,datasets\sen12_mt_urbanmapping\multimodal_cd_dataset\L15-1289E-1169N_5156_3514_13\s1\s1_L15-1289E-1169N_5156_3514_13_2019_02.tif,datasets\sen12_mt_urbanmapping\multimodal_cd_dataset\L15-1289E-1169N_5156_3514_13\s2\s2_L15-1289E-1169N_5156_3514_13_2019_02.tif,datasets\sen12_mt_urbanmapping\multimodal_cd_dataset\L15-1289E-1169N_5156_3514_13\buildings\buildings_L15-1289E-1169N_5156_3514_13_2019_02.tif
L15-1289E-1169N_5156_3514_13,2019,3,2019_03,True,True,True,False,False,False,True,True,True,datasets\sen12_mt_urbanmapping\multimodal_cd_dataset\L15-1289E-1169N_5156_3514_13\s1\s1_L15-1289E-1169N_5156_3514_13_2019_03.tif,datasets\sen12_mt_urbanmapping\multimodal_cd_dataset\L15-1289E-1169N_5156_3514_13\s2\s2_L15-1289E-1169N_5156_3514_13_2019_03.tif,datasets\sen12_mt_urbanmapping\multimodal_cd_dataset\L15-1289E-1169N_5156_3514_13\buildings\buildings_L15-1289E-1169N_5156_3514_13_2019_03.tif
L15-1289E-1169N_5156_3514_13,2019,4,2019_04,True,True,True,False,False,False,True,True,True,datasets\sen12_mt_urbanmapping\multimodal_cd_dataset\L15-1289E-1169N_5156_3514_13\s1\s1_L15-1289E-1169N_5156_3514_13_2019_04.tif,datasets\sen12_mt_urbanmapping\multimodal_cd_dataset\L15-1289E-1169N_5156_3514_13\s2\s2_L15-1289E-1169N_5156_3514_13_2019_04.tif,datasets\sen12_mt_urbanmapping\multimodal_cd_dataset\L15-1289E-1169N_5156_3514_13\buildings\buildings_L15-1289E-1169N_5156_3514_13_2019_04.tif
L15-1289E-1169N_5156_3514_13,2019,5,2019_05,True,True,True,False,False,False,True,True,True,datasets\sen12_mt_urbanmapping\multimodal_cd_dataset\L15-1289E-1169N_5156_3514_13\s1\s1_L15-1289E-1169N_5156_3514_13_2019_05.tif,datasets\sen12_mt_urbanmapping\multimodal_cd_dataset\L15-1289E-1169N_5156_3514_13\s2\s2_L15-1289E-1169N_5156_3514_13_2019_05.tif,datasets\sen12_mt_urbanmapping\multimodal_cd_dataset\L15-1289E-1169N_5156_3514_13\buildings\buildings_L15-1289E-1169N_5156_3514_13_2019_05.tif
L15-1289E-1169N_5156_3514_13,2019,6,2019_06,True,True,True,False,False,False,True,True,True,datasets\sen12_mt_urbanmapping\multimodal_cd_dataset\L15-1289E-1169N_5156_3514_13\s1\s1_L15-1289E-1169N_5156_3514_13_2019_06.tif,datasets\sen12_mt_urbanmapping\multimodal_cd_dataset\L15-1289E-1169N_5156_3514_13\s2\s2_L15-1289E-1169N_5156_3514_13_2019_06.tif,datasets\sen12_mt_urbanmapping\multimodal_cd_dataset\L15-1289E-1169N_5156_3514_13\buildings\buildings_L15-1289E-1169N_5156_3514_13_2019_06.tif
L15-1289E-1169N_5156_3514_13,2019,7,2019_07,True,True,True,False,False,False,True,True,True,datasets\sen12_mt_urbanmapping\multimodal_cd_dataset\L15-1289E-1169N_5156_3514_13\s1\s1_L15-1289E-1169N_5156_3514_13_2019_07.tif,datasets\sen12_mt_urbanmapping\multimodal_cd_dataset\L15-1289E-1169N_5156_3514_13\s2\s2_L15-1289E-1169N_5156_3514_13_2019_07.tif,datasets\sen12_mt_urbanmapping\multimodal_cd_dataset\L15-1289E-1169N_5156_3514_13\buildings\buildings_L15-1289E-1169N_5156_3514_13_2019_07.tif
L15-1289E-1169N_5156_3514_13,2019,8,2019_08,True,True,True,False,False,False,True,True,True,datasets\sen12_mt_urbanmapping\multimodal_cd_dataset\L15-1289E-1169N_5156_3514_13\s1\s1_L15-1289E-1169N_5156_3514_13_2019_08.tif,datasets\sen12_mt_urbanmapping\multimodal_cd_dataset\L15-1289E-1169N_5156_3514_13\s2\s2_L15-1289E-1169N_5156_3514_13_2019_08.tif,datasets\sen12_mt_urbanmapping\multimodal_cd_dataset\L15-1289E-1169N_5156_3514_13\buildings\buildings_L15-1289E-1169N_5156_3514_13_2019_08.tif
L15-1289E-1169N_5156_3514_13,2019,9,2019_09,True,True,True,False,False,False,True,True,True,datasets\sen12_mt_urbanmapping\multimodal_cd_dataset\L15-1289E-1169N_5156_3514_13\s1\s1_L15-1289E-1169N_5156_3514_13_2019_09.tif,datasets\sen12_mt_urbanmapping\multimodal_cd_dataset\L15-1289E-1169N_5156_3514_13\s2\s2_L15-1289E-1169N_5156_3514_13_2019_09.tif,datasets\sen12_mt_urbanmapping\multimodal_cd_dataset\L15-1289E-1169N_5156_3514_13\buildings\buildings_L15-1289E-1169N_5156_3514_13_2019_09.tif
L15-1289E-1169N_5156_3514_13,2019,10,2019_10,True,True,True,False,False,False,True,True,True,datasets\sen12_mt_urbanmapping\multimodal_cd_dataset\L15-1289E-1169N_5156_3514_13\s1\s1_L15-1289E-1169N_5156_3514_13_2019_10.tif,datasets\sen12_mt_urbanmapping\multimodal_cd_dataset\L15-1289E-1169N_5156_3514_13\s2\s2_L15-1289E-1169N_5156_3514_13_2019_10.tif,datasets\sen12_mt_urbanmapping\multimodal_cd_dataset\L15-1289E-1169N_5156_3514_13\buildings\buildings_L15-1289E-1169N_5156_3514_13_2019_10.tif
L15-1289E-1169N_5156_3514_13,2019,11,2019_11,True,True,True,False,False,False,True,True,True,datasets\sen12_mt_urbanmapping\multimodal_cd_dataset\L15-1289E-1169N_5156_3514_13\s1\s1_L15-1289E-1169N_5156_3514_13_2019_11.tif,datasets\sen12_mt_urbanmapping\multimodal_cd_dataset\L15-1289E-1169N_5156_3514_13\s2\s2_L15-1289E-1169N_5156_3514_13_2019_11.tif,datasets\sen12_mt_urbanmapping\multimodal_cd_dataset\L15-1289E-1169N_5156_3514_13\buildings\buildings_L15-1289E-1169N_5156_3514_13_2019_11.tif
L15-1289E-1169N_5156_3514_13,2019,12,2019_12,True,True,True,False,False,False,True,True,True,datasets\sen12_mt_urbanmapping\multimodal_cd_dataset\L15-1289E-1169N_5156_3514_13\s1\s1_L15-1289E-1169N_5156_3514_13_2019_12.tif,datasets\sen12_mt_urbanmapping\multimodal_cd_dataset\L15-1289E-1169N_5156_3514_13\s2\s2_L15-1289E-1169N_5156_3514_13_2019_12.tif,datasets\sen12_mt_urbanmapping\multimodal_cd_dataset\L15-1289E-1169N_5156_3514_13\buildings\buildings_L15-1289E-1169N_5156_3514_13_2019_12.tif
L15-1289E-1169N_5156_3514_13,2020,1,2020_01,True,True,True,False,False,False,True,True,True,datasets\sen12_mt_urbanmapping\multimodal_cd_dataset\L15-1289E-1169N_5156_3514_13\s1\s1_L15-1289E-1169N_5156_3514_13_2020_01.tif,datasets\sen12_mt_urbanmapping\multimodal_cd_dataset\L15-1289E-1169N_5156_3514_13\s2\s2_L15-1289E-1169N_5156_3514_13_2020_01.tif,datasets\sen12_mt_urbanmapping\multimodal_cd_dataset\L15-1289E-1169N_5156_3514_13\buildings\buildings_L15-1289E-1169N_5156_3514_13_2020_01.tif
L15-1296E-1198N_5184_3399_13,2018,1,2018_01,True,True,True,False,False,False,True,True,True,datasets\sen12_mt_urbanmapping\multimodal_cd_dataset\L15-1296E-1198N_5184_3399_13\s1\s1_L15-1296E-1198N_5184_3399_13_2018_01.tif,datasets\sen12_mt_urbanmapping\multimodal_cd_dataset\L15-1296E-1198N_5184_3399_13\s2\s2_L15-1296E-1198N_5184_3399_13_2018_01.tif,datasets\sen12_mt_urbanmapping\multimodal_cd_dataset\L15-1296E-1198N_5184_3399_13\buildings\buildings_L15-1296E-1198N_5184_3399_13_2018_01.tif
L15-1296E-1198N_5184_3399_13,2018,2,2018_02,True,True,True,False,False,False,True,True,True,datasets\sen12_mt_urbanmapping\multimodal_cd_dataset\L15-1296E-1198N_5184_3399_13\s1\s1_L15-1296E-1198N_5184_3399_13_2018_02.tif,datasets\sen12_mt_urbanmapping\multimodal_cd_dataset\L15-1296E-1198N_5184_3399_13\s2\s2_L15-1296E-1198N_5184_3399_13_2018_02.tif,datasets\sen12_mt_urbanmapping\multimodal_cd_dataset\L15-1296E-1198N_5184_3399_13\buildings\buildings_L15-1296E-1198N_5184_3399_13_2018_02.tif
L15-1296E-1198N_5184_3399_13,2018,3,2018_03,True,True,True,False,False,False,True,True,True,datasets\sen12_mt_urbanmapping\multimodal_cd_dataset\L15-1296E-1198N_5184_3399_13\s1\s1_L15-1296E-1198N_5184_3399_13_2018_03.tif,datasets\sen12_mt_urbanmapping\multimodal_cd_dataset\L15-1296E-1198N_5184_3399_13\s2\s2_L15-1296E-1198N_5184_3399_13_2018_03.tif,datasets\sen12_mt_urbanmapping\multimodal_cd_dataset\L15-1296E-1198N_5184_3399_13\buildings\buildings_L15-1296E-1198N_5184_3399_13_2018_03.tif
L15-1296E-1198N_5184_3399_13,2018,4,2018_04,True,True,True,False,False,False,True,True,True,datasets\sen12_mt_urbanmapping\multimodal_cd_dataset\L15-1296E-1198N_5184_3399_13\s1\s1_L15-1296E-1198N_5184_3399_13_2018_04.tif,datasets\sen12_mt_urbanmapping\multimodal_cd_dataset\L15-1296E-1198N_5184_3399_13\s2\s2_L15-1296E-1198N_5184_3399_13_2018_04.tif,datasets\sen12_mt_urbanmapping\multimodal_cd_dataset\L15-1296E-1198N_5184_3399_13\buildings\buildings_L15-1296E-1198N_5184_3399_13_2018_04.tif
L15-1296E-1198N_5184_3399_13,2018,5,2018_05,True,True,True,False,False,False,True,True,True,datasets\sen12_mt_urbanmapping\multimodal_cd_dataset\L15-1296E-1198N_5184_3399_13\s1\s1_L15-1296E-1198N_5184_3399_13_2018_05.tif,datasets\sen12_mt_urbanmapping\multimodal_cd_dataset\L15-1296E-1198N_5184_3399_13\s2\s2_L15-1296E-1198N_5184_3399_13_2018_05.tif,datasets\sen12_mt_urbanmapping\multimodal_cd_dataset\L15-1296E-1198N_5184_3399_13\buildings\buildings_L15-1296E-1198N_5184_3399_13_2018_05.tif
L15-1296E-1198N_5184_3399_13,2018,6,2018_06,True,True,True,False,False,False,True,True,True,datasets\sen12_mt_urbanmapping\multimodal_cd_dataset\L15-1296E-1198N_5184_3399_13\s1\s1_L15-1296E-1198N_5184_3399_13_2018_06.tif,datasets\sen12_mt_urbanmapping\multimodal_cd_dataset\L15-1296E-1198N_5184_3399_13\s2\s2_L15-1296E-1198N_5184_3399_13_2018_06.tif,datasets\sen12_mt_urbanmapping\multimodal_cd_dataset\L15-1296E-1198N_5184_3399_13\buildings\buildings_L15-1296E-1198N_5184_3399_13_2018_06.tif
L15-1296E-1198N_5184_3399_13,2018,7,2018_07,True,True,True,False,False,False,True,True,True,datasets\sen12_mt_urbanmapping\multimodal_cd_dataset\L15-1296E-1198N_5184_3399_13\s1\s1_L15-1296E-1198N_5184_3399_13_2018_07.tif,datasets\sen12_mt_urbanmapping\multimodal_cd_dataset\L15-1296E-1198N_5184_3399_13\s2\s2_L15-1296E-1198N_5184_3399_13_2018_07.tif,datasets\sen12_mt_urbanmapping\multimodal_cd_dataset\L15-1296E-1198N_5184_3399_13\buildings\buildings_L15-1296E-1198N_5184_3399_13_2018_07.tif
L15-1296E-1198N_5184_3399_13,2018,8,2018_08,True,True,True,False,False,False,True,True,True,datasets\sen12_mt_urbanmapping\multimodal_cd_dataset\L15-1296E-1198N_5184_3399_13\s1\s1_L15-1296E-1198N_5184_3399_13_2018_08.tif,datasets\sen12_mt_urbanmapping\multimodal_cd_dataset\L15-1296E-1198N_5184_3399_13\s2\s2_L15-1296E-1198N_5184_3399_13_2018_08.tif,datasets\sen12_mt_urbanmapping\multimodal_cd_dataset\L15-1296E-1198N_5184_3399_13\buildings\buildings_L15-1296E-1198N_5184_3399_13_2018_08.tif
L15-1296E-1198N_5184_3399_13,2018,9,2018_09,True,True,True,False,False,False,True,True,True,datasets\sen12_mt_urbanmapping\multimodal_cd_dataset\L15-1296E-1198N_5184_3399_13\s1\s1_L15-1296E-1198N_5184_3399_13_2018_09.tif,datasets\sen12_mt_urbanmapping\multimodal_cd_dataset\L15-1296E-1198N_5184_3399_13\s2\s2_L15-1296E-1198N_5184_3399_13_2018_09.tif,datasets\sen12_mt_urbanmapping\multimodal_cd_dataset\L15-1296E-1198N_5184_3399_13\buildings\buildings_L15-1296E-1198N_5184_3399_13_2018_09.tif
L15-1296E-1198N_5184_3399_13,2018,10,2018_10,True,True,True,False,False,False,True,True,True,datasets\sen12_mt_urbanmapping\multimodal_cd_dataset\L15-1296E-1198N_5184_3399_13\s1\s1_L15-1296E-1198N_5184_3399_13_2018_10.tif,datasets\sen12_mt_urbanmapping\multimodal_cd_dataset\L15-1296E-1198N_5184_3399_13\s2\s2_L15-1296E-1198N_5184_3399_13_2018_10.tif,datasets\sen12_mt_urbanmapping\multimodal_cd_dataset\L15-1296E-1198N_5184_3399_13\buildings\buildings_L15-1296E-1198N_5184_3399_13_2018_10.tif
L15-1296E-1198N_5184_3399_13,2018,11,2018_11,True,True,True,False,False,False,True,True,True,datasets\sen12_mt_urbanmapping\multimodal_cd_dataset\L15-1296E-1198N_5184_3399_13\s1\s1_L15-1296E-1198N_5184_3399_13_2018_11.tif,datasets\sen12_mt_urbanmapping\multimodal_cd_dataset\L15-1296E-1198N_5184_3399_13\s2\s2_L15-1296E-1198N_5184_3399_13_2018_11.tif,datasets\sen12_mt_urbanmapping\multimodal_cd_dataset\L15-1296E-1198N_5184_3399_13\buildings\buildings_L15-1296E-1198N_5184_3399_13_2018_11.tif
L15-1296E-1198N_5184_3399_13,2018,12,2018_12,True,True,True,False,False,False,True,True,True,datasets\sen12_mt_urbanmapping\multimodal_cd_dataset\L15-1296E-1198N_5184_3399_13\s1\s1_L15-1296E-1198N_5184_3399_13_2018_12.tif,datasets\sen12_mt_urbanmapping\multimodal_cd_dataset\L15-1296E-1198N_5184_3399_13\s2\s2_L15-1296E-1198N_5184_3399_13_2018_12.tif,datasets\sen12_mt_urbanmapping\multimodal_cd_dataset\L15-1296E-1198N_5184_3399_13\buildings\buildings_L15-1296E-1198N_5184_3399_13_2018_12.tif
L15-1296E-1198N_5184_3399_13,2019,1,2019_01,True,True,True,False,False,False,True,True,True,datasets\sen12_mt_urbanmapping\multimodal_cd_dataset\L15-1296E-1198N_5184_3399_13\s1\s1_L15-1296E-1198N_5184_3399_13_2019_01.tif,datasets\sen12_mt_urbanmapping\multimodal_cd_dataset\L15-1296E-1198N_5184_3399_13\s2\s2_L15-1296E-1198N_5184_3399_13_2019_01.tif,datasets\sen12_mt_urbanmapping\multimodal_cd_dataset\L15-1296E-1198N_5184_3399_13\buildings\buildings_L15-1296E-1198N_5184_3399_13_2019_01.tif
L15-1296E-1198N_5184_3399_13,2019,2,2019_02,True,True,True,False,False,False,True,True,True,datasets\sen12_mt_urbanmapping\multimodal_cd_dataset\L15-1296E-1198N_5184_3399_13\s1\s1_L15-1296E-1198N_5184_3399_13_2019_02.tif,datasets\sen12_mt_urbanmapping\multimodal_cd_dataset\L15-1296E-1198N_5184_3399_13\s2\s2_L15-1296E-1198N_5184_3399_13_2019_02.tif,datasets\sen12_mt_urbanmapping\multimodal_cd_dataset\L15-1296E-1198N_5184_3399_13\buildings\buildings_L15-1296E-1198N_5184_3399_13_2019_02.tif
L15-1296E-1198N_5184_3399_13,2019,3,2019_03,True,True,True,False,False,False,True,True,True,datasets\sen12_mt_urbanmapping\multimodal_cd_dataset\L15-1296E-1198N_5184_3399_13\s1\s1_L15-1296E-1198N_5184_3399_13_2019_03.tif,datasets\sen12_mt_urbanmapping\multimodal_cd_dataset\L15-1296E-1198N_5184_3399_13\s2\s2_L15-1296E-1198N_5184_3399_13_2019_03.tif,datasets\sen12_mt_urbanmapping\multimodal_cd_dataset\L15-1296E-1198N_5184_3399_13\buildings\buildings_L15-1296E-1198N_5184_3399_13_2019_03.tif
L15-1296E-1198N_5184_3399_13,2019,4,2019_04,True,True,True,False,False,False,True,True,True,datasets\sen12_mt_urbanmapping\multimodal_cd_dataset\L15-1296E-1198N_5184_3399_13\s1\s1_L15-1296E-1198N_5184_3399_13_2019_04.tif,datasets\sen12_mt_urbanmapping\multimodal_cd_dataset\L15-1296E-1198N_5184_3399_13\s2\s2_L15-1296E-1198N_5184_3399_13_2019_04.tif,datasets\sen12_mt_urbanmapping\multimodal_cd_dataset\L15-1296E-1198N_5184_3399_13\buildings\buildings_L15-1296E-1198N_5184_3399_13_2019_04.tif
L15-1296E-1198N_5184_3399_13,2019,5,2019_05,True,True,True,False,False,False,True,True,True,datasets\sen12_mt_urbanmapping\multimodal_cd_dataset\L15-1296E-1198N_5184_3399_13\s1\s1_L15-1296E-1198N_5184_3399_13_2019_05.tif,datasets\sen12_mt_urbanmapping\multimodal_cd_dataset\L15-1296E-1198N_5184_3399_13\s2\s2_L15-1296E-1198N_5184_3399_13_2019_05.tif,datasets\sen12_mt_urbanmapping\multimodal_cd_dataset\L15-1296E-1198N_5184_3399_13\buildings\buildings_L15-1296E-1198N_5184_3399_13_2019_05.tif
L15-1296E-1198N_5184_3399_13,2019,6,2019_06,True,True,True,False,False,False,True,True,True,datasets\sen12_mt_urbanmapping\multimodal_cd_dataset\L15-1296E-1198N_5184_3399_13\s1\s1_L15-1296E-1198N_5184_3399_13_2019_06.tif,datasets\sen12_mt_urbanmapping\multimodal_cd_dataset\L15-1296E-1198N_5184_3399_13\s2\s2_L15-1296E-1198N_5184_3399_13_2019_06.tif,datasets\sen12_mt_urbanmapping\multimodal_cd_dataset\L15-1296E-1198N_5184_3399_13\buildings\buildings_L15-1296E-1198N_5184_3399_13_2019_06.tif
L15-1296E-1198N_5184_3399_13,2019,7,2019_07,True,True,True,False,False,False,True,True,True,datasets\sen12_mt_urbanmapping\multimodal_cd_dataset\L15-1296E-1198N_5184_3399_13\s1\s1_L15-1296E-1198N_5184_3399_13_2019_07.tif,datasets\sen12_mt_urbanmapping\multimodal_cd_dataset\L15-1296E-1198N_5184_3399_13\s2\s2_L15-1296E-1198N_5184_3399_13_2019_07.tif,datasets\sen12_mt_urbanmapping\multimodal_cd_dataset\L15-1296E-1198N_5184_3399_13\buildings\buildings_L15-1296E-1198N_5184_3399_13_2019_07.tif
L15-1296E-1198N_5184_3399_13,2019,8,2019_08,True,True,True,False,False,False,True,True,True,datasets\sen12_mt_urbanmapping\multimodal_cd_dataset\L15-1296E-1198N_5184_3399_13\s1\s1_L15-1296E-1198N_5184_3399_13_2019_08.tif,datasets\sen12_mt_urbanmapping\multimodal_cd_dataset\L15-1296E-1198N_5184_3399_13\s2\s2_L15-1296E-1198N_5184_3399_13_2019_08.tif,datasets\sen12_mt_urbanmapping\multimodal_cd_dataset\L15-1296E-1198N_5184_3399_13\buildings\buildings_L15-1296E-1198N_5184_3399_13_2019_08.tif
L15-1296E-1198N_5184_3399_13,2019,9,2019_09,True,True,True,False,False,False,True,True,True,datasets\sen12_mt_urbanmapping\multimodal_cd_dataset\L15-1296E-1198N_5184_3399_13\s1\s1_L15-1296E-1198N_5184_3399_13_2019_09.tif,datasets\sen12_mt_urbanmapping\multimodal_cd_dataset\L15-1296E-1198N_5184_3399_13\s2\s2_L15-1296E-1198N_5184_3399_13_2019_09.tif,datasets\sen12_mt_urbanmapping\multimodal_cd_dataset\L15-1296E-1198N_5184_3399_13\buildings\buildings_L15-1296E-1198N_5184_3399_13_2019_09.tif
L15-1296E-1198N_5184_3399_13,2019,10,2019_10,True,True,True,False,False,False,True,True,True,datasets\sen12_mt_urbanmapping\multimodal_cd_dataset\L15-1296E-1198N_5184_3399_13\s1\s1_L15-1296E-1198N_5184_3399_13_2019_10.tif,datasets\sen12_mt_urbanmapping\multimodal_cd_dataset\L15-1296E-1198N_5184_3399_13\s2\s2_L15-1296E-1198N_5184_3399_13_2019_10.tif,datasets\sen12_mt_urbanmapping\multimodal_cd_dataset\L15-1296E-1198N_5184_3399_13\buildings\buildings_L15-1296E-1198N_5184_3399_13_2019_10.tif
L15-1296E-1198N_5184_3399_13,2019,11,2019_11,True,True,True,False,False,False,True,True,True,datasets\sen12_mt_urbanmapping\multimodal_cd_dataset\L15-1296E-1198N_5184_3399_13\s1\s1_L15-1296E-1198N_5184_3399_13_2019_11.tif,datasets\sen12_mt_urbanmapping\multimodal_cd_dataset\L15-1296E-1198N_5184_3399_13\s2\s2_L15-1296E-1198N_5184_3399_13_2019_11.tif,datasets\sen12_mt_urbanmapping\multimodal_cd_dataset\L15-1296E-1198N_5184_3399_13\buildings\buildings_L15-1296E-1198N_5184_3399_13_2019_11.tif
L15-1296E-1198N_5184_3399_13,2019,12,2019_12,True,True,True,False,False,False,True,True,True,datasets\sen12_mt_urbanmapping\multimodal_cd_dataset\L15-1296E-1198N_5184_3399_13\s1\s1_L15-1296E-1198N_5184_3399_13_2019_12.tif,datasets\sen12_mt_urbanmapping\multimodal_cd_dataset\L15-1296E-1198N_5184_3399_13\s2\s2_L15-1296E-1198N_5184_3399_13_2019_12.tif,datasets\sen12_mt_urbanmapping\multimodal_cd_dataset\L15-1296E-1198N_5184_3399_13\buildings\buildings_L15-1296E-1198N_5184_3399_13_2019_12.tif
L15-1296E-1198N_5184_3399_13,2020,1,2020_01,True,True,True,False,False,False,True,True,True,datasets\sen12_mt_urbanmapping\multimodal_cd_dataset\L15-1296E-1198N_5184_3399_13\s1\s1_L15-1296E-1198N_5184_3399_13_2020_01.tif,datasets\sen12_mt_urbanmapping\multimodal_cd_dataset\L15-1296E-1198N_5184_3399_13\s2\s2_L15-1296E-1198N_5184_3399_13_2020_01.tif,datasets\sen12_mt_urbanmapping\multimodal_cd_dataset\L15-1296E-1198N_5184_3399_13\buildings\buildings_L15-1296E-1198N_5184_3399_13_2020_01.tif
L15-1298E-1322N_5193_2903_13,2018,1,2018_01,True,False,True,True,False,True,True,True,True,datasets\sen12_mt_urbanmapping\multimodal_cd_dataset\L15-1298E-1322N_5193_2903_13\s1\s1_L15-1298E-1322N_5193_2903_13_2018_01.tif,datasets\sen12_mt_urbanmapping\multimodal_cd_dataset\L15-1298E-1322N_5193_2903_13\s2\s2_L15-1298E-1322N_5193_2903_13_2018_01.tif,datasets\sen12_mt_urbanmapping\multimodal_cd_dataset\L15-1298E-1322N_5193_2903_13\buildings\buildings_L15-1298E-1322N_5193_2903_13_2018_01.tif
L15-1298E-1322N_5193_2903_13,2018,2,2018_02,True,False,True,False,False,True,True,True,True,datasets\sen12_mt_urbanmapping\multimodal_cd_dataset\L15-1298E-1322N_5193_2903_13\s1\s1_L15-1298E-1322N_5193_2903_13_2018_02.tif,datasets\sen12_mt_urbanmapping\multimodal_cd_dataset\L15-1298E-1322N_5193_2903_13\s2\s2_L15-1298E-1322N_5193_2903_13_2018_02.tif,datasets\sen12_mt_urbanmapping\multimodal_cd_dataset\L15-1298E-1322N_5193_2903_13\buildings\buildings_L15-1298E-1322N_5193_2903_13_2018_02.tif
L15-1298E-1322N_5193_2903_13,2018,3,2018_03,True,True,True,False,False,False,True,True,True,datasets\sen12_mt_urbanmapping\multimodal_cd_dataset\L15-1298E-1322N_5193_2903_13\s1\s1_L15-1298E-1322N_5193_2903_13_2018_03.tif,datasets\sen12_mt_urbanmapping\multimodal_cd_dataset\L15-1298E-1322N_5193_2903_13\s2\s2_L15-1298E-1322N_5193_2903_13_2018_03.tif,datasets\sen12_mt_urbanmapping\multimodal_cd_dataset\L15-1298E-1322N_5193_2903_13\buildings\buildings_L15-1298E-1322N_5193_2903_13_2018_03.tif
L15-1298E-1322N_5193_2903_13,2018,4,2018_04,True,True,True,True,False,False,True,True,True,datasets\sen12_mt_urbanmapping\multimodal_cd_dataset\L15-1298E-1322N_5193_2903_13\s1\s1_L15-1298E-1322N_5193_2903_13_2018_04.tif,datasets\sen12_mt_urbanmapping\multimodal_cd_dataset\L15-1298E-1322N_5193_2903_13\s2\s2_L15-1298E-1322N_5193_2903_13_2018_04.tif,datasets\sen12_mt_urbanmapping\multimodal_cd_dataset\L15-1298E-1322N_5193_2903_13\buildings\buildings_L15-1298E-1322N_5193_2903_13_2018_04.tif
L15-1298E-1322N_5193_2903_13,2018,5,2018_05,True,True,True,False,False,False,True,True,True,datasets\sen12_mt_urbanmapping\multimodal_cd_dataset\L15-1298E-1322N_5193_2903_13\s1\s1_L15-1298E-1322N_5193_2903_13_2018_05.tif,datasets\sen12_mt_urbanmapping\multimodal_cd_dataset\L15-1298E-1322N_5193_2903_13\s2\s2_L15-1298E-1322N_5193_2903_13_2018_05.tif,datasets\sen12_mt_urbanmapping\multimodal_cd_dataset\L15-1298E-1322N_5193_2903_13\buildings\buildings_L15-1298E-1322N_5193_2903_13_2018_05.tif
L15-1298E-1322N_5193_2903_13,2018,6,2018_06,True,True,True,False,False,False,True,True,True,datasets\sen12_mt_urbanmapping\multimodal_cd_dataset\L15-1298E-1322N_5193_2903_13\s1\s1_L15-1298E-1322N_5193_2903_13_2018_06.tif,datasets\sen12_mt_urbanmapping\multimodal_cd_dataset\L15-1298E-1322N_5193_2903_13\s2\s2_L15-1298E-1322N_5193_2903_13_2018_06.tif,datasets\sen12_mt_urbanmapping\multimodal_cd_dataset\L15-1298E-1322N_5193_2903_13\buildings\buildings_L15-1298E-1322N_5193_2903_13_2018_06.tif
L15-1298E-1322N_5193_2903_13,2018,7,2018_07,True,True,True,False,False,False,True,True,True,datasets\sen12_mt_urbanmapping\multimodal_cd_dataset\L15-1298E-1322N_5193_2903_13\s1\s1_L15-1298E-1322N_5193_2903_13_2018_07.tif,datasets\sen12_mt_urbanmapping\multimodal_cd_dataset\L15-1298E-1322N_5193_2903_13\s2\s2_L15-1298E-1322N_5193_2903_13_2018_07.tif,datasets\sen12_mt_urbanmapping\multimodal_cd_dataset\L15-1298E-1322N_5193_2903_13\buildings\buildings_L15-1298E-1322N_5193_2903_13_2018_07.tif
L15-1298E-1322N_5193_2903_13,2018,8,2018_08,True,True,True,False,False,False,True,True,True,datasets\sen12_mt_urbanmapping\multimodal_cd_dataset\L15-1298E-1322N_5193_2903_13\s1\s1_L15-1298E-1322N_5193_2903_13_2018_08.tif,datasets\sen12_mt_urbanmapping\multimodal_cd_dataset\L15-1298E-1322N_5193_2903_13\s2\s2_L15-1298E-1322N_5193_2903_13_2018_08.tif,datasets\sen12_mt_urbanmapping\multimodal_cd_dataset\L15-1298E-1322N_5193_2903_13\buildings\buildings_L15-1298E-1322N_5193_2903_13_2018_08.tif
L15-1298E-1322N_5193_2903_13,2018,9,2018_09,True,True,True,False,False,False,True,True,True,datasets\sen12_mt_urbanmapping\multimodal_cd_dataset\L15-1298E-1322N_5193_2903_13\s1\s1_L15-1298E-1322N_5193_2903_13_2018_09.tif,datasets\sen12_mt_urbanmapping\multimodal_cd_dataset\L15-1298E-1322N_5193_2903_13\s2\s2_L15-1298E-1322N_5193_2903_13_2018_09.tif,datasets\sen12_mt_urbanmapping\multimodal_cd_dataset\L15-1298E-1322N_5193_2903_13\buildings\buildings_L15-1298E-1322N_5193_2903_13_2018_09.tif
L15-1298E-1322N_5193_2903_13,2018,10,2018_10,True,True,True,False,False,False,True,True,True,datasets\sen12_mt_urbanmapping\multimodal_cd_dataset\L15-1298E-1322N_5193_2903_13\s1\s1_L15-1298E-1322N_5193_2903_13_2018_10.tif,datasets\sen12_mt_urbanmapping\multimodal_cd_dataset\L15-1298E-1322N_5193_2903_13\s2\s2_L15-1298E-1322N_5193_2903_13_2018_10.tif,datasets\sen12_mt_urbanmapping\multimodal_cd_dataset\L15-1298E-1322N_5193_2903_13\buildings\buildings_L15-1298E-1322N_5193_2903_13_2018_10.tif
L15-1298E-1322N_5193_2903_13,2018,11,2018_11,True,True,True,False,False,False,True,True,True,datasets\sen12_mt_urbanmapping\multimodal_cd_dataset\L15-1298E-1322N_5193_2903_13\s1\s1_L15-1298E-1322N_5193_2903_13_2018_11.tif,datasets\sen12_mt_urbanmapping\multimodal_cd_dataset\L15-1298E-1322N_5193_2903_13\s2\s2_L15-1298E-1322N_5193_2903_13_2018_11.tif,datasets\sen12_mt_urbanmapping\multimodal_cd_dataset\L15-1298E-1322N_5193_2903_13\buildings\buildings_L15-1298E-1322N_5193_2903_13_2018_11.tif
L15-1298E-1322N_5193_2903_13,2019,1,2019_01,True,False,True,True,False,True,True,True,True,datasets\sen12_mt_urbanmapping\multimodal_cd_dataset\L15-1298E-1322N_5193_2903_13\s1\s1_L15-1298E-1322N_5193_2903_13_2019_01.tif,datasets\sen12_mt_urbanmapping\multimodal_cd_dataset\L15-1298E-1322N_5193_2903_13\s2\s2_L15-1298E-1322N_5193_2903_13_2019_01.tif,datasets\sen12_mt_urbanmapping\multimodal_cd_dataset\L15-1298E-1322N_5193_2903_13\buildings\buildings_L15-1298E-1322N_5193_2903_13_2019_01.tif
L15-1298E-1322N_5193_2903_13,2019,2,2019_02,True,True,True,True,False,False,True,True,True,datasets\sen12_mt_urbanmapping\multimodal_cd_dataset\L15-1298E-1322N_5193_2903_13\s1\s1_L15-1298E-1322N_5193_2903_13_2019_02.tif,datasets\sen12_mt_urbanmapping\multimodal_cd_dataset\L15-1298E-1322N_5193_2903_13\s2\s2_L15-1298E-1322N_5193_2903_13_2019_02.tif,datasets\sen12_mt_urbanmapping\multimodal_cd_dataset\L15-1298E-1322N_5193_2903_13\buildings\buildings_L15-1298E-1322N_5193_2903_13_2019_02.tif
L15-1298E-1322N_5193_2903_13,2019,3,2019_03,True,True,True,False,False,False,True,True,True,datasets\sen12_mt_urbanmapping\multimodal_cd_dataset\L15-1298E-1322N_5193_2903_13\s1\s1_L15-1298E-1322N_5193_2903_13_2019_03.tif,datasets\sen12_mt_urbanmapping\multimodal_cd_dataset\L15-1298E-1322N_5193_2903_13\s2\s2_L15-1298E-1322N_5193_2903_13_2019_03.tif,datasets\sen12_mt_urbanmapping\multimodal_cd_dataset\L15-1298E-1322N_5193_2903_13\buildings\buildings_L15-1298E-1322N_5193_2903_13_2019_03.tif
L15-1298E-1322N_5193_2903_13,2019,4,2019_04,True,True,True,False,False,False,True,True,True,datasets\sen12_mt_urbanmapping\multimodal_cd_dataset\L15-1298E-1322N_5193_2903_13\s1\s1_L15-1298E-1322N_5193_2903_13_2019_04.tif,datasets\sen12_mt_urbanmapping\multimodal_cd_dataset\L15-1298E-1322N_5193_2903_13\s2\s2_L15-1298E-1322N_5193_2903_13_2019_04.tif,datasets\sen12_mt_urbanmapping\multimodal_cd_dataset\L15-1298E-1322N_5193_2903_13\buildings\buildings_L15-1298E-1322N_5193_2903_13_2019_04.tif
L15-1298E-1322N_5193_2903_13,2019,5,2019_05,True,True,True,False,False,False,True,True,True,datasets\sen12_mt_urbanmapping\multimodal_cd_dataset\L15-1298E-1322N_5193_2903_13\s1\s1_L15-1298E-1322N_5193_2903_13_2019_05.tif,datasets\sen12_mt_urbanmapping\multimodal_cd_dataset\L15-1298E-1322N_5193_2903_13\s2\s2_L15-1298E-1322N_5193_2903_13_2019_05.tif,datasets\sen12_mt_urbanmapping\multimodal_cd_dataset\L15-1298E-1322N_5193_2903_13\buildings\buildings_L15-1298E-1322N_5193_2903_13_2019_05.tif
L15-1298E-1322N_5193_2903_13,2019,6,2019_06,True,True,True,False,False,False,True,True,True,datasets\sen12_mt_urbanmapping\multimodal_cd_dataset\L15-1298E-1322N_5193_2903_13\s1\s1_L15-1298E-1322N_5193_2903_13_2019_06.tif,datasets\sen12_mt_urbanmapping\multimodal_cd_dataset\L15-1298E-1322N_5193_2903_13\s2\s2_L15-1298E-1322N_5193_2903_13_2019_06.tif,datasets\sen12_mt_urbanmapping\multimodal_cd_dataset\L15-1298E-1322N_5193_2903_13\buildings\buildings_L15-1298E-1322N_5193_2903_13_2019_06.tif
L15-1298E-1322N_5193_2903_13,2019,7,2019_07,True,True,True,False,False,False,True,True,True,datasets\sen12_mt_urbanmapping\multimodal_cd_dataset\L15-1298E-1322N_5193_2903_13\s1\s1_L15-1298E-1322N_5193_2903_13_2019_07.tif,datasets\sen12_mt_urbanmapping\multimodal_cd_dataset\L15-1298E-1322N_5193_2903_13\s2\s2_L15-1298E-1322N_5193_2903_13_2019_07.tif,datasets\sen12_mt_urbanmapping\multimodal_cd_dataset\L15-1298E-1322N_5193_2903_13\buildings\buildings_L15-1298E-1322N_5193_2903_13_2019_07.tif
L15-1298E-1322N_5193_2903_13,2019,8,2019_08,True,True,True,False,False,False,True,True,True,datasets\sen12_mt_urbanmapping\multimodal_cd_dataset\L15-1298E-1322N_5193_2903_13\s1\s1_L15-1298E-1322N_5193_2903_13_2019_08.tif,datasets\sen12_mt_urbanmapping\multimodal_cd_dataset\L15-1298E-1322N_5193_2903_13\s2\s2_L15-1298E-1322N_5193_2903_13_2019_08.tif,datasets\sen12_mt_urbanmapping\multimodal_cd_dataset\L15-1298E-1322N_5193_2903_13\buildings\buildings_L15-1298E-1322N_5193_2903_13_2019_08.tif
L15-1298E-1322N_5193_2903_13,2019,9,2019_09,True,True,True,False,False,False,True,True,True,datasets\sen12_mt_urbanmapping\multimodal_cd_dataset\L15-1298E-1322N_5193_2903_13\s1\s1_L15-1298E-1322N_5193_2903_13_2019_09.tif,datasets\sen12_mt_urbanmapping\multimodal_cd_dataset\L15-1298E-1322N_5193_2903_13\s2\s2_L15-1298E-1322N_5193_2903_13_2019_09.tif,datasets\sen12_mt_urbanmapping\multimodal_cd_dataset\L15-1298E-1322N_5193_2903_13\buildings\buildings_L15-1298E-1322N_5193_2903_13_2019_09.tif
L15-1298E-1322N_5193_2903_13,2019,10,2019_10,True,True,True,False,False,False,True,True,True,datasets\sen12_mt_urbanmapping\multimodal_cd_dataset\L15-1298E-1322N_5193_2903_13\s1\s1_L15-1298E-1322N_5193_2903_13_2019_10.tif,datasets\sen12_mt_urbanmapping\multimodal_cd_dataset\L15-1298E-1322N_5193_2903_13\s2\s2_L15-1298E-1322N_5193_2903_13_2019_10.tif,datasets\sen12_mt_urbanmapping\multimodal_cd_dataset\L15-1298E-1322N_5193_2903_13\buildings\buildings_L15-1298E-1322N_5193_2903_13_2019_10.tif
L15-1298E-1322N_5193_2903_13,2019,11,2019_11,True,True,True,False,False,False,True,True,True,datasets\sen12_mt_urbanmapping\multimodal_cd_dataset\L15-1298E-1322N_5193_2903_13\s1\s1_L15-1298E-1322N_5193_2903_13_2019_11.tif,datasets\sen12_mt_urbanmapping\multimodal_cd_dataset\L15-1298E-1322N_5193_2903_13\s2\s2_L15-1298E-1322N_5193_2903_13_2019_11.tif,datasets\sen12_mt_urbanmapping\multimodal_cd_dataset\L15-1298E-1322N_5193_2903_13\buildings\buildings_L15-1298E-1322N_5193_2903_13_2019_11.tif
L15-1298E-1322N_5193_2903_13,2019,12,2019_12,True,True,True,False,False,False,True,True,True,datasets\sen12_mt_urbanmapping\multimodal_cd_dataset\L15-1298E-1322N_5193_2903_13\s1\s1_L15-1298E-1322N_5193_2903_13_2019_12.tif,datasets\sen12_mt_urbanmapping\multimodal_cd_dataset\L15-1298E-1322N_5193_2903_13\s2\s2_L15-1298E-1322N_5193_2903_13_2019_12.tif,datasets\sen12_mt_urbanmapping\multimodal_cd_dataset\L15-1298E-1322N_5193_2903_13\buildings\buildings_L15-1298E-1322N_5193_2903_13_2019_12.tif
L15-1298E-1322N_5193_2903_13,2020,1,2020_01,True,True,True,False,False,False,True,True,True,datasets\sen12_mt_urbanmapping\multimodal_cd_dataset\L15-1298E-1322N_5193_2903_13\s1\s1_L15-1298E-1322N_5193_2903_13_2020_01.tif,datasets\sen12_mt_urbanmapping\multimodal_cd_dataset\L15-1298E-1322N_5193_2903_13\s2\s2_L15-1298E-1322N_5193_2903_13_2020_01.tif,datasets\sen12_mt_urbanmapping\multimodal_cd_dataset\L15-1298E-1322N_5193_2903_13\buildings\buildings_L15-1298E-1322N_5193_2903_13_2020_01.tif
L15-1335E-1166N_5342_3524_13,2018,1,2018_01,True,True,True,False,False,False,True,True,True,datasets\sen12_mt_urbanmapping\multimodal_cd_dataset\L15-1335E-1166N_5342_3524_13\s1\s1_L15-1335E-1166N_5342_3524_13_2018_01.tif,datasets\sen12_mt_urbanmapping\multimodal_cd_dataset\L15-1335E-1166N_5342_3524_13\s2\s2_L15-1335E-1166N_5342_3524_13_2018_01.tif,datasets\sen12_mt_urbanmapping\multimodal_cd_dataset\L15-1335E-1166N_5342_3524_13\buildings\buildings_L15-1335E-1166N_5342_3524_13_2018_01.tif
L15-1335E-1166N_5342_3524_13,2018,2,2018_02,True,True,True,False,False,False,True,True,True,datasets\sen12_mt_urbanmapping\multimodal_cd_dataset\L15-1335E-1166N_5342_3524_13\s1\s1_L15-1335E-1166N_5342_3524_13_2018_02.tif,datasets\sen12_mt_urbanmapping\multimodal_cd_dataset\L15-1335E-1166N_5342_3524_13\s2\s2_L15-1335E-1166N_5342_3524_13_2018_02.tif,datasets\sen12_mt_urbanmapping\multimodal_cd_dataset\L15-1335E-1166N_5342_3524_13\buildings\buildings_L15-1335E-1166N_5342_3524_13_2018_02.tif
L15-1335E-1166N_5342_3524_13,2018,3,2018_03,True,True,True,False,False,False,True,True,True,datasets\sen12_mt_urbanmapping\multimodal_cd_dataset\L15-1335E-1166N_5342_3524_13\s1\s1_L15-1335E-1166N_5342_3524_13_2018_03.tif,datasets\sen12_mt_urbanmapping\multimodal_cd_dataset\L15-1335E-1166N_5342_3524_13\s2\s2_L15-1335E-1166N_5342_3524_13_2018_03.tif,datasets\sen12_mt_urbanmapping\multimodal_cd_dataset\L15-1335E-1166N_5342_3524_13\buildings\buildings_L15-1335E-1166N_5342_3524_13_2018_03.tif
L15-1335E-1166N_5342_3524_13,2018,4,2018_04,True,True,True,False,False,False,True,True,True,datasets\sen12_mt_urbanmapping\multimodal_cd_dataset\L15-1335E-1166N_5342_3524_13\s1\s1_L15-1335E-1166N_5342_3524_13_2018_04.tif,datasets\sen12_mt_urbanmapping\multimodal_cd_dataset\L15-1335E-1166N_5342_3524_13\s2\s2_L15-1335E-1166N_5342_3524_13_2018_04.tif,datasets\sen12_mt_urbanmapping\multimodal_cd_dataset\L15-1335E-1166N_5342_3524_13\buildings\buildings_L15-1335E-1166N_5342_3524_13_2018_04.tif
L15-1335E-1166N_5342_3524_13,2018,5,2018_05,True,True,True,False,False,False,True,True,True,datasets\sen12_mt_urbanmapping\multimodal_cd_dataset\L15-1335E-1166N_5342_3524_13\s1\s1_L15-1335E-1166N_5342_3524_13_2018_05.tif,datasets\sen12_mt_urbanmapping\multimodal_cd_dataset\L15-1335E-1166N_5342_3524_13\s2\s2_L15-1335E-1166N_5342_3524_13_2018_05.tif,datasets\sen12_mt_urbanmapping\multimodal_cd_dataset\L15-1335E-1166N_5342_3524_13\buildings\buildings_L15-1335E-1166N_5342_3524_13_2018_05.tif
L15-1335E-1166N_5342_3524_13,2018,6,2018_06,True,True,True,False,False,False,True,True,True,datasets\sen12_mt_urbanmapping\multimodal_cd_dataset\L15-1335E-1166N_5342_3524_13\s1\s1_L15-1335E-1166N_5342_3524_13_2018_06.tif,datasets\sen12_mt_urbanmapping\multimodal_cd_dataset\L15-1335E-1166N_5342_3524_13\s2\s2_L15-1335E-1166N_5342_3524_13_2018_06.tif,datasets\sen12_mt_urbanmapping\multimodal_cd_dataset\L15-1335E-1166N_5342_3524_13\buildings\buildings_L15-1335E-1166N_5342_3524_13_2018_06.tif
L15-1335E-1166N_5342_3524_13,2018,7,2018_07,True,True,True,False,False,False,True,True,True,datasets\sen12_mt_urbanmapping\multimodal_cd_dataset\L15-1335E-1166N_5342_3524_13\s1\s1_L15-1335E-1166N_5342_3524_13_2018_07.tif,datasets\sen12_mt_urbanmapping\multimodal_cd_dataset\L15-1335E-1166N_5342_3524_13\s2\s2_L15-1335E-1166N_5342_3524_13_2018_07.tif,datasets\sen12_mt_urbanmapping\multimodal_cd_dataset\L15-1335E-1166N_5342_3524_13\buildings\buildings_L15-1335E-1166N_5342_3524_13_2018_07.tif
L15-1335E-1166N_5342_3524_13,2018,8,2018_08,True,True,True,True,False,False,True,True,True,datasets\sen12_mt_urbanmapping\multimodal_cd_dataset\L15-1335E-1166N_5342_3524_13\s1\s1_L15-1335E-1166N_5342_3524_13_2018_08.tif,datasets\sen12_mt_urbanmapping\multimodal_cd_dataset\L15-1335E-1166N_5342_3524_13\s2\s2_L15-1335E-1166N_5342_3524_13_2018_08.tif,datasets\sen12_mt_urbanmapping\multimodal_cd_dataset\L15-1335E-1166N_5342_3524_13\buildings\buildings_L15-1335E-1166N_5342_3524_13_2018_08.tif
L15-1335E-1166N_5342_3524_13,2018,9,2018_09,True,True,True,False,False,False,True,True,True,datasets\sen12_mt_urbanmapping\multimodal_cd_dataset\L15-1335E-1166N_5342_3524_13\s1\s1_L15-1335E-1166N_5342_3524_13_2018_09.tif,datasets\sen12_mt_urbanmapping\multimodal_cd_dataset\L15-1335E-1166N_5342_3524_13\s2\s2_L15-1335E-1166N_5342_3524_13_2018_09.tif,datasets\sen12_mt_urbanmapping\multimodal_cd_dataset\L15-1335E-1166N_5342_3524_13\buildings\buildings_L15-1335E-1166N_5342_3524_13_2018_09.tif
L15-1335E-1166N_5342_3524_13,2018,10,2018_10,True,True,True,False,False,False,True,True,True,datasets\sen12_mt_urbanmapping\multimodal_cd_dataset\L15-1335E-1166N_5342_3524_13\s1\s1_L15-1335E-1166N_5342_3524_13_2018_10.tif,datasets\sen12_mt_urbanmapping\multimodal_cd_dataset\L15-1335E-1166N_5342_3524_13\s2\s2_L15-1335E-1166N_5342_3524_13_2018_10.tif,datasets\sen12_mt_urbanmapping\multimodal_cd_dataset\L15-1335E-1166N_5342_3524_13\buildings\buildings_L15-1335E-1166N_5342_3524_13_2018_10.tif
L15-1335E-1166N_5342_3524_13,2018,11,2018_11,True,True,True,False,False,False,True,True,True,datasets\sen12_mt_urbanmapping\multimodal_cd_dataset\L15-1335E-1166N_5342_3524_13\s1\s1_L15-1335E-1166N_5342_3524_13_2018_11.tif,datasets\sen12_mt_urbanmapping\multimodal_cd_dataset\L15-1335E-1166N_5342_3524_13\s2\s2_L15-1335E-1166N_5342_3524_13_2018_11.tif,datasets\sen12_mt_urbanmapping\multimodal_cd_dataset\L15-1335E-1166N_5342_3524_13\buildings\buildings_L15-1335E-1166N_5342_3524_13_2018_11.tif
L15-1335E-1166N_5342_3524_13,2018,12,2018_12,True,True,True,False,False,False,True,True,True,datasets\sen12_mt_urbanmapping\multimodal_cd_dataset\L15-1335E-1166N_5342_3524_13\s1\s1_L15-1335E-1166N_5342_3524_13_2018_12.tif,datasets\sen12_mt_urbanmapping\multimodal_cd_dataset\L15-1335E-1166N_5342_3524_13\s2\s2_L15-1335E-1166N_5342_3524_13_2018_12.tif,datasets\sen12_mt_urbanmapping\multimodal_cd_dataset\L15-1335E-1166N_5342_3524_13\buildings\buildings_L15-1335E-1166N_5342_3524_13_2018_12.tif
L15-1335E-1166N_5342_3524_13,2019,1,2019_01,True,True,True,False,False,False,True,True,True,datasets\sen12_mt_urbanmapping\multimodal_cd_dataset\L15-1335E-1166N_5342_3524_13\s1\s1_L15-1335E-1166N_5342_3524_13_2019_01.tif,datasets\sen12_mt_urbanmapping\multimodal_cd_dataset\L15-1335E-1166N_5342_3524_13\s2\s2_L15-1335E-1166N_5342_3524_13_2019_01.tif,datasets\sen12_mt_urbanmapping\multimodal_cd_dataset\L15-1335E-1166N_5342_3524_13\buildings\buildings_L15-1335E-1166N_5342_3524_13_2019_01.tif
L15-1335E-1166N_5342_3524_13,2019,2,2019_02,True,True,True,False,False,False,True,True,True,datasets\sen12_mt_urbanmapping\multimodal_cd_dataset\L15-1335E-1166N_5342_3524_13\s1\s1_L15-1335E-1166N_5342_3524_13_2019_02.tif,datasets\sen12_mt_urbanmapping\multimodal_cd_dataset\L15-1335E-1166N_5342_3524_13\s2\s2_L15-1335E-1166N_5342_3524_13_2019_02.tif,datasets\sen12_mt_urbanmapping\multimodal_cd_dataset\L15-1335E-1166N_5342_3524_13\buildings\buildings_L15-1335E-1166N_5342_3524_13_2019_02.tif
L15-1335E-1166N_5342_3524_13,2019,3,2019_03,True,True,True,False,False,False,True,True,True,datasets\sen12_mt_urbanmapping\multimodal_cd_dataset\L15-1335E-1166N_5342_3524_13\s1\s1_L15-1335E-1166N_5342_3524_13_2019_03.tif,datasets\sen12_mt_urbanmapping\multimodal_cd_dataset\L15-1335E-1166N_5342_3524_13\s2\s2_L15-1335E-1166N_5342_3524_13_2019_03.tif,datasets\sen12_mt_urbanmapping\multimodal_cd_dataset\L15-1335E-1166N_5342_3524_13\buildings\buildings_L15-1335E-1166N_5342_3524_13_2019_03.tif
L15-1335E-1166N_5342_3524_13,2019,4,2019_04,True,True,True,False,False,False,True,True,True,datasets\sen12_mt_urbanmapping\multimodal_cd_dataset\L15-1335E-1166N_5342_3524_13\s1\s1_L15-1335E-1166N_5342_3524_13_2019_04.tif,datasets\sen12_mt_urbanmapping\multimodal_cd_dataset\L15-1335E-1166N_5342_3524_13\s2\s2_L15-1335E-1166N_5342_3524_13_2019_04.tif,datasets\sen12_mt_urbanmapping\multimodal_cd_dataset\L15-1335E-1166N_5342_3524_13\buildings\buildings_L15-1335E-1166N_5342_3524_13_2019_04.tif
L15-1335E-1166N_5342_3524_13,2019,5,2019_05,True,True,True,False,False,False,True,True,True,datasets\sen12_mt_urbanmapping\multimodal_cd_dataset\L15-1335E-1166N_5342_3524_13\s1\s1_L15-1335E-1166N_5342_3524_13_2019_05.tif,datasets\sen12_mt_urbanmapping\multimodal_cd_dataset\L15-1335E-1166N_5342_3524_13\s2\s2_L15-1335E-1166N_5342_3524_13_2019_05.tif,datasets\sen12_mt_urbanmapping\multimodal_cd_dataset\L15-1335E-1166N_5342_3524_13\buildings\buildings_L15-1335E-1166N_5342_3524_13_2019_05.tif
L15-1335E-1166N_5342_3524_13,2019,6,2019_06,True,True,True,False,False,False,True,True,True,datasets\sen12_mt_urbanmapping\multimodal_cd_dataset\L15-1335E-1166N_5342_3524_13\s1\s1_L15-1335E-1166N_5342_3524_13_2019_06.tif,datasets\sen12_mt_urbanmapping\multimodal_cd_dataset\L15-1335E-1166N_5342_3524_13\s2\s2_L15-1335E-1166N_5342_3524_13_2019_06.tif,datasets\sen12_mt_urbanmapping\multimodal_cd_dataset\L15-1335E-1166N_5342_3524_13\buildings\buildings_L15-1335E-1166N_5342_3524_13_2019_06.tif
L15-1335E-1166N_5342_3524_13,2019,7,2019_07,True,True,True,False,False,False,True,True,True,datasets\sen12_mt_urbanmapping\multimodal_cd_dataset\L15-1335E-1166N_5342_3524_13\s1\s1_L15-1335E-1166N_5342_3524_13_2019_07.tif,datasets\sen12_mt_urbanmapping\multimodal_cd_dataset\L15-1335E-1166N_5342_3524_13\s2\s2_L15-1335E-1166N_5342_3524_13_2019_07.tif,datasets\sen12_mt_urbanmapping\multimodal_cd_dataset\L15-1335E-1166N_5342_3524_13\buildings\buildings_L15-1335E-1166N_5342_3524_13_2019_07.tif
L15-1335E-1166N_5342_3524_13,2019,8,2019_08,True,True,True,False,False,False,True,True,True,datasets\sen12_mt_urbanmapping\multimodal_cd_dataset\L15-1335E-1166N_5342_3524_13\s1\s1_L15-1335E-1166N_5342_3524_13_2019_08.tif,datasets\sen12_mt_urbanmapping\multimodal_cd_dataset\L15-1335E-1166N_5342_3524_13\s2\s2_L15-1335E-1166N_5342_3524_13_2019_08.tif,datasets\sen12_mt_urbanmapping\multimodal_cd_dataset\L15-1335E-1166N_5342_3524_13\buildings\buildings_L15-1335E-1166N_5342_3524_13_2019_08.tif
L15-1335E-1166N_5342_3524_13,2019,9,2019_09,True,True,True,False,False,False,True,True,True,datasets\sen12_mt_urbanmapping\multimodal_cd_dataset\L15-1335E-1166N_5342_3524_13\s1\s1_L15-1335E-1166N_5342_3524_13_2019_09.tif,datasets\sen12_mt_urbanmapping\multimodal_cd_dataset\L15-1335E-1166N_5342_3524_13\s2\s2_L15-1335E-1166N_5342_3524_13_2019_09.tif,datasets\sen12_mt_urbanmapping\multimodal_cd_dataset\L15-1335E-1166N_5342_3524_13\buildings\buildings_L15-1335E-1166N_5342_3524_13_2019_09.tif
L15-1335E-1166N_5342_3524_13,2019,10,2019_10,True,True,True,False,False,False,True,True,True,datasets\sen12_mt_urbanmapping\multimodal_cd_dataset\L15-1335E-1166N_5342_3524_13\s1\s1_L15-1335E-1166N_5342_3524_13_2019_10.tif,datasets\sen12_mt_urbanmapping\multimodal_cd_dataset\L15-1335E-1166N_5342_3524_13\s2\s2_L15-1335E-1166N_5342_3524_13_2019_10.tif,datasets\sen12_mt_urbanmapping\multimodal_cd_dataset\L15-1335E-1166N_5342_3524_13\buildings\buildings_L15-1335E-1166N_5342_3524_13_2019_10.tif
L15-1335E-1166N_5342_3524_13,2019,11,2019_11,True,True,True,False,False,False,True,True,True,datasets\sen12_mt_urbanmapping\multimodal_cd_dataset\L15-1335E-1166N_5342_3524_13\s1\s1_L15-1335E-1166N_5342_3524_13_2019_11.tif,datasets\sen12_mt_urbanmapping\multimodal_cd_dataset\L15-1335E-1166N_5342_3524_13\s2\s2_L15-1335E-1166N_5342_3524_13_2019_11.tif,datasets\sen12_mt_urbanmapping\multimodal_cd_dataset\L15-1335E-1166N_5342_3524_13\buildings\buildings_L15-1335E-1166N_5342_3524_13_2019_11.tif
L15-1335E-1166N_5342_3524_13,2019,12,2019_12,True,True,True,False,False,False,True,True,True,datasets\sen12_mt_urbanmapping\multimodal_cd_dataset\L15-1335E-1166N_5342_3524_13\s1\s1_L15-1335E-1166N_5342_3524_13_2019_12.tif,datasets\sen12_mt_urbanmapping\multimodal_cd_dataset\L15-1335E-1166N_5342_3524_13\s2\s2_L15-1335E-1166N_5342_3524_13_2019_12.tif,datasets\sen12_mt_urbanmapping\multimodal_cd_dataset\L15-1335E-1166N_5342_3524_13\buildings\buildings_L15-1335E-1166N_5342_3524_13_2019_12.tif
L15-1335E-1166N_5342_3524_13,2020,1,2020_01,True,True,True,False,False,False,True,True,True,datasets\sen12_mt_urbanmapping\multimodal_cd_dataset\L15-1335E-1166N_5342_3524_13\s1\s1_L15-1335E-1166N_5342_3524_13_2020_01.tif,datasets\sen12_mt_urbanmapping\multimodal_cd_dataset\L15-1335E-1166N_5342_3524_13\s2\s2_L15-1335E-1166N_5342_3524_13_2020_01.tif,datasets\sen12_mt_urbanmapping\multimodal_cd_dataset\L15-1335E-1166N_5342_3524_13\buildings\buildings_L15-1335E-1166N_5342_3524_13_2020_01.tif
L15-1389E-1284N_5557_3054_13,2018,2,2018_02,True,True,True,False,False,False,True,True,True,datasets\sen12_mt_urbanmapping\multimodal_cd_dataset\L15-1389E-1284N_5557_3054_13\s1\s1_L15-1389E-1284N_5557_3054_13_2018_02.tif,datasets\sen12_mt_urbanmapping\multimodal_cd_dataset\L15-1389E-1284N_5557_3054_13\s2\s2_L15-1389E-1284N_5557_3054_13_2018_02.tif,datasets\sen12_mt_urbanmapping\multimodal_cd_dataset\L15-1389E-1284N_5557_3054_13\buildings\buildings_L15-1389E-1284N_5557_3054_13_2018_02.tif
L15-1389E-1284N_5557_3054_13,2018,3,2018_03,True,True,True,False,False,False,True,True,True,datasets\sen12_mt_urbanmapping\multimodal_cd_dataset\L15-1389E-1284N_5557_3054_13\s1\s1_L15-1389E-1284N_5557_3054_13_2018_03.tif,datasets\sen12_mt_urbanmapping\multimodal_cd_dataset\L15-1389E-1284N_5557_3054_13\s2\s2_L15-1389E-1284N_5557_3054_13_2018_03.tif,datasets\sen12_mt_urbanmapping\multimodal_cd_dataset\L15-1389E-1284N_5557_3054_13\buildings\buildings_L15-1389E-1284N_5557_3054_13_2018_03.tif
L15-1389E-1284N_5557_3054_13,2018,4,2018_04,True,True,True,False,False,False,True,True,True,datasets\sen12_mt_urbanmapping\multimodal_cd_dataset\L15-1389E-1284N_5557_3054_13\s1\s1_L15-1389E-1284N_5557_3054_13_2018_04.tif,datasets\sen12_mt_urbanmapping\multimodal_cd_dataset\L15-1389E-1284N_5557_3054_13\s2\s2_L15-1389E-1284N_5557_3054_13_2018_04.tif,datasets\sen12_mt_urbanmapping\multimodal_cd_dataset\L15-1389E-1284N_5557_3054_13\buildings\buildings_L15-1389E-1284N_5557_3054_13_2018_04.tif
L15-1389E-1284N_5557_3054_13,2018,5,2018_05,True,True,True,False,False,False,True,True,True,datasets\sen12_mt_urbanmapping\multimodal_cd_dataset\L15-1389E-1284N_5557_3054_13\s1\s1_L15-1389E-1284N_5557_3054_13_2018_05.tif,datasets\sen12_mt_urbanmapping\multimodal_cd_dataset\L15-1389E-1284N_5557_3054_13\s2\s2_L15-1389E-1284N_5557_3054_13_2018_05.tif,datasets\sen12_mt_urbanmapping\multimodal_cd_dataset\L15-1389E-1284N_5557_3054_13\buildings\buildings_L15-1389E-1284N_5557_3054_13_2018_05.tif
L15-1389E-1284N_5557_3054_13,2018,6,2018_06,True,True,True,False,False,False,True,True,True,datasets\sen12_mt_urbanmapping\multimodal_cd_dataset\L15-1389E-1284N_5557_3054_13\s1\s1_L15-1389E-1284N_5557_3054_13_2018_06.tif,datasets\sen12_mt_urbanmapping\multimodal_cd_dataset\L15-1389E-1284N_5557_3054_13\s2\s2_L15-1389E-1284N_5557_3054_13_2018_06.tif,datasets\sen12_mt_urbanmapping\multimodal_cd_dataset\L15-1389E-1284N_5557_3054_13\buildings\buildings_L15-1389E-1284N_5557_3054_13_2018_06.tif
L15-1389E-1284N_5557_3054_13,2018,7,2018_07,True,True,True,False,False,False,True,True,True,datasets\sen12_mt_urbanmapping\multimodal_cd_dataset\L15-1389E-1284N_5557_3054_13\s1\s1_L15-1389E-1284N_5557_3054_13_2018_07.tif,datasets\sen12_mt_urbanmapping\multimodal_cd_dataset\L15-1389E-1284N_5557_3054_13\s2\s2_L15-1389E-1284N_5557_3054_13_2018_07.tif,datasets\sen12_mt_urbanmapping\multimodal_cd_dataset\L15-1389E-1284N_5557_3054_13\buildings\buildings_L15-1389E-1284N_5557_3054_13_2018_07.tif
L15-1389E-1284N_5557_3054_13,2018,8,2018_08,True,True,True,False,False,False,True,True,True,datasets\sen12_mt_urbanmapping\multimodal_cd_dataset\L15-1389E-1284N_5557_3054_13\s1\s1_L15-1389E-1284N_5557_3054_13_2018_08.tif,datasets\sen12_mt_urbanmapping\multimodal_cd_dataset\L15-1389E-1284N_5557_3054_13\s2\s2_L15-1389E-1284N_5557_3054_13_2018_08.tif,datasets\sen12_mt_urbanmapping\multimodal_cd_dataset\L15-1389E-1284N_5557_3054_13\buildings\buildings_L15-1389E-1284N_5557_3054_13_2018_08.tif
L15-1389E-1284N_5557_3054_13,2018,9,2018_09,True,True,True,False,False,False,True,True,True,datasets\sen12_mt_urbanmapping\multimodal_cd_dataset\L15-1389E-1284N_5557_3054_13\s1\s1_L15-1389E-1284N_5557_3054_13_2018_09.tif,datasets\sen12_mt_urbanmapping\multimodal_cd_dataset\L15-1389E-1284N_5557_3054_13\s2\s2_L15-1389E-1284N_5557_3054_13_2018_09.tif,datasets\sen12_mt_urbanmapping\multimodal_cd_dataset\L15-1389E-1284N_5557_3054_13\buildings\buildings_L15-1389E-1284N_5557_3054_13_2018_09.tif
L15-1389E-1284N_5557_3054_13,2018,10,2018_10,True,True,True,False,False,False,True,True,True,datasets\sen12_mt_urbanmapping\multimodal_cd_dataset\L15-1389E-1284N_5557_3054_13\s1\s1_L15-1389E-1284N_5557_3054_13_2018_10.tif,datasets\sen12_mt_urbanmapping\multimodal_cd_dataset\L15-1389E-1284N_5557_3054_13\s2\s2_L15-1389E-1284N_5557_3054_13_2018_10.tif,datasets\sen12_mt_urbanmapping\multimodal_cd_dataset\L15-1389E-1284N_5557_3054_13\buildings\buildings_L15-1389E-1284N_5557_3054_13_2018_10.tif
L15-1389E-1284N_5557_3054_13,2018,11,2018_11,True,True,True,False,False,False,True,True,True,datasets\sen12_mt_urbanmapping\multimodal_cd_dataset\L15-1389E-1284N_5557_3054_13\s1\s1_L15-1389E-1284N_5557_3054_13_2018_11.tif,datasets\sen12_mt_urbanmapping\multimodal_cd_dataset\L15-1389E-1284N_5557_3054_13\s2\s2_L15-1389E-1284N_5557_3054_13_2018_11.tif,datasets\sen12_mt_urbanmapping\multimodal_cd_dataset\L15-1389E-1284N_5557_3054_13\buildings\buildings_L15-1389E-1284N_5557_3054_13_2018_11.tif
L15-1389E-1284N_5557_3054_13,2018,12,2018_12,True,True,True,False,False,False,True,True,True,datasets\sen12_mt_urbanmapping\multimodal_cd_dataset\L15-1389E-1284N_5557_3054_13\s1\s1_L15-1389E-1284N_5557_3054_13_2018_12.tif,datasets\sen12_mt_urbanmapping\multimodal_cd_dataset\L15-1389E-1284N_5557_3054_13\s2\s2_L15-1389E-1284N_5557_3054_13_2018_12.tif,datasets\sen12_mt_urbanmapping\multimodal_cd_dataset\L15-1389E-1284N_5557_3054_13\buildings\buildings_L15-1389E-1284N_5557_3054_13_2018_12.tif
L15-1389E-1284N_5557_3054_13,2019,1,2019_01,True,True,True,False,False,False,True,True,True,datasets\sen12_mt_urbanmapping\multimodal_cd_dataset\L15-1389E-1284N_5557_3054_13\s1\s1_L15-1389E-1284N_5557_3054_13_2019_01.tif,datasets\sen12_mt_urbanmapping\multimodal_cd_dataset\L15-1389E-1284N_5557_3054_13\s2\s2_L15-1389E-1284N_5557_3054_13_2019_01.tif,datasets\sen12_mt_urbanmapping\multimodal_cd_dataset\L15-1389E-1284N_5557_3054_13\buildings\buildings_L15-1389E-1284N_5557_3054_13_2019_01.tif
L15-1389E-1284N_5557_3054_13,2019,2,2019_02,True,True,True,False,False,False,True,True,True,datasets\sen12_mt_urbanmapping\multimodal_cd_dataset\L15-1389E-1284N_5557_3054_13\s1\s1_L15-1389E-1284N_5557_3054_13_2019_02.tif,datasets\sen12_mt_urbanmapping\multimodal_cd_dataset\L15-1389E-1284N_5557_3054_13\s2\s2_L15-1389E-1284N_5557_3054_13_2019_02.tif,datasets\sen12_mt_urbanmapping\multimodal_cd_dataset\L15-1389E-1284N_5557_3054_13\buildings\buildings_L15-1389E-1284N_5557_3054_13_2019_02.tif
L15-1389E-1284N_5557_3054_13,2019,3,2019_03,True,True,True,False,False,False,True,True,True,datasets\sen12_mt_urbanmapping\multimodal_cd_dataset\L15-1389E-1284N_5557_3054_13\s1\s1_L15-1389E-1284N_5557_3054_13_2019_03.tif,datasets\sen12_mt_urbanmapping\multimodal_cd_dataset\L15-1389E-1284N_5557_3054_13\s2\s2_L15-1389E-1284N_5557_3054_13_2019_03.tif,datasets\sen12_mt_urbanmapping\multimodal_cd_dataset\L15-1389E-1284N_5557_3054_13\buildings\buildings_L15-1389E-1284N_5557_3054_13_2019_03.tif
L15-1389E-1284N_5557_3054_13,2019,4,2019_04,True,True,True,False,False,False,True,True,True,datasets\sen12_mt_urbanmapping\multimodal_cd_dataset\L15-1389E-1284N_5557_3054_13\s1\s1_L15-1389E-1284N_5557_3054_13_2019_04.tif,datasets\sen12_mt_urbanmapping\multimodal_cd_dataset\L15-1389E-1284N_5557_3054_13\s2\s2_L15-1389E-1284N_5557_3054_13_2019_04.tif,datasets\sen12_mt_urbanmapping\multimodal_cd_dataset\L15-1389E-1284N_5557_3054_13\buildings\buildings_L15-1389E-1284N_5557_3054_13_2019_04.tif
L15-1389E-1284N_5557_3054_13,2019,5,2019_05,True,True,True,False,False,False,True,True,True,datasets\sen12_mt_urbanmapping\multimodal_cd_dataset\L15-1389E-1284N_5557_3054_13\s1\s1_L15-1389E-1284N_5557_3054_13_2019_05.tif,datasets\sen12_mt_urbanmapping\multimodal_cd_dataset\L15-1389E-1284N_5557_3054_13\s2\s2_L15-1389E-1284N_5557_3054_13_2019_05.tif,datasets\sen12_mt_urbanmapping\multimodal_cd_dataset\L15-1389E-1284N_5557_3054_13\buildings\buildings_L15-1389E-1284N_5557_3054_13_2019_05.tif
L15-1389E-1284N_5557_3054_13,2019,6,2019_06,True,True,True,False,False,False,True,True,True,datasets\sen12_mt_urbanmapping\multimodal_cd_dataset\L15-1389E-1284N_5557_3054_13\s1\s1_L15-1389E-1284N_5557_3054_13_2019_06.tif,datasets\sen12_mt_urbanmapping\multimodal_cd_dataset\L15-1389E-1284N_5557_3054_13\s2\s2_L15-1389E-1284N_5557_3054_13_2019_06.tif,datasets\sen12_mt_urbanmapping\multimodal_cd_dataset\L15-1389E-1284N_5557_3054_13\buildings\buildings_L15-1389E-1284N_5557_3054_13_2019_06.tif
L15-1389E-1284N_5557_3054_13,2019,7,2019_07,True,True,True,False,False,False,True,True,True,datasets\sen12_mt_urbanmapping\multimodal_cd_dataset\L15-1389E-1284N_5557_3054_13\s1\s1_L15-1389E-1284N_5557_3054_13_2019_07.tif,datasets\sen12_mt_urbanmapping\multimodal_cd_dataset\L15-1389E-1284N_5557_3054_13\s2\s2_L15-1389E-1284N_5557_3054_13_2019_07.tif,datasets\sen12_mt_urbanmapping\multimodal_cd_dataset\L15-1389E-1284N_5557_3054_13\buildings\buildings_L15-1389E-1284N_5557_3054_13_2019_07.tif
L15-1389E-1284N_5557_3054_13,2019,8,2019_08,True,True,True,False,False,False,True,True,True,datasets\sen12_mt_urbanmapping\multimodal_cd_dataset\L15-1389E-1284N_5557_3054_13\s1\s1_L15-1389E-1284N_5557_3054_13_2019_08.tif,datasets\sen12_mt_urbanmapping\multimodal_cd_dataset\L15-1389E-1284N_5557_3054_13\s2\s2_L15-1389E-1284N_5557_3054_13_2019_08.tif,datasets\sen12_mt_urbanmapping\multimodal_cd_dataset\L15-1389E-1284N_5557_3054_13\buildings\buildings_L15-1389E-1284N_5557_3054_13_2019_08.tif
L15-1389E-1284N_5557_3054_13,2019,9,2019_09,True,True,True,False,False,False,True,True,True,datasets\sen12_mt_urbanmapping\multimodal_cd_dataset\L15-1389E-1284N_5557_3054_13\s1\s1_L15-1389E-1284N_5557_3054_13_2019_09.tif,datasets\sen12_mt_urbanmapping\multimodal_cd_dataset\L15-1389E-1284N_5557_3054_13\s2\s2_L15-1389E-1284N_5557_3054_13_2019_09.tif,datasets\sen12_mt_urbanmapping\multimodal_cd_dataset\L15-1389E-1284N_5557_3054_13\buildings\buildings_L15-1389E-1284N_5557_3054_13_2019_09.tif
L15-1389E-1284N_5557_3054_13,2019,10,2019_10,True,True,True,False,False,False,True,True,True,datasets\sen12_mt_urbanmapping\multimodal_cd_dataset\L15-1389E-1284N_5557_3054_13\s1\s1_L15-1389E-1284N_5557_3054_13_2019_10.tif,datasets\sen12_mt_urbanmapping\multimodal_cd_dataset\L15-1389E-1284N_5557_3054_13\s2\s2_L15-1389E-1284N_5557_3054_13_2019_10.tif,datasets\sen12_mt_urbanmapping\multimodal_cd_dataset\L15-1389E-1284N_5557_3054_13\buildings\buildings_L15-1389E-1284N_5557_3054_13_2019_10.tif
L15-1389E-1284N_5557_3054_13,2019,11,2019_11,True,True,True,False,False,False,True,True,True,datasets\sen12_mt_urbanmapping\multimodal_cd_dataset\L15-1389E-1284N_5557_3054_13\s1\s1_L15-1389E-1284N_5557_3054_13_2019_11.tif,datasets\sen12_mt_urbanmapping\multimodal_cd_dataset\L15-1389E-1284N_5557_3054_13\s2\s2_L15-1389E-1284N_5557_3054_13_2019_11.tif,datasets\sen12_mt_urbanmapping\multimodal_cd_dataset\L15-1389E-1284N_5557_3054_13\buildings\buildings_L15-1389E-1284N_5557_3054_13_2019_11.tif
L15-1389E-1284N_5557_3054_13,2019,12,2019_12,True,True,True,False,False,False,True,True,True,datasets\sen12_mt_urbanmapping\multimodal_cd_dataset\L15-1389E-1284N_5557_3054_13\s1\s1_L15-1389E-1284N_5557_3054_13_2019_12.tif,datasets\sen12_mt_urbanmapping\multimodal_cd_dataset\L15-1389E-1284N_5557_3054_13\s2\s2_L15-1389E-1284N_5557_3054_13_2019_12.tif,datasets\sen12_mt_urbanmapping\multimodal_cd_dataset\L15-1389E-1284N_5557_3054_13\buildings\buildings_L15-1389E-1284N_5557_3054_13_2019_12.tif
L15-1389E-1284N_5557_3054_13,2020,1,2020_01,True,False,True,False,False,True,True,True,True,datasets\sen12_mt_urbanmapping\multimodal_cd_dataset\L15-1389E-1284N_5557_3054_13\s1\s1_L15-1389E-1284N_5557_3054_13_2020_01.tif,datasets\sen12_mt_urbanmapping\multimodal_cd_dataset\L15-1389E-1284N_5557_3054_13\s2\s2_L15-1389E-1284N_5557_3054_13_2020_01.tif,datasets\sen12_mt_urbanmapping\multimodal_cd_dataset\L15-1389E-1284N_5557_3054_13\buildings\buildings_L15-1389E-1284N_5557_3054_13_2020_01.tif
L15-1438E-1134N_5753_3655_13,2018,1,2018_01,True,False,True,False,False,True,True,True,True,datasets\sen12_mt_urbanmapping\multimodal_cd_dataset\L15-1438E-1134N_5753_3655_13\s1\s1_L15-1438E-1134N_5753_3655_13_2018_01.tif,datasets\sen12_mt_urbanmapping\multimodal_cd_dataset\L15-1438E-1134N_5753_3655_13\s2\s2_L15-1438E-1134N_5753_3655_13_2018_01.tif,datasets\sen12_mt_urbanmapping\multimodal_cd_dataset\L15-1438E-1134N_5753_3655_13\buildings\buildings_L15-1438E-1134N_5753_3655_13_2018_01.tif
L15-1438E-1134N_5753_3655_13,2018,2,2018_02,True,True,True,False,False,False,True,True,True,datasets\sen12_mt_urbanmapping\multimodal_cd_dataset\L15-1438E-1134N_5753_3655_13\s1\s1_L15-1438E-1134N_5753_3655_13_2018_02.tif,datasets\sen12_mt_urbanmapping\multimodal_cd_dataset\L15-1438E-1134N_5753_3655_13\s2\s2_L15-1438E-1134N_5753_3655_13_2018_02.tif,datasets\sen12_mt_urbanmapping\multimodal_cd_dataset\L15-1438E-1134N_5753_3655_13\buildings\buildings_L15-1438E-1134N_5753_3655_13_2018_02.tif
L15-1438E-1134N_5753_3655_13,2018,3,2018_03,True,True,True,False,False,False,True,True,True,datasets\sen12_mt_urbanmapping\multimodal_cd_dataset\L15-1438E-1134N_5753_3655_13\s1\s1_L15-1438E-1134N_5753_3655_13_2018_03.tif,datasets\sen12_mt_urbanmapping\multimodal_cd_dataset\L15-1438E-1134N_5753_3655_13\s2\s2_L15-1438E-1134N_5753_3655_13_2018_03.tif,datasets\sen12_mt_urbanmapping\multimodal_cd_dataset\L15-1438E-1134N_5753_3655_13\buildings\buildings_L15-1438E-1134N_5753_3655_13_2018_03.tif
L15-1438E-1134N_5753_3655_13,2018,4,2018_04,True,True,True,False,False,False,True,True,True,datasets\sen12_mt_urbanmapping\multimodal_cd_dataset\L15-1438E-1134N_5753_3655_13\s1\s1_L15-1438E-1134N_5753_3655_13_2018_04.tif,datasets\sen12_mt_urbanmapping\multimodal_cd_dataset\L15-1438E-1134N_5753_3655_13\s2\s2_L15-1438E-1134N_5753_3655_13_2018_04.tif,datasets\sen12_mt_urbanmapping\multimodal_cd_dataset\L15-1438E-1134N_5753_3655_13\buildings\buildings_L15-1438E-1134N_5753_3655_13_2018_04.tif
L15-1438E-1134N_5753_3655_13,2018,5,2018_05,True,True,True,False,False,False,True,True,True,datasets\sen12_mt_urbanmapping\multimodal_cd_dataset\L15-1438E-1134N_5753_3655_13\s1\s1_L15-1438E-1134N_5753_3655_13_2018_05.tif,datasets\sen12_mt_urbanmapping\multimodal_cd_dataset\L15-1438E-1134N_5753_3655_13\s2\s2_L15-1438E-1134N_5753_3655_13_2018_05.tif,datasets\sen12_mt_urbanmapping\multimodal_cd_dataset\L15-1438E-1134N_5753_3655_13\buildings\buildings_L15-1438E-1134N_5753_3655_13_2018_05.tif
L15-1438E-1134N_5753_3655_13,2018,6,2018_06,True,False,True,True,False,True,True,True,True,datasets\sen12_mt_urbanmapping\multimodal_cd_dataset\L15-1438E-1134N_5753_3655_13\s1\s1_L15-1438E-1134N_5753_3655_13_2018_06.tif,datasets\sen12_mt_urbanmapping\multimodal_cd_dataset\L15-1438E-1134N_5753_3655_13\s2\s2_L15-1438E-1134N_5753_3655_13_2018_06.tif,datasets\sen12_mt_urbanmapping\multimodal_cd_dataset\L15-1438E-1134N_5753_3655_13\buildings\buildings_L15-1438E-1134N_5753_3655_13_2018_06.tif
L15-1438E-1134N_5753_3655_13,2018,8,2018_08,True,False,True,True,False,True,True,True,True,datasets\sen12_mt_urbanmapping\multimodal_cd_dataset\L15-1438E-1134N_5753_3655_13\s1\s1_L15-1438E-1134N_5753_3655_13_2018_08.tif,datasets\sen12_mt_urbanmapping\multimodal_cd_dataset\L15-1438E-1134N_5753_3655_13\s2\s2_L15-1438E-1134N_5753_3655_13_2018_08.tif,datasets\sen12_mt_urbanmapping\multimodal_cd_dataset\L15-1438E-1134N_5753_3655_13\buildings\buildings_L15-1438E-1134N_5753_3655_13_2018_08.tif
L15-1438E-1134N_5753_3655_13,2018,9,2018_09,True,False,True,True,False,True,True,True,True,datasets\sen12_mt_urbanmapping\multimodal_cd_dataset\L15-1438E-1134N_5753_3655_13\s1\s1_L15-1438E-1134N_5753_3655_13_2018_09.tif,datasets\sen12_mt_urbanmapping\multimodal_cd_dataset\L15-1438E-1134N_5753_3655_13\s2\s2_L15-1438E-1134N_5753_3655_13_2018_09.tif,datasets\sen12_mt_urbanmapping\multimodal_cd_dataset\L15-1438E-1134N_5753_3655_13\buildings\buildings_L15-1438E-1134N_5753_3655_13_2018_09.tif
L15-1438E-1134N_5753_3655_13,2018,10,2018_10,True,True,True,False,False,False,True,True,True,datasets\sen12_mt_urbanmapping\multimodal_cd_dataset\L15-1438E-1134N_5753_3655_13\s1\s1_L15-1438E-1134N_5753_3655_13_2018_10.tif,datasets\sen12_mt_urbanmapping\multimodal_cd_dataset\L15-1438E-1134N_5753_3655_13\s2\s2_L15-1438E-1134N_5753_3655_13_2018_10.tif,datasets\sen12_mt_urbanmapping\multimodal_cd_dataset\L15-1438E-1134N_5753_3655_13\buildings\buildings_L15-1438E-1134N_5753_3655_13_2018_10.tif
L15-1438E-1134N_5753_3655_13,2018,11,2018_11,True,True,True,False,False,False,True,True,True,datasets\sen12_mt_urbanmapping\multimodal_cd_dataset\L15-1438E-1134N_5753_3655_13\s1\s1_L15-1438E-1134N_5753_3655_13_2018_11.tif,datasets\sen12_mt_urbanmapping\multimodal_cd_dataset\L15-1438E-1134N_5753_3655_13\s2\s2_L15-1438E-1134N_5753_3655_13_2018_11.tif,datasets\sen12_mt_urbanmapping\multimodal_cd_dataset\L15-1438E-1134N_5753_3655_13\buildings\buildings_L15-1438E-1134N_5753_3655_13_2018_11.tif
L15-1438E-1134N_5753_3655_13,2018,12,2018_12,True,True,True,False,False,False,True,True,True,datasets\sen12_mt_urbanmapping\multimodal_cd_dataset\L15-1438E-1134N_5753_3655_13\s1\s1_L15-1438E-1134N_5753_3655_13_2018_12.tif,datasets\sen12_mt_urbanmapping\multimodal_cd_dataset\L15-1438E-1134N_5753_3655_13\s2\s2_L15-1438E-1134N_5753_3655_13_2018_12.tif,datasets\sen12_mt_urbanmapping\multimodal_cd_dataset\L15-1438E-1134N_5753_3655_13\buildings\buildings_L15-1438E-1134N_5753_3655_13_2018_12.tif
L15-1438E-1134N_5753_3655_13,2019,1,2019_01,True,True,True,False,False,False,True,True,True,datasets\sen12_mt_urbanmapping\multimodal_cd_dataset\L15-1438E-1134N_5753_3655_13\s1\s1_L15-1438E-1134N_5753_3655_13_2019_01.tif,datasets\sen12_mt_urbanmapping\multimodal_cd_dataset\L15-1438E-1134N_5753_3655_13\s2\s2_L15-1438E-1134N_5753_3655_13_2019_01.tif,datasets\sen12_mt_urbanmapping\multimodal_cd_dataset\L15-1438E-1134N_5753_3655_13\buildings\buildings_L15-1438E-1134N_5753_3655_13_2019_01.tif
L15-1438E-1134N_5753_3655_13,2019,2,2019_02,False,True,False,False,True,False,False,True,False,,datasets\sen12_mt_urbanmapping\multimodal_cd_dataset\L15-1438E-1134N_5753_3655_13\s2\s2_L15-1438E-1134N_5753_3655_13_2019_02.tif,
L15-1438E-1134N_5753_3655_13,2019,3,2019_03,False,True,False,False,True,False,False,True,False,,datasets\sen12_mt_urbanmapping\multimodal_cd_dataset\L15-1438E-1134N_5753_3655_13\s2\s2_L15-1438E-1134N_5753_3655_13_2019_03.tif,
L15-1438E-1134N_5753_3655_13,2019,4,2019_04,False,True,False,True,True,False,False,True,False,,datasets\sen12_mt_urbanmapping\multimodal_cd_dataset\L15-1438E-1134N_5753_3655_13\s2\s2_L15-1438E-1134N_5753_3655_13_2019_04.tif,
L15-1438E-1134N_5753_3655_13,2019,5,2019_05,True,True,True,False,False,False,True,True,True,datasets\sen12_mt_urbanmapping\multimodal_cd_dataset\L15-1438E-1134N_5753_3655_13\s1\s1_L15-1438E-1134N_5753_3655_13_2019_05.tif,datasets\sen12_mt_urbanmapping\multimodal_cd_dataset\L15-1438E-1134N_5753_3655_13\s2\s2_L15-1438E-1134N_5753_3655_13_2019_05.tif,datasets\sen12_mt_urbanmapping\multimodal_cd_dataset\L15-1438E-1134N_5753_3655_13\buildings\buildings_L15-1438E-1134N_5753_3655_13_2019_05.tif
L15-1438E-1134N_5753_3655_13,2019,6,2019_06,True,False,True,True,False,True,True,True,True,datasets\sen12_mt_urbanmapping\multimodal_cd_dataset\L15-1438E-1134N_5753_3655_13\s1\s1_L15-1438E-1134N_5753_3655_13_2019_06.tif,datasets\sen12_mt_urbanmapping\multimodal_cd_dataset\L15-1438E-1134N_5753_3655_13\s2\s2_L15-1438E-1134N_5753_3655_13_2019_06.tif,datasets\sen12_mt_urbanmapping\multimodal_cd_dataset\L15-1438E-1134N_5753_3655_13\buildings\buildings_L15-1438E-1134N_5753_3655_13_2019_06.tif
L15-1438E-1134N_5753_3655_13,2019,9,2019_09,True,False,True,True,False,True,True,True,True,datasets\sen12_mt_urbanmapping\multimodal_cd_dataset\L15-1438E-1134N_5753_3655_13\s1\s1_L15-1438E-1134N_5753_3655_13_2019_09.tif,datasets\sen12_mt_urbanmapping\multimodal_cd_dataset\L15-1438E-1134N_5753_3655_13\s2\s2_L15-1438E-1134N_5753_3655_13_2019_09.tif,datasets\sen12_mt_urbanmapping\multimodal_cd_dataset\L15-1438E-1134N_5753_3655_13\buildings\buildings_L15-1438E-1134N_5753_3655_13_2019_09.tif
L15-1438E-1134N_5753_3655_13,2019,10,2019_10,True,True,True,False,False,False,True,True,True,datasets\sen12_mt_urbanmapping\multimodal_cd_dataset\L15-1438E-1134N_5753_3655_13\s1\s1_L15-1438E-1134N_5753_3655_13_2019_10.tif,datasets\sen12_mt_urbanmapping\multimodal_cd_dataset\L15-1438E-1134N_5753_3655_13\s2\s2_L15-1438E-1134N_5753_3655_13_2019_10.tif,datasets\sen12_mt_urbanmapping\multimodal_cd_dataset\L15-1438E-1134N_5753_3655_13\buildings\buildings_L15-1438E-1134N_5753_3655_13_2019_10.tif
L15-1438E-1134N_5753_3655_13,2019,11,2019_11,True,True,True,False,False,False,True,True,True,datasets\sen12_mt_urbanmapping\multimodal_cd_dataset\L15-1438E-1134N_5753_3655_13\s1\s1_L15-1438E-1134N_5753_3655_13_2019_11.tif,datasets\sen12_mt_urbanmapping\multimodal_cd_dataset\L15-1438E-1134N_5753_3655_13\s2\s2_L15-1438E-1134N_5753_3655_13_2019_11.tif,datasets\sen12_mt_urbanmapping\multimodal_cd_dataset\L15-1438E-1134N_5753_3655_13\buildings\buildings_L15-1438E-1134N_5753_3655_13_2019_11.tif
L15-1438E-1134N_5753_3655_13,2019,12,2019_12,True,True,True,False,False,False,True,True,True,datasets\sen12_mt_urbanmapping\multimodal_cd_dataset\L15-1438E-1134N_5753_3655_13\s1\s1_L15-1438E-1134N_5753_3655_13_2019_12.tif,datasets\sen12_mt_urbanmapping\multimodal_cd_dataset\L15-1438E-1134N_5753_3655_13\s2\s2_L15-1438E-1134N_5753_3655_13_2019_12.tif,datasets\sen12_mt_urbanmapping\multimodal_cd_dataset\L15-1438E-1134N_5753_3655_13\buildings\buildings_L15-1438E-1134N_5753_3655_13_2019_12.tif
L15-1438E-1134N_5753_3655_13,2020,1,2020_01,True,True,True,False,False,False,True,True,True,datasets\sen12_mt_urbanmapping\multimodal_cd_dataset\L15-1438E-1134N_5753_3655_13\s1\s1_L15-1438E-1134N_5753_3655_13_2020_01.tif,datasets\sen12_mt_urbanmapping\multimodal_cd_dataset\L15-1438E-1134N_5753_3655_13\s2\s2_L15-1438E-1134N_5753_3655_13_2020_01.tif,datasets\sen12_mt_urbanmapping\multimodal_cd_dataset\L15-1438E-1134N_5753_3655_13\buildings\buildings_L15-1438E-1134N_5753_3655_13_2020_01.tif
L15-1439E-1134N_5759_3655_13,2018,2,2018_02,True,True,True,False,False,False,True,True,True,datasets\sen12_mt_urbanmapping\multimodal_cd_dataset\L15-1439E-1134N_5759_3655_13\s1\s1_L15-1439E-1134N_5759_3655_13_2018_02.tif,datasets\sen12_mt_urbanmapping\multimodal_cd_dataset\L15-1439E-1134N_5759_3655_13\s2\s2_L15-1439E-1134N_5759_3655_13_2018_02.tif,datasets\sen12_mt_urbanmapping\multimodal_cd_dataset\L15-1439E-1134N_5759_3655_13\buildings\buildings_L15-1439E-1134N_5759_3655_13_2018_02.tif
L15-1439E-1134N_5759_3655_13,2018,3,2018_03,True,True,True,False,False,False,True,True,True,datasets\sen12_mt_urbanmapping\multimodal_cd_dataset\L15-1439E-1134N_5759_3655_13\s1\s1_L15-1439E-1134N_5759_3655_13_2018_03.tif,datasets\sen12_mt_urbanmapping\multimodal_cd_dataset\L15-1439E-1134N_5759_3655_13\s2\s2_L15-1439E-1134N_5759_3655_13_2018_03.tif,datasets\sen12_mt_urbanmapping\multimodal_cd_dataset\L15-1439E-1134N_5759_3655_13\buildings\buildings_L15-1439E-1134N_5759_3655_13_2018_03.tif
L15-1439E-1134N_5759_3655_13,2018,4,2018_04,True,True,True,False,False,False,True,True,True,datasets\sen12_mt_urbanmapping\multimodal_cd_dataset\L15-1439E-1134N_5759_3655_13\s1\s1_L15-1439E-1134N_5759_3655_13_2018_04.tif,datasets\sen12_mt_urbanmapping\multimodal_cd_dataset\L15-1439E-1134N_5759_3655_13\s2\s2_L15-1439E-1134N_5759_3655_13_2018_04.tif,datasets\sen12_mt_urbanmapping\multimodal_cd_dataset\L15-1439E-1134N_5759_3655_13\buildings\buildings_L15-1439E-1134N_5759_3655_13_2018_04.tif
L15-1439E-1134N_5759_3655_13,2018,5,2018_05,True,True,True,False,False,False,True,True,True,datasets\sen12_mt_urbanmapping\multimodal_cd_dataset\L15-1439E-1134N_5759_3655_13\s1\s1_L15-1439E-1134N_5759_3655_13_2018_05.tif,datasets\sen12_mt_urbanmapping\multimodal_cd_dataset\L15-1439E-1134N_5759_3655_13\s2\s2_L15-1439E-1134N_5759_3655_13_2018_05.tif,datasets\sen12_mt_urbanmapping\multimodal_cd_dataset\L15-1439E-1134N_5759_3655_13\buildings\buildings_L15-1439E-1134N_5759_3655_13_2018_05.tif
L15-1439E-1134N_5759_3655_13,2018,6,2018_06,True,False,True,True,False,True,True,True,True,datasets\sen12_mt_urbanmapping\multimodal_cd_dataset\L15-1439E-1134N_5759_3655_13\s1\s1_L15-1439E-1134N_5759_3655_13_2018_06.tif,datasets\sen12_mt_urbanmapping\multimodal_cd_dataset\L15-1439E-1134N_5759_3655_13\s2\s2_L15-1439E-1134N_5759_3655_13_2018_06.tif,datasets\sen12_mt_urbanmapping\multimodal_cd_dataset\L15-1439E-1134N_5759_3655_13\buildings\buildings_L15-1439E-1134N_5759_3655_13_2018_06.tif
L15-1439E-1134N_5759_3655_13,2018,10,2018_10,True,True,True,False,False,False,True,True,True,datasets\sen12_mt_urbanmapping\multimodal_cd_dataset\L15-1439E-1134N_5759_3655_13\s1\s1_L15-1439E-1134N_5759_3655_13_2018_10.tif,datasets\sen12_mt_urbanmapping\multimodal_cd_dataset\L15-1439E-1134N_5759_3655_13\s2\s2_L15-1439E-1134N_5759_3655_13_2018_10.tif,datasets\sen12_mt_urbanmapping\multimodal_cd_dataset\L15-1439E-1134N_5759_3655_13\buildings\buildings_L15-1439E-1134N_5759_3655_13_2018_10.tif
L15-1439E-1134N_5759_3655_13,2018,11,2018_11,True,True,True,False,False,False,True,True,True,datasets\sen12_mt_urbanmapping\multimodal_cd_dataset\L15-1439E-1134N_5759_3655_13\s1\s1_L15-1439E-1134N_5759_3655_13_2018_11.tif,datasets\sen12_mt_urbanmapping\multimodal_cd_dataset\L15-1439E-1134N_5759_3655_13\s2\s2_L15-1439E-1134N_5759_3655_13_2018_11.tif,datasets\sen12_mt_urbanmapping\multimodal_cd_dataset\L15-1439E-1134N_5759_3655_13\buildings\buildings_L15-1439E-1134N_5759_3655_13_2018_11.tif
L15-1439E-1134N_5759_3655_13,2018,12,2018_12,True,True,True,False,False,False,True,True,True,datasets\sen12_mt_urbanmapping\multimodal_cd_dataset\L15-1439E-1134N_5759_3655_13\s1\s1_L15-1439E-1134N_5759_3655_13_2018_12.tif,datasets\sen12_mt_urbanmapping\multimodal_cd_dataset\L15-1439E-1134N_5759_3655_13\s2\s2_L15-1439E-1134N_5759_3655_13_2018_12.tif,datasets\sen12_mt_urbanmapping\multimodal_cd_dataset\L15-1439E-1134N_5759_3655_13\buildings\buildings_L15-1439E-1134N_5759_3655_13_2018_12.tif
L15-1439E-1134N_5759_3655_13,2019,1,2019_01,True,True,True,False,False,False,True,True,True,datasets\sen12_mt_urbanmapping\multimodal_cd_dataset\L15-1439E-1134N_5759_3655_13\s1\s1_L15-1439E-1134N_5759_3655_13_2019_01.tif,datasets\sen12_mt_urbanmapping\multimodal_cd_dataset\L15-1439E-1134N_5759_3655_13\s2\s2_L15-1439E-1134N_5759_3655_13_2019_01.tif,datasets\sen12_mt_urbanmapping\multimodal_cd_dataset\L15-1439E-1134N_5759_3655_13\buildings\buildings_L15-1439E-1134N_5759_3655_13_2019_01.tif
L15-1439E-1134N_5759_3655_13,2019,2,2019_02,False,True,False,False,True,False,False,True,False,,datasets\sen12_mt_urbanmapping\multimodal_cd_dataset\L15-1439E-1134N_5759_3655_13\s2\s2_L15-1439E-1134N_5759_3655_13_2019_02.tif,
L15-1439E-1134N_5759_3655_13,2019,3,2019_03,False,True,False,False,True,False,False,True,False,,datasets\sen12_mt_urbanmapping\multimodal_cd_dataset\L15-1439E-1134N_5759_3655_13\s2\s2_L15-1439E-1134N_5759_3655_13_2019_03.tif,
L15-1439E-1134N_5759_3655_13,2019,4,2019_04,False,True,False,False,True,False,False,True,False,,datasets\sen12_mt_urbanmapping\multimodal_cd_dataset\L15-1439E-1134N_5759_3655_13\s2\s2_L15-1439E-1134N_5759_3655_13_2019_04.tif,
L15-1439E-1134N_5759_3655_13,2019,5,2019_05,True,True,True,False,False,False,True,True,True,datasets\sen12_mt_urbanmapping\multimodal_cd_dataset\L15-1439E-1134N_5759_3655_13\s1\s1_L15-1439E-1134N_5759_3655_13_2019_05.tif,datasets\sen12_mt_urbanmapping\multimodal_cd_dataset\L15-1439E-1134N_5759_3655_13\s2\s2_L15-1439E-1134N_5759_3655_13_2019_05.tif,datasets\sen12_mt_urbanmapping\multimodal_cd_dataset\L15-1439E-1134N_5759_3655_13\buildings\buildings_L15-1439E-1134N_5759_3655_13_2019_05.tif
L15-1439E-1134N_5759_3655_13,2019,6,2019_06,True,True,True,False,False,False,True,True,True,datasets\sen12_mt_urbanmapping\multimodal_cd_dataset\L15-1439E-1134N_5759_3655_13\s1\s1_L15-1439E-1134N_5759_3655_13_2019_06.tif,datasets\sen12_mt_urbanmapping\multimodal_cd_dataset\L15-1439E-1134N_5759_3655_13\s2\s2_L15-1439E-1134N_5759_3655_13_2019_06.tif,datasets\sen12_mt_urbanmapping\multimodal_cd_dataset\L15-1439E-1134N_5759_3655_13\buildings\buildings_L15-1439E-1134N_5759_3655_13_2019_06.tif
L15-1439E-1134N_5759_3655_13,2019,10,2019_10,True,True,True,False,False,False,True,True,True,datasets\sen12_mt_urbanmapping\multimodal_cd_dataset\L15-1439E-1134N_5759_3655_13\s1\s1_L15-1439E-1134N_5759_3655_13_2019_10.tif,datasets\sen12_mt_urbanmapping\multimodal_cd_dataset\L15-1439E-1134N_5759_3655_13\s2\s2_L15-1439E-1134N_5759_3655_13_2019_10.tif,datasets\sen12_mt_urbanmapping\multimodal_cd_dataset\L15-1439E-1134N_5759_3655_13\buildings\buildings_L15-1439E-1134N_5759_3655_13_2019_10.tif
L15-1439E-1134N_5759_3655_13,2019,11,2019_11,True,True,True,False,False,False,True,True,True,datasets\sen12_mt_urbanmapping\multimodal_cd_dataset\L15-1439E-1134N_5759_3655_13\s1\s1_L15-1439E-1134N_5759_3655_13_2019_11.tif,datasets\sen12_mt_urbanmapping\multimodal_cd_dataset\L15-1439E-1134N_5759_3655_13\s2\s2_L15-1439E-1134N_5759_3655_13_2019_11.tif,datasets\sen12_mt_urbanmapping\multimodal_cd_dataset\L15-1439E-1134N_5759_3655_13\buildings\buildings_L15-1439E-1134N_5759_3655_13_2019_11.tif
L15-1439E-1134N_5759_3655_13,2019,12,2019_12,True,True,True,False,False,False,True,True,True,datasets\sen12_mt_urbanmapping\multimodal_cd_dataset\L15-1439E-1134N_5759_3655_13\s1\s1_L15-1439E-1134N_5759_3655_13_2019_12.tif,datasets\sen12_mt_urbanmapping\multimodal_cd_dataset\L15-1439E-1134N_5759_3655_13\s2\s2_L15-1439E-1134N_5759_3655_13_2019_12.tif,datasets\sen12_mt_urbanmapping\multimodal_cd_dataset\L15-1439E-1134N_5759_3655_13\buildings\buildings_L15-1439E-1134N_5759_3655_13_2019_12.tif
L15-1439E-1134N_5759_3655_13,2020,1,2020_01,True,True,True,False,False,False,True,True,True,datasets\sen12_mt_urbanmapping\multimodal_cd_dataset\L15-1439E-1134N_5759_3655_13\s1\s1_L15-1439E-1134N_5759_3655_13_2020_01.tif,datasets\sen12_mt_urbanmapping\multimodal_cd_dataset\L15-1439E-1134N_5759_3655_13\s2\s2_L15-1439E-1134N_5759_3655_13_2020_01.tif,datasets\sen12_mt_urbanmapping\multimodal_cd_dataset\L15-1439E-1134N_5759_3655_13\buildings\buildings_L15-1439E-1134N_5759_3655_13_2020_01.tif
L15-1479E-1101N_5916_3785_13,2018,1,2018_01,True,True,True,False,False,False,True,True,True,datasets\sen12_mt_urbanmapping\multimodal_cd_dataset\L15-1479E-1101N_5916_3785_13\s1\s1_L15-1479E-1101N_5916_3785_13_2018_01.tif,datasets\sen12_mt_urbanmapping\multimodal_cd_dataset\L15-1479E-1101N_5916_3785_13\s2\s2_L15-1479E-1101N_5916_3785_13_2018_01.tif,datasets\sen12_mt_urbanmapping\multimodal_cd_dataset\L15-1479E-1101N_5916_3785_13\buildings\buildings_L15-1479E-1101N_5916_3785_13_2018_01.tif
L15-1479E-1101N_5916_3785_13,2018,2,2018_02,True,True,True,False,False,False,True,True,True,datasets\sen12_mt_urbanmapping\multimodal_cd_dataset\L15-1479E-1101N_5916_3785_13\s1\s1_L15-1479E-1101N_5916_3785_13_2018_02.tif,datasets\sen12_mt_urbanmapping\multimodal_cd_dataset\L15-1479E-1101N_5916_3785_13\s2\s2_L15-1479E-1101N_5916_3785_13_2018_02.tif,datasets\sen12_mt_urbanmapping\multimodal_cd_dataset\L15-1479E-1101N_5916_3785_13\buildings\buildings_L15-1479E-1101N_5916_3785_13_2018_02.tif
L15-1479E-1101N_5916_3785_13,2018,3,2018_03,True,True,True,False,False,False,True,True,True,datasets\sen12_mt_urbanmapping\multimodal_cd_dataset\L15-1479E-1101N_5916_3785_13\s1\s1_L15-1479E-1101N_5916_3785_13_2018_03.tif,datasets\sen12_mt_urbanmapping\multimodal_cd_dataset\L15-1479E-1101N_5916_3785_13\s2\s2_L15-1479E-1101N_5916_3785_13_2018_03.tif,datasets\sen12_mt_urbanmapping\multimodal_cd_dataset\L15-1479E-1101N_5916_3785_13\buildings\buildings_L15-1479E-1101N_5916_3785_13_2018_03.tif
L15-1479E-1101N_5916_3785_13,2018,4,2018_04,True,True,True,False,False,False,True,True,True,datasets\sen12_mt_urbanmapping\multimodal_cd_dataset\L15-1479E-1101N_5916_3785_13\s1\s1_L15-1479E-1101N_5916_3785_13_2018_04.tif,datasets\sen12_mt_urbanmapping\multimodal_cd_dataset\L15-1479E-1101N_5916_3785_13\s2\s2_L15-1479E-1101N_5916_3785_13_2018_04.tif,datasets\sen12_mt_urbanmapping\multimodal_cd_dataset\L15-1479E-1101N_5916_3785_13\buildings\buildings_L15-1479E-1101N_5916_3785_13_2018_04.tif
L15-1479E-1101N_5916_3785_13,2018,5,2018_05,True,True,True,False,False,False,True,True,True,datasets\sen12_mt_urbanmapping\multimodal_cd_dataset\L15-1479E-1101N_5916_3785_13\s1\s1_L15-1479E-1101N_5916_3785_13_2018_05.tif,datasets\sen12_mt_urbanmapping\multimodal_cd_dataset\L15-1479E-1101N_5916_3785_13\s2\s2_L15-1479E-1101N_5916_3785_13_2018_05.tif,datasets\sen12_mt_urbanmapping\multimodal_cd_dataset\L15-1479E-1101N_5916_3785_13\buildings\buildings_L15-1479E-1101N_5916_3785_13_2018_05.tif
L15-1479E-1101N_5916_3785_13,2018,6,2018_06,True,True,True,False,False,False,True,True,True,datasets\sen12_mt_urbanmapping\multimodal_cd_dataset\L15-1479E-1101N_5916_3785_13\s1\s1_L15-1479E-1101N_5916_3785_13_2018_06.tif,datasets\sen12_mt_urbanmapping\multimodal_cd_dataset\L15-1479E-1101N_5916_3785_13\s2\s2_L15-1479E-1101N_5916_3785_13_2018_06.tif,datasets\sen12_mt_urbanmapping\multimodal_cd_dataset\L15-1479E-1101N_5916_3785_13\buildings\buildings_L15-1479E-1101N_5916_3785_13_2018_06.tif
L15-1479E-1101N_5916_3785_13,2018,7,2018_07,True,True,True,False,False,False,True,True,True,datasets\sen12_mt_urbanmapping\multimodal_cd_dataset\L15-1479E-1101N_5916_3785_13\s1\s1_L15-1479E-1101N_5916_3785_13_2018_07.tif,datasets\sen12_mt_urbanmapping\multimodal_cd_dataset\L15-1479E-1101N_5916_3785_13\s2\s2_L15-1479E-1101N_5916_3785_13_2018_07.tif,datasets\sen12_mt_urbanmapping\multimodal_cd_dataset\L15-1479E-1101N_5916_3785_13\buildings\buildings_L15-1479E-1101N_5916_3785_13_2018_07.tif
L15-1479E-1101N_5916_3785_13,2018,9,2018_09,True,True,True,False,False,False,True,True,True,datasets\sen12_mt_urbanmapping\multimodal_cd_dataset\L15-1479E-1101N_5916_3785_13\s1\s1_L15-1479E-1101N_5916_3785_13_2018_09.tif,datasets\sen12_mt_urbanmapping\multimodal_cd_dataset\L15-1479E-1101N_5916_3785_13\s2\s2_L15-1479E-1101N_5916_3785_13_2018_09.tif,datasets\sen12_mt_urbanmapping\multimodal_cd_dataset\L15-1479E-1101N_5916_3785_13\buildings\buildings_L15-1479E-1101N_5916_3785_13_2018_09.tif
L15-1479E-1101N_5916_3785_13,2018,10,2018_10,True,False,True,False,False,True,True,True,True,datasets\sen12_mt_urbanmapping\multimodal_cd_dataset\L15-1479E-1101N_5916_3785_13\s1\s1_L15-1479E-1101N_5916_3785_13_2018_10.tif,datasets\sen12_mt_urbanmapping\multimodal_cd_dataset\L15-1479E-1101N_5916_3785_13\s2\s2_L15-1479E-1101N_5916_3785_13_2018_10.tif,datasets\sen12_mt_urbanmapping\multimodal_cd_dataset\L15-1479E-1101N_5916_3785_13\buildings\buildings_L15-1479E-1101N_5916_3785_13_2018_10.tif
L15-1479E-1101N_5916_3785_13,2018,11,2018_11,True,False,True,False,False,True,True,True,True,datasets\sen12_mt_urbanmapping\multimodal_cd_dataset\L15-1479E-1101N_5916_3785_13\s1\s1_L15-1479E-1101N_5916_3785_13_2018_11.tif,datasets\sen12_mt_urbanmapping\multimodal_cd_dataset\L15-1479E-1101N_5916_3785_13\s2\s2_L15-1479E-1101N_5916_3785_13_2018_11.tif,datasets\sen12_mt_urbanmapping\multimodal_cd_dataset\L15-1479E-1101N_5916_3785_13\buildings\buildings_L15-1479E-1101N_5916_3785_13_2018_11.tif
L15-1479E-1101N_5916_3785_13,2018,12,2018_12,True,True,True,False,False,False,True,True,True,datasets\sen12_mt_urbanmapping\multimodal_cd_dataset\L15-1479E-1101N_5916_3785_13\s1\s1_L15-1479E-1101N_5916_3785_13_2018_12.tif,datasets\sen12_mt_urbanmapping\multimodal_cd_dataset\L15-1479E-1101N_5916_3785_13\s2\s2_L15-1479E-1101N_5916_3785_13_2018_12.tif,datasets\sen12_mt_urbanmapping\multimodal_cd_dataset\L15-1479E-1101N_5916_3785_13\buildings\buildings_L15-1479E-1101N_5916_3785_13_2018_12.tif
L15-1479E-1101N_5916_3785_13,2019,1,2019_01,True,False,True,False,False,True,True,True,True,datasets\sen12_mt_urbanmapping\multimodal_cd_dataset\L15-1479E-1101N_5916_3785_13\s1\s1_L15-1479E-1101N_5916_3785_13_2019_01.tif,datasets\sen12_mt_urbanmapping\multimodal_cd_dataset\L15-1479E-1101N_5916_3785_13\s2\s2_L15-1479E-1101N_5916_3785_13_2019_01.tif,datasets\sen12_mt_urbanmapping\multimodal_cd_dataset\L15-1479E-1101N_5916_3785_13\buildings\buildings_L15-1479E-1101N_5916_3785_13_2019_01.tif
L15-1479E-1101N_5916_3785_13,2019,2,2019_02,True,True,True,False,False,False,True,True,True,datasets\sen12_mt_urbanmapping\multimodal_cd_dataset\L15-1479E-1101N_5916_3785_13\s1\s1_L15-1479E-1101N_5916_3785_13_2019_02.tif,datasets\sen12_mt_urbanmapping\multimodal_cd_dataset\L15-1479E-1101N_5916_3785_13\s2\s2_L15-1479E-1101N_5916_3785_13_2019_02.tif,datasets\sen12_mt_urbanmapping\multimodal_cd_dataset\L15-1479E-1101N_5916_3785_13\buildings\buildings_L15-1479E-1101N_5916_3785_13_2019_02.tif
L15-1479E-1101N_5916_3785_13,2019,3,2019_03,True,True,True,False,False,False,True,True,True,datasets\sen12_mt_urbanmapping\multimodal_cd_dataset\L15-1479E-1101N_5916_3785_13\s1\s1_L15-1479E-1101N_5916_3785_13_2019_03.tif,datasets\sen12_mt_urbanmapping\multimodal_cd_dataset\L15-1479E-1101N_5916_3785_13\s2\s2_L15-1479E-1101N_5916_3785_13_2019_03.tif,datasets\sen12_mt_urbanmapping\multimodal_cd_dataset\L15-1479E-1101N_5916_3785_13\buildings\buildings_L15-1479E-1101N_5916_3785_13_2019_03.tif
L15-1479E-1101N_5916_3785_13,2019,4,2019_04,True,True,True,False,False,False,True,True,True,datasets\sen12_mt_urbanmapping\multimodal_cd_dataset\L15-1479E-1101N_5916_3785_13\s1\s1_L15-1479E-1101N_5916_3785_13_2019_04.tif,datasets\sen12_mt_urbanmapping\multimodal_cd_dataset\L15-1479E-1101N_5916_3785_13\s2\s2_L15-1479E-1101N_5916_3785_13_2019_04.tif,datasets\sen12_mt_urbanmapping\multimodal_cd_dataset\L15-1479E-1101N_5916_3785_13\buildings\buildings_L15-1479E-1101N_5916_3785_13_2019_04.tif
L15-1479E-1101N_5916_3785_13,2019,5,2019_05,True,True,True,False,False,False,True,True,True,datasets\sen12_mt_urbanmapping\multimodal_cd_dataset\L15-1479E-1101N_5916_3785_13\s1\s1_L15-1479E-1101N_5916_3785_13_2019_05.tif,datasets\sen12_mt_urbanmapping\multimodal_cd_dataset\L15-1479E-1101N_5916_3785_13\s2\s2_L15-1479E-1101N_5916_3785_13_2019_05.tif,datasets\sen12_mt_urbanmapping\multimodal_cd_dataset\L15-1479E-1101N_5916_3785_13\buildings\buildings_L15-1479E-1101N_5916_3785_13_2019_05.tif
L15-1479E-1101N_5916_3785_13,2019,6,2019_06,True,True,True,False,False,False,True,True,True,datasets\sen12_mt_urbanmapping\multimodal_cd_dataset\L15-1479E-1101N_5916_3785_13\s1\s1_L15-1479E-1101N_5916_3785_13_2019_06.tif,datasets\sen12_mt_urbanmapping\multimodal_cd_dataset\L15-1479E-1101N_5916_3785_13\s2\s2_L15-1479E-1101N_5916_3785_13_2019_06.tif,datasets\sen12_mt_urbanmapping\multimodal_cd_dataset\L15-1479E-1101N_5916_3785_13\buildings\buildings_L15-1479E-1101N_5916_3785_13_2019_06.tif
L15-1479E-1101N_5916_3785_13,2019,7,2019_07,True,True,True,False,False,False,True,True,True,datasets\sen12_mt_urbanmapping\multimodal_cd_dataset\L15-1479E-1101N_5916_3785_13\s1\s1_L15-1479E-1101N_5916_3785_13_2019_07.tif,datasets\sen12_mt_urbanmapping\multimodal_cd_dataset\L15-1479E-1101N_5916_3785_13\s2\s2_L15-1479E-1101N_5916_3785_13_2019_07.tif,datasets\sen12_mt_urbanmapping\multimodal_cd_dataset\L15-1479E-1101N_5916_3785_13\buildings\buildings_L15-1479E-1101N_5916_3785_13_2019_07.tif
L15-1479E-1101N_5916_3785_13,2019,8,2019_08,True,True,True,True,False,False,True,True,True,datasets\sen12_mt_urbanmapping\multimodal_cd_dataset\L15-1479E-1101N_5916_3785_13\s1\s1_L15-1479E-1101N_5916_3785_13_2019_08.tif,datasets\sen12_mt_urbanmapping\multimodal_cd_dataset\L15-1479E-1101N_5916_3785_13\s2\s2_L15-1479E-1101N_5916_3785_13_2019_08.tif,datasets\sen12_mt_urbanmapping\multimodal_cd_dataset\L15-1479E-1101N_5916_3785_13\buildings\buildings_L15-1479E-1101N_5916_3785_13_2019_08.tif
L15-1479E-1101N_5916_3785_13,2019,9,2019_09,True,True,True,False,False,False,True,True,True,datasets\sen12_mt_urbanmapping\multimodal_cd_dataset\L15-1479E-1101N_5916_3785_13\s1\s1_L15-1479E-1101N_5916_3785_13_2019_09.tif,datasets\sen12_mt_urbanmapping\multimodal_cd_dataset\L15-1479E-1101N_5916_3785_13\s2\s2_L15-1479E-1101N_5916_3785_13_2019_09.tif,datasets\sen12_mt_urbanmapping\multimodal_cd_dataset\L15-1479E-1101N_5916_3785_13\buildings\buildings_L15-1479E-1101N_5916_3785_13_2019_09.tif
L15-1479E-1101N_5916_3785_13,2019,11,2019_11,True,False,True,False,False,True,True,True,True,datasets\sen12_mt_urbanmapping\multimodal_cd_dataset\L15-1479E-1101N_5916_3785_13\s1\s1_L15-1479E-1101N_5916_3785_13_2019_11.tif,datasets\sen12_mt_urbanmapping\multimodal_cd_dataset\L15-1479E-1101N_5916_3785_13\s2\s2_L15-1479E-1101N_5916_3785_13_2019_11.tif,datasets\sen12_mt_urbanmapping\multimodal_cd_dataset\L15-1479E-1101N_5916_3785_13\buildings\buildings_L15-1479E-1101N_5916_3785_13_2019_11.tif
L15-1479E-1101N_5916_3785_13,2019,12,2019_12,True,False,True,False,False,True,True,True,True,datasets\sen12_mt_urbanmapping\multimodal_cd_dataset\L15-1479E-1101N_5916_3785_13\s1\s1_L15-1479E-1101N_5916_3785_13_2019_12.tif,datasets\sen12_mt_urbanmapping\multimodal_cd_dataset\L15-1479E-1101N_5916_3785_13\s2\s2_L15-1479E-1101N_5916_3785_13_2019_12.tif,datasets\sen12_mt_urbanmapping\multimodal_cd_dataset\L15-1479E-1101N_5916_3785_13\buildings\buildings_L15-1479E-1101N_5916_3785_13_2019_12.tif
L15-1479E-1101N_5916_3785_13,2020,1,2020_01,True,True,True,False,False,False,True,True,True,datasets\sen12_mt_urbanmapping\multimodal_cd_dataset\L15-1479E-1101N_5916_3785_13\s1\s1_L15-1479E-1101N_5916_3785_13_2020_01.tif,datasets\sen12_mt_urbanmapping\multimodal_cd_dataset\L15-1479E-1101N_5916_3785_13\s2\s2_L15-1479E-1101N_5916_3785_13_2020_01.tif,datasets\sen12_mt_urbanmapping\multimodal_cd_dataset\L15-1479E-1101N_5916_3785_13\buildings\buildings_L15-1479E-1101N_5916_3785_13_2020_01.tif
L15-1481E-1119N_5927_3715_13,2018,1,2018_01,True,True,True,False,False,False,True,True,True,datasets\sen12_mt_urbanmapping\multimodal_cd_dataset\L15-1481E-1119N_5927_3715_13\s1\s1_L15-1481E-1119N_5927_3715_13_2018_01.tif,datasets\sen12_mt_urbanmapping\multimodal_cd_dataset\L15-1481E-1119N_5927_3715_13\s2\s2_L15-1481E-1119N_5927_3715_13_2018_01.tif,datasets\sen12_mt_urbanmapping\multimodal_cd_dataset\L15-1481E-1119N_5927_3715_13\buildings\buildings_L15-1481E-1119N_5927_3715_13_2018_01.tif
L15-1481E-1119N_5927_3715_13,2018,2,2018_02,True,True,True,False,False,False,True,True,True,datasets\sen12_mt_urbanmapping\multimodal_cd_dataset\L15-1481E-1119N_5927_3715_13\s1\s1_L15-1481E-1119N_5927_3715_13_2018_02.tif,datasets\sen12_mt_urbanmapping\multimodal_cd_dataset\L15-1481E-1119N_5927_3715_13\s2\s2_L15-1481E-1119N_5927_3715_13_2018_02.tif,datasets\sen12_mt_urbanmapping\multimodal_cd_dataset\L15-1481E-1119N_5927_3715_13\buildings\buildings_L15-1481E-1119N_5927_3715_13_2018_02.tif
L15-1481E-1119N_5927_3715_13,2018,3,2018_03,True,True,True,False,False,False,True,True,True,datasets\sen12_mt_urbanmapping\multimodal_cd_dataset\L15-1481E-1119N_5927_3715_13\s1\s1_L15-1481E-1119N_5927_3715_13_2018_03.tif,datasets\sen12_mt_urbanmapping\multimodal_cd_dataset\L15-1481E-1119N_5927_3715_13\s2\s2_L15-1481E-1119N_5927_3715_13_2018_03.tif,datasets\sen12_mt_urbanmapping\multimodal_cd_dataset\L15-1481E-1119N_5927_3715_13\buildings\buildings_L15-1481E-1119N_5927_3715_13_2018_03.tif
L15-1481E-1119N_5927_3715_13,2018,4,2018_04,True,True,True,False,False,False,True,True,True,datasets\sen12_mt_urbanmapping\multimodal_cd_dataset\L15-1481E-1119N_5927_3715_13\s1\s1_L15-1481E-1119N_5927_3715_13_2018_04.tif,datasets\sen12_mt_urbanmapping\multimodal_cd_dataset\L15-1481E-1119N_5927_3715_13\s2\s2_L15-1481E-1119N_5927_3715_13_2018_04.tif,datasets\sen12_mt_urbanmapping\multimodal_cd_dataset\L15-1481E-1119N_5927_3715_13\buildings\buildings_L15-1481E-1119N_5927_3715_13_2018_04.tif
L15-1481E-1119N_5927_3715_13,2018,5,2018_05,True,True,True,True,False,False,True,True,True,datasets\sen12_mt_urbanmapping\multimodal_cd_dataset\L15-1481E-1119N_5927_3715_13\s1\s1_L15-1481E-1119N_5927_3715_13_2018_05.tif,datasets\sen12_mt_urbanmapping\multimodal_cd_dataset\L15-1481E-1119N_5927_3715_13\s2\s2_L15-1481E-1119N_5927_3715_13_2018_05.tif,datasets\sen12_mt_urbanmapping\multimodal_cd_dataset\L15-1481E-1119N_5927_3715_13\buildings\buildings_L15-1481E-1119N_5927_3715_13_2018_05.tif
L15-1481E-1119N_5927_3715_13,2018,6,2018_06,True,True,True,False,False,False,True,True,True,datasets\sen12_mt_urbanmapping\multimodal_cd_dataset\L15-1481E-1119N_5927_3715_13\s1\s1_L15-1481E-1119N_5927_3715_13_2018_06.tif,datasets\sen12_mt_urbanmapping\multimodal_cd_dataset\L15-1481E-1119N_5927_3715_13\s2\s2_L15-1481E-1119N_5927_3715_13_2018_06.tif,datasets\sen12_mt_urbanmapping\multimodal_cd_dataset\L15-1481E-1119N_5927_3715_13\buildings\buildings_L15-1481E-1119N_5927_3715_13_2018_06.tif
L15-1481E-1119N_5927_3715_13,2018,8,2018_08,True,True,True,False,False,False,True,True,True,datasets\sen12_mt_urbanmapping\multimodal_cd_dataset\L15-1481E-1119N_5927_3715_13\s1\s1_L15-1481E-1119N_5927_3715_13_2018_08.tif,datasets\sen12_mt_urbanmapping\multimodal_cd_dataset\L15-1481E-1119N_5927_3715_13\s2\s2_L15-1481E-1119N_5927_3715_13_2018_08.tif,datasets\sen12_mt_urbanmapping\multimodal_cd_dataset\L15-1481E-1119N_5927_3715_13\buildings\buildings_L15-1481E-1119N_5927_3715_13_2018_08.tif
L15-1481E-1119N_5927_3715_13,2018,9,2018_09,True,True,True,True,False,False,True,True,True,datasets\sen12_mt_urbanmapping\multimodal_cd_dataset\L15-1481E-1119N_5927_3715_13\s1\s1_L15-1481E-1119N_5927_3715_13_2018_09.tif,datasets\sen12_mt_urbanmapping\multimodal_cd_dataset\L15-1481E-1119N_5927_3715_13\s2\s2_L15-1481E-1119N_5927_3715_13_2018_09.tif,datasets\sen12_mt_urbanmapping\multimodal_cd_dataset\L15-1481E-1119N_5927_3715_13\buildings\buildings_L15-1481E-1119N_5927_3715_13_2018_09.tif
L15-1481E-1119N_5927_3715_13,2018,10,2018_10,True,True,True,False,False,False,True,True,True,datasets\sen12_mt_urbanmapping\multimodal_cd_dataset\L15-1481E-1119N_5927_3715_13\s1\s1_L15-1481E-1119N_5927_3715_13_2018_10.tif,datasets\sen12_mt_urbanmapping\multimodal_cd_dataset\L15-1481E-1119N_5927_3715_13\s2\s2_L15-1481E-1119N_5927_3715_13_2018_10.tif,datasets\sen12_mt_urbanmapping\multimodal_cd_dataset\L15-1481E-1119N_5927_3715_13\buildings\buildings_L15-1481E-1119N_5927_3715_13_2018_10.tif
L15-1481E-1119N_5927_3715_13,2018,11,2018_11,True,False,True,False,False,True,True,True,True,datasets\sen12_mt_urbanmapping\multimodal_cd_dataset\L15-1481E-1119N_5927_3715_13\s1\s1_L15-1481E-1119N_5927_3715_13_2018_11.tif,datasets\sen12_mt_urbanmapping\multimodal_cd_dataset\L15-1481E-1119N_5927_3715_13\s2\s2_L15-1481E-1119N_5927_3715_13_2018_11.tif,datasets\sen12_mt_urbanmapping\multimodal_cd_dataset\L15-1481E-1119N_5927_3715_13\buildings\buildings_L15-1481E-1119N_5927_3715_13_2018_11.tif
L15-1481E-1119N_5927_3715_13,2018,12,2018_12,True,True,True,False,False,False,True,True,True,datasets\sen12_mt_urbanmapping\multimodal_cd_dataset\L15-1481E-1119N_5927_3715_13\s1\s1_L15-1481E-1119N_5927_3715_13_2018_12.tif,datasets\sen12_mt_urbanmapping\multimodal_cd_dataset\L15-1481E-1119N_5927_3715_13\s2\s2_L15-1481E-1119N_5927_3715_13_2018_12.tif,datasets\sen12_mt_urbanmapping\multimodal_cd_dataset\L15-1481E-1119N_5927_3715_13\buildings\buildings_L15-1481E-1119N_5927_3715_13_2018_12.tif
L15-1481E-1119N_5927_3715_13,2019,1,2019_01,True,True,True,False,False,False,True,True,True,datasets\sen12_mt_urbanmapping\multimodal_cd_dataset\L15-1481E-1119N_5927_3715_13\s1\s1_L15-1481E-1119N_5927_3715_13_2019_01.tif,datasets\sen12_mt_urbanmapping\multimodal_cd_dataset\L15-1481E-1119N_5927_3715_13\s2\s2_L15-1481E-1119N_5927_3715_13_2019_01.tif,datasets\sen12_mt_urbanmapping\multimodal_cd_dataset\L15-1481E-1119N_5927_3715_13\buildings\buildings_L15-1481E-1119N_5927_3715_13_2019_01.tif
L15-1481E-1119N_5927_3715_13,2019,2,2019_02,True,True,True,False,False,False,True,True,True,datasets\sen12_mt_urbanmapping\multimodal_cd_dataset\L15-1481E-1119N_5927_3715_13\s1\s1_L15-1481E-1119N_5927_3715_13_2019_02.tif,datasets\sen12_mt_urbanmapping\multimodal_cd_dataset\L15-1481E-1119N_5927_3715_13\s2\s2_L15-1481E-1119N_5927_3715_13_2019_02.tif,datasets\sen12_mt_urbanmapping\multimodal_cd_dataset\L15-1481E-1119N_5927_3715_13\buildings\buildings_L15-1481E-1119N_5927_3715_13_2019_02.tif
L15-1481E-1119N_5927_3715_13,2019,3,2019_03,True,True,True,False,False,False,True,True,True,datasets\sen12_mt_urbanmapping\multimodal_cd_dataset\L15-1481E-1119N_5927_3715_13\s1\s1_L15-1481E-1119N_5927_3715_13_2019_03.tif,datasets\sen12_mt_urbanmapping\multimodal_cd_dataset\L15-1481E-1119N_5927_3715_13\s2\s2_L15-1481E-1119N_5927_3715_13_2019_03.tif,datasets\sen12_mt_urbanmapping\multimodal_cd_dataset\L15-1481E-1119N_5927_3715_13\buildings\buildings_L15-1481E-1119N_5927_3715_13_2019_03.tif
L15-1481E-1119N_5927_3715_13,2019,4,2019_04,True,True,True,False,False,False,True,True,True,datasets\sen12_mt_urbanmapping\multimodal_cd_dataset\L15-1481E-1119N_5927_3715_13\s1\s1_L15-1481E-1119N_5927_3715_13_2019_04.tif,datasets\sen12_mt_urbanmapping\multimodal_cd_dataset\L15-1481E-1119N_5927_3715_13\s2\s2_L15-1481E-1119N_5927_3715_13_2019_04.tif,datasets\sen12_mt_urbanmapping\multimodal_cd_dataset\L15-1481E-1119N_5927_3715_13\buildings\buildings_L15-1481E-1119N_5927_3715_13_2019_04.tif
L15-1481E-1119N_5927_3715_13,2019,5,2019_05,True,True,True,False,False,False,True,True,True,datasets\sen12_mt_urbanmapping\multimodal_cd_dataset\L15-1481E-1119N_5927_3715_13\s1\s1_L15-1481E-1119N_5927_3715_13_2019_05.tif,datasets\sen12_mt_urbanmapping\multimodal_cd_dataset\L15-1481E-1119N_5927_3715_13\s2\s2_L15-1481E-1119N_5927_3715_13_2019_05.tif,datasets\sen12_mt_urbanmapping\multimodal_cd_dataset\L15-1481E-1119N_5927_3715_13\buildings\buildings_L15-1481E-1119N_5927_3715_13_2019_05.tif
L15-1481E-1119N_5927_3715_13,2019,6,2019_06,True,True,True,False,False,False,True,True,True,datasets\sen12_mt_urbanmapping\multimodal_cd_dataset\L15-1481E-1119N_5927_3715_13\s1\s1_L15-1481E-1119N_5927_3715_13_2019_06.tif,datasets\sen12_mt_urbanmapping\multimodal_cd_dataset\L15-1481E-1119N_5927_3715_13\s2\s2_L15-1481E-1119N_5927_3715_13_2019_06.tif,datasets\sen12_mt_urbanmapping\multimodal_cd_dataset\L15-1481E-1119N_5927_3715_13\buildings\buildings_L15-1481E-1119N_5927_3715_13_2019_06.tif
L15-1481E-1119N_5927_3715_13,2019,7,2019_07,True,False,True,False,False,True,True,True,True,datasets\sen12_mt_urbanmapping\multimodal_cd_dataset\L15-1481E-1119N_5927_3715_13\s1\s1_L15-1481E-1119N_5927_3715_13_2019_07.tif,datasets\sen12_mt_urbanmapping\multimodal_cd_dataset\L15-1481E-1119N_5927_3715_13\s2\s2_L15-1481E-1119N_5927_3715_13_2019_07.tif,datasets\sen12_mt_urbanmapping\multimodal_cd_dataset\L15-1481E-1119N_5927_3715_13\buildings\buildings_L15-1481E-1119N_5927_3715_13_2019_07.tif
L15-1481E-1119N_5927_3715_13,2019,8,2019_08,True,True,True,False,False,False,True,True,True,datasets\sen12_mt_urbanmapping\multimodal_cd_dataset\L15-1481E-1119N_5927_3715_13\s1\s1_L15-1481E-1119N_5927_3715_13_2019_08.tif,datasets\sen12_mt_urbanmapping\multimodal_cd_dataset\L15-1481E-1119N_5927_3715_13\s2\s2_L15-1481E-1119N_5927_3715_13_2019_08.tif,datasets\sen12_mt_urbanmapping\multimodal_cd_dataset\L15-1481E-1119N_5927_3715_13\buildings\buildings_L15-1481E-1119N_5927_3715_13_2019_08.tif
L15-1481E-1119N_5927_3715_13,2019,9,2019_09,True,False,True,True,False,True,True,True,True,datasets\sen12_mt_urbanmapping\multimodal_cd_dataset\L15-1481E-1119N_5927_3715_13\s1\s1_L15-1481E-1119N_5927_3715_13_2019_09.tif,datasets\sen12_mt_urbanmapping\multimodal_cd_dataset\L15-1481E-1119N_5927_3715_13\s2\s2_L15-1481E-1119N_5927_3715_13_2019_09.tif,datasets\sen12_mt_urbanmapping\multimodal_cd_dataset\L15-1481E-1119N_5927_3715_13\buildings\buildings_L15-1481E-1119N_5927_3715_13_2019_09.tif
L15-1481E-1119N_5927_3715_13,2019,10,2019_10,True,False,True,True,False,True,True,True,True,datasets\sen12_mt_urbanmapping\multimodal_cd_dataset\L15-1481E-1119N_5927_3715_13\s1\s1_L15-1481E-1119N_5927_3715_13_2019_10.tif,datasets\sen12_mt_urbanmapping\multimodal_cd_dataset\L15-1481E-1119N_5927_3715_13\s2\s2_L15-1481E-1119N_5927_3715_13_2019_10.tif,datasets\sen12_mt_urbanmapping\multimodal_cd_dataset\L15-1481E-1119N_5927_3715_13\buildings\buildings_L15-1481E-1119N_5927_3715_13_2019_10.tif
L15-1481E-1119N_5927_3715_13,2019,11,2019_11,True,True,True,False,False,False,True,True,True,datasets\sen12_mt_urbanmapping\multimodal_cd_dataset\L15-1481E-1119N_5927_3715_13\s1\s1_L15-1481E-1119N_5927_3715_13_2019_11.tif,datasets\sen12_mt_urbanmapping\multimodal_cd_dataset\L15-1481E-1119N_5927_3715_13\s2\s2_L15-1481E-1119N_5927_3715_13_2019_11.tif,datasets\sen12_mt_urbanmapping\multimodal_cd_dataset\L15-1481E-1119N_5927_3715_13\buildings\buildings_L15-1481E-1119N_5927_3715_13_2019_11.tif
L15-1481E-1119N_5927_3715_13,2019,12,2019_12,True,False,True,False,False,True,True,True,True,datasets\sen12_mt_urbanmapping\multimodal_cd_dataset\L15-1481E-1119N_5927_3715_13\s1\s1_L15-1481E-1119N_5927_3715_13_2019_12.tif,datasets\sen12_mt_urbanmapping\multimodal_cd_dataset\L15-1481E-1119N_5927_3715_13\s2\s2_L15-1481E-1119N_5927_3715_13_2019_12.tif,datasets\sen12_mt_urbanmapping\multimodal_cd_dataset\L15-1481E-1119N_5927_3715_13\buildings\buildings_L15-1481E-1119N_5927_3715_13_2019_12.tif
L15-1481E-1119N_5927_3715_13,2020,1,2020_01,True,True,True,False,False,False,True,True,True,datasets\sen12_mt_urbanmapping\multimodal_cd_dataset\L15-1481E-1119N_5927_3715_13\s1\s1_L15-1481E-1119N_5927_3715_13_2020_01.tif,datasets\sen12_mt_urbanmapping\multimodal_cd_dataset\L15-1481E-1119N_5927_3715_13\s2\s2_L15-1481E-1119N_5927_3715_13_2020_01.tif,datasets\sen12_mt_urbanmapping\multimodal_cd_dataset\L15-1481E-1119N_5927_3715_13\buildings\buildings_L15-1481E-1119N_5927_3715_13_2020_01.tif
L15-1538E-1163N_6154_3539_13,2018,1,2018_01,True,False,True,False,False,True,True,True,True,datasets\sen12_mt_urbanmapping\multimodal_cd_dataset\L15-1538E-1163N_6154_3539_13\s1\s1_L15-1538E-1163N_6154_3539_13_2018_01.tif,datasets\sen12_mt_urbanmapping\multimodal_cd_dataset\L15-1538E-1163N_6154_3539_13\s2\s2_L15-1538E-1163N_6154_3539_13_2018_01.tif,datasets\sen12_mt_urbanmapping\multimodal_cd_dataset\L15-1538E-1163N_6154_3539_13\buildings\buildings_L15-1538E-1163N_6154_3539_13_2018_01.tif
L15-1538E-1163N_6154_3539_13,2018,2,2018_02,True,True,True,False,False,False,True,True,True,datasets\sen12_mt_urbanmapping\multimodal_cd_dataset\L15-1538E-1163N_6154_3539_13\s1\s1_L15-1538E-1163N_6154_3539_13_2018_02.tif,datasets\sen12_mt_urbanmapping\multimodal_cd_dataset\L15-1538E-1163N_6154_3539_13\s2\s2_L15-1538E-1163N_6154_3539_13_2018_02.tif,datasets\sen12_mt_urbanmapping\multimodal_cd_dataset\L15-1538E-1163N_6154_3539_13\buildings\buildings_L15-1538E-1163N_6154_3539_13_2018_02.tif
L15-1538E-1163N_6154_3539_13,2018,3,2018_03,True,True,True,False,False,False,True,True,True,datasets\sen12_mt_urbanmapping\multimodal_cd_dataset\L15-1538E-1163N_6154_3539_13\s1\s1_L15-1538E-1163N_6154_3539_13_2018_03.tif,datasets\sen12_mt_urbanmapping\multimodal_cd_dataset\L15-1538E-1163N_6154_3539_13\s2\s2_L15-1538E-1163N_6154_3539_13_2018_03.tif,datasets\sen12_mt_urbanmapping\multimodal_cd_dataset\L15-1538E-1163N_6154_3539_13\buildings\buildings_L15-1538E-1163N_6154_3539_13_2018_03.tif
L15-1538E-1163N_6154_3539_13,2018,4,2018_04,True,True,True,True,False,False,True,True,True,datasets\sen12_mt_urbanmapping\multimodal_cd_dataset\L15-1538E-1163N_6154_3539_13\s1\s1_L15-1538E-1163N_6154_3539_13_2018_04.tif,datasets\sen12_mt_urbanmapping\multimodal_cd_dataset\L15-1538E-1163N_6154_3539_13\s2\s2_L15-1538E-1163N_6154_3539_13_2018_04.tif,datasets\sen12_mt_urbanmapping\multimodal_cd_dataset\L15-1538E-1163N_6154_3539_13\buildings\buildings_L15-1538E-1163N_6154_3539_13_2018_04.tif
L15-1538E-1163N_6154_3539_13,2018,5,2018_05,True,True,True,False,False,False,True,True,True,datasets\sen12_mt_urbanmapping\multimodal_cd_dataset\L15-1538E-1163N_6154_3539_13\s1\s1_L15-1538E-1163N_6154_3539_13_2018_05.tif,datasets\sen12_mt_urbanmapping\multimodal_cd_dataset\L15-1538E-1163N_6154_3539_13\s2\s2_L15-1538E-1163N_6154_3539_13_2018_05.tif,datasets\sen12_mt_urbanmapping\multimodal_cd_dataset\L15-1538E-1163N_6154_3539_13\buildings\buildings_L15-1538E-1163N_6154_3539_13_2018_05.tif
L15-1538E-1163N_6154_3539_13,2018,8,2018_08,True,False,True,False,False,True,True,True,True,datasets\sen12_mt_urbanmapping\multimodal_cd_dataset\L15-1538E-1163N_6154_3539_13\s1\s1_L15-1538E-1163N_6154_3539_13_2018_08.tif,datasets\sen12_mt_urbanmapping\multimodal_cd_dataset\L15-1538E-1163N_6154_3539_13\s2\s2_L15-1538E-1163N_6154_3539_13_2018_08.tif,datasets\sen12_mt_urbanmapping\multimodal_cd_dataset\L15-1538E-1163N_6154_3539_13\buildings\buildings_L15-1538E-1163N_6154_3539_13_2018_08.tif
L15-1538E-1163N_6154_3539_13,2018,9,2018_09,True,False,True,True,False,True,True,True,True,datasets\sen12_mt_urbanmapping\multimodal_cd_dataset\L15-1538E-1163N_6154_3539_13\s1\s1_L15-1538E-1163N_6154_3539_13_2018_09.tif,datasets\sen12_mt_urbanmapping\multimodal_cd_dataset\L15-1538E-1163N_6154_3539_13\s2\s2_L15-1538E-1163N_6154_3539_13_2018_09.tif,datasets\sen12_mt_urbanmapping\multimodal_cd_dataset\L15-1538E-1163N_6154_3539_13\buildings\buildings_L15-1538E-1163N_6154_3539_13_2018_09.tif
L15-1538E-1163N_6154_3539_13,2018,10,2018_10,True,True,True,False,False,False,True,True,True,datasets\sen12_mt_urbanmapping\multimodal_cd_dataset\L15-1538E-1163N_6154_3539_13\s1\s1_L15-1538E-1163N_6154_3539_13_2018_10.tif,datasets\sen12_mt_urbanmapping\multimodal_cd_dataset\L15-1538E-1163N_6154_3539_13\s2\s2_L15-1538E-1163N_6154_3539_13_2018_10.tif,datasets\sen12_mt_urbanmapping\multimodal_cd_dataset\L15-1538E-1163N_6154_3539_13\buildings\buildings_L15-1538E-1163N_6154_3539_13_2018_10.tif
L15-1538E-1163N_6154_3539_13,2018,11,2018_11,True,True,True,False,False,False,True,True,True,datasets\sen12_mt_urbanmapping\multimodal_cd_dataset\L15-1538E-1163N_6154_3539_13\s1\s1_L15-1538E-1163N_6154_3539_13_2018_11.tif,datasets\sen12_mt_urbanmapping\multimodal_cd_dataset\L15-1538E-1163N_6154_3539_13\s2\s2_L15-1538E-1163N_6154_3539_13_2018_11.tif,datasets\sen12_mt_urbanmapping\multimodal_cd_dataset\L15-1538E-1163N_6154_3539_13\buildings\buildings_L15-1538E-1163N_6154_3539_13_2018_11.tif
L15-1538E-1163N_6154_3539_13,2018,12,2018_12,True,True,True,True,False,False,True,True,True,datasets\sen12_mt_urbanmapping\multimodal_cd_dataset\L15-1538E-1163N_6154_3539_13\s1\s1_L15-1538E-1163N_6154_3539_13_2018_12.tif,datasets\sen12_mt_urbanmapping\multimodal_cd_dataset\L15-1538E-1163N_6154_3539_13\s2\s2_L15-1538E-1163N_6154_3539_13_2018_12.tif,datasets\sen12_mt_urbanmapping\multimodal_cd_dataset\L15-1538E-1163N_6154_3539_13\buildings\buildings_L15-1538E-1163N_6154_3539_13_2018_12.tif
L15-1538E-1163N_6154_3539_13,2019,1,2019_01,True,True,True,False,False,False,True,True,True,datasets\sen12_mt_urbanmapping\multimodal_cd_dataset\L15-1538E-1163N_6154_3539_13\s1\s1_L15-1538E-1163N_6154_3539_13_2019_01.tif,datasets\sen12_mt_urbanmapping\multimodal_cd_dataset\L15-1538E-1163N_6154_3539_13\s2\s2_L15-1538E-1163N_6154_3539_13_2019_01.tif,datasets\sen12_mt_urbanmapping\multimodal_cd_dataset\L15-1538E-1163N_6154_3539_13\buildings\buildings_L15-1538E-1163N_6154_3539_13_2019_01.tif
L15-1538E-1163N_6154_3539_13,2019,2,2019_02,True,True,True,False,False,False,True,True,True,datasets\sen12_mt_urbanmapping\multimodal_cd_dataset\L15-1538E-1163N_6154_3539_13\s1\s1_L15-1538E-1163N_6154_3539_13_2019_02.tif,datasets\sen12_mt_urbanmapping\multimodal_cd_dataset\L15-1538E-1163N_6154_3539_13\s2\s2_L15-1538E-1163N_6154_3539_13_2019_02.tif,datasets\sen12_mt_urbanmapping\multimodal_cd_dataset\L15-1538E-1163N_6154_3539_13\buildings\buildings_L15-1538E-1163N_6154_3539_13_2019_02.tif
L15-1538E-1163N_6154_3539_13,2019,3,2019_03,True,True,True,False,False,False,True,True,True,datasets\sen12_mt_urbanmapping\multimodal_cd_dataset\L15-1538E-1163N_6154_3539_13\s1\s1_L15-1538E-1163N_6154_3539_13_2019_03.tif,datasets\sen12_mt_urbanmapping\multimodal_cd_dataset\L15-1538E-1163N_6154_3539_13\s2\s2_L15-1538E-1163N_6154_3539_13_2019_03.tif,datasets\sen12_mt_urbanmapping\multimodal_cd_dataset\L15-1538E-1163N_6154_3539_13\buildings\buildings_L15-1538E-1163N_6154_3539_13_2019_03.tif
L15-1538E-1163N_6154_3539_13,2019,4,2019_04,True,True,True,False,False,False,True,True,True,datasets\sen12_mt_urbanmapping\multimodal_cd_dataset\L15-1538E-1163N_6154_3539_13\s1\s1_L15-1538E-1163N_6154_3539_13_2019_04.tif,datasets\sen12_mt_urbanmapping\multimodal_cd_dataset\L15-1538E-1163N_6154_3539_13\s2\s2_L15-1538E-1163N_6154_3539_13_2019_04.tif,datasets\sen12_mt_urbanmapping\multimodal_cd_dataset\L15-1538E-1163N_6154_3539_13\buildings\buildings_L15-1538E-1163N_6154_3539_13_2019_04.tif
L15-1538E-1163N_6154_3539_13,2019,5,2019_05,True,True,True,False,False,False,True,True,True,datasets\sen12_mt_urbanmapping\multimodal_cd_dataset\L15-1538E-1163N_6154_3539_13\s1\s1_L15-1538E-1163N_6154_3539_13_2019_05.tif,datasets\sen12_mt_urbanmapping\multimodal_cd_dataset\L15-1538E-1163N_6154_3539_13\s2\s2_L15-1538E-1163N_6154_3539_13_2019_05.tif,datasets\sen12_mt_urbanmapping\multimodal_cd_dataset\L15-1538E-1163N_6154_3539_13\buildings\buildings_L15-1538E-1163N_6154_3539_13_2019_05.tif
L15-1538E-1163N_6154_3539_13,2019,8,2019_08,True,True,True,False,False,False,True,True,True,datasets\sen12_mt_urbanmapping\multimodal_cd_dataset\L15-1538E-1163N_6154_3539_13\s1\s1_L15-1538E-1163N_6154_3539_13_2019_08.tif,datasets\sen12_mt_urbanmapping\multimodal_cd_dataset\L15-1538E-1163N_6154_3539_13\s2\s2_L15-1538E-1163N_6154_3539_13_2019_08.tif,datasets\sen12_mt_urbanmapping\multimodal_cd_dataset\L15-1538E-1163N_6154_3539_13\buildings\buildings_L15-1538E-1163N_6154_3539_13_2019_08.tif
L15-1538E-1163N_6154_3539_13,2019,10,2019_10,True,False,True,True,False,True,True,True,True,datasets\sen12_mt_urbanmapping\multimodal_cd_dataset\L15-1538E-1163N_6154_3539_13\s1\s1_L15-1538E-1163N_6154_3539_13_2019_10.tif,datasets\sen12_mt_urbanmapping\multimodal_cd_dataset\L15-1538E-1163N_6154_3539_13\s2\s2_L15-1538E-1163N_6154_3539_13_2019_10.tif,datasets\sen12_mt_urbanmapping\multimodal_cd_dataset\L15-1538E-1163N_6154_3539_13\buildings\buildings_L15-1538E-1163N_6154_3539_13_2019_10.tif
L15-1538E-1163N_6154_3539_13,2019,11,2019_11,True,True,True,False,False,False,True,True,True,datasets\sen12_mt_urbanmapping\multimodal_cd_dataset\L15-1538E-1163N_6154_3539_13\s1\s1_L15-1538E-1163N_6154_3539_13_2019_11.tif,datasets\sen12_mt_urbanmapping\multimodal_cd_dataset\L15-1538E-1163N_6154_3539_13\s2\s2_L15-1538E-1163N_6154_3539_13_2019_11.tif,datasets\sen12_mt_urbanmapping\multimodal_cd_dataset\L15-1538E-1163N_6154_3539_13\buildings\buildings_L15-1538E-1163N_6154_3539_13_2019_11.tif
L15-1538E-1163N_6154_3539_13,2019,12,2019_12,True,False,True,False,False,True,True,True,True,datasets\sen12_mt_urbanmapping\multimodal_cd_dataset\L15-1538E-1163N_6154_3539_13\s1\s1_L15-1538E-1163N_6154_3539_13_2019_12.tif,datasets\sen12_mt_urbanmapping\multimodal_cd_dataset\L15-1538E-1163N_6154_3539_13\s2\s2_L15-1538E-1163N_6154_3539_13_2019_12.tif,datasets\sen12_mt_urbanmapping\multimodal_cd_dataset\L15-1538E-1163N_6154_3539_13\buildings\buildings_L15-1538E-1163N_6154_3539_13_2019_12.tif
L15-1538E-1163N_6154_3539_13,2020,1,2020_01,True,True,True,False,False,False,True,True,True,datasets\sen12_mt_urbanmapping\multimodal_cd_dataset\L15-1538E-1163N_6154_3539_13\s1\s1_L15-1538E-1163N_6154_3539_13_2020_01.tif,datasets\sen12_mt_urbanmapping\multimodal_cd_dataset\L15-1538E-1163N_6154_3539_13\s2\s2_L15-1538E-1163N_6154_3539_13_2020_01.tif,datasets\sen12_mt_urbanmapping\multimodal_cd_dataset\L15-1538E-1163N_6154_3539_13\buildings\buildings_L15-1538E-1163N_6154_3539_13_2020_01.tif
L15-1615E-1205N_6460_3370_13,2017,7,2017_07,True,True,True,False,False,False,True,True,True,datasets\sen12_mt_urbanmapping\multimodal_cd_dataset\L15-1615E-1205N_6460_3370_13\s1\s1_L15-1615E-1205N_6460_3370_13_2017_07.tif,datasets\sen12_mt_urbanmapping\multimodal_cd_dataset\L15-1615E-1205N_6460_3370_13\s2\s2_L15-1615E-1205N_6460_3370_13_2017_07.tif,datasets\sen12_mt_urbanmapping\multimodal_cd_dataset\L15-1615E-1205N_6460_3370_13\buildings\buildings_L15-1615E-1205N_6460_3370_13_2017_07.tif
L15-1615E-1205N_6460_3370_13,2017,8,2017_08,True,False,True,True,False,True,True,True,True,datasets\sen12_mt_urbanmapping\multimodal_cd_dataset\L15-1615E-1205N_6460_3370_13\s1\s1_L15-1615E-1205N_6460_3370_13_2017_08.tif,datasets\sen12_mt_urbanmapping\multimodal_cd_dataset\L15-1615E-1205N_6460_3370_13\s2\s2_L15-1615E-1205N_6460_3370_13_2017_08.tif,datasets\sen12_mt_urbanmapping\multimodal_cd_dataset\L15-1615E-1205N_6460_3370_13\buildings\buildings_L15-1615E-1205N_6460_3370_13_2017_08.tif
L15-1615E-1205N_6460_3370_13,2017,9,2017_09,True,True,True,False,False,False,True,True,True,datasets\sen12_mt_urbanmapping\multimodal_cd_dataset\L15-1615E-1205N_6460_3370_13\s1\s1_L15-1615E-1205N_6460_3370_13_2017_09.tif,datasets\sen12_mt_urbanmapping\multimodal_cd_dataset\L15-1615E-1205N_6460_3370_13\s2\s2_L15-1615E-1205N_6460_3370_13_2017_09.tif,datasets\sen12_mt_urbanmapping\multimodal_cd_dataset\L15-1615E-1205N_6460_3370_13\buildings\buildings_L15-1615E-1205N_6460_3370_13_2017_09.tif
L15-1615E-1205N_6460_3370_13,2017,11,2017_11,True,True,True,False,False,False,True,True,True,datasets\sen12_mt_urbanmapping\multimodal_cd_dataset\L15-1615E-1205N_6460_3370_13\s1\s1_L15-1615E-1205N_6460_3370_13_2017_11.tif,datasets\sen12_mt_urbanmapping\multimodal_cd_dataset\L15-1615E-1205N_6460_3370_13\s2\s2_L15-1615E-1205N_6460_3370_13_2017_11.tif,datasets\sen12_mt_urbanmapping\multimodal_cd_dataset\L15-1615E-1205N_6460_3370_13\buildings\buildings_L15-1615E-1205N_6460_3370_13_2017_11.tif
L15-1615E-1205N_6460_3370_13,2018,1,2018_01,True,False,True,False,False,True,True,True,True,datasets\sen12_mt_urbanmapping\multimodal_cd_dataset\L15-1615E-1205N_6460_3370_13\s1\s1_L15-1615E-1205N_6460_3370_13_2018_01.tif,datasets\sen12_mt_urbanmapping\multimodal_cd_dataset\L15-1615E-1205N_6460_3370_13\s2\s2_L15-1615E-1205N_6460_3370_13_2018_01.tif,datasets\sen12_mt_urbanmapping\multimodal_cd_dataset\L15-1615E-1205N_6460_3370_13\buildings\buildings_L15-1615E-1205N_6460_3370_13_2018_01.tif
L15-1615E-1205N_6460_3370_13,2018,2,2018_02,True,True,True,False,False,False,True,True,True,datasets\sen12_mt_urbanmapping\multimodal_cd_dataset\L15-1615E-1205N_6460_3370_13\s1\s1_L15-1615E-1205N_6460_3370_13_2018_02.tif,datasets\sen12_mt_urbanmapping\multimodal_cd_dataset\L15-1615E-1205N_6460_3370_13\s2\s2_L15-1615E-1205N_6460_3370_13_2018_02.tif,datasets\sen12_mt_urbanmapping\multimodal_cd_dataset\L15-1615E-1205N_6460_3370_13\buildings\buildings_L15-1615E-1205N_6460_3370_13_2018_02.tif
L15-1615E-1205N_6460_3370_13,2018,3,2018_03,True,True,True,False,False,False,True,True,True,datasets\sen12_mt_urbanmapping\multimodal_cd_dataset\L15-1615E-1205N_6460_3370_13\s1\s1_L15-1615E-1205N_6460_3370_13_2018_03.tif,datasets\sen12_mt_urbanmapping\multimodal_cd_dataset\L15-1615E-1205N_6460_3370_13\s2\s2_L15-1615E-1205N_6460_3370_13_2018_03.tif,datasets\sen12_mt_urbanmapping\multimodal_cd_dataset\L15-1615E-1205N_6460_3370_13\buildings\buildings_L15-1615E-1205N_6460_3370_13_2018_03.tif
L15-1615E-1205N_6460_3370_13,2018,4,2018_04,True,True,True,False,False,False,True,True,True,datasets\sen12_mt_urbanmapping\multimodal_cd_dataset\L15-1615E-1205N_6460_3370_13\s1\s1_L15-1615E-1205N_6460_3370_13_2018_04.tif,datasets\sen12_mt_urbanmapping\multimodal_cd_dataset\L15-1615E-1205N_6460_3370_13\s2\s2_L15-1615E-1205N_6460_3370_13_2018_04.tif,datasets\sen12_mt_urbanmapping\multimodal_cd_dataset\L15-1615E-1205N_6460_3370_13\buildings\buildings_L15-1615E-1205N_6460_3370_13_2018_04.tif
L15-1615E-1205N_6460_3370_13,2018,5,2018_05,True,True,True,False,False,False,True,True,True,datasets\sen12_mt_urbanmapping\multimodal_cd_dataset\L15-1615E-1205N_6460_3370_13\s1\s1_L15-1615E-1205N_6460_3370_13_2018_05.tif,datasets\sen12_mt_urbanmapping\multimodal_cd_dataset\L15-1615E-1205N_6460_3370_13\s2\s2_L15-1615E-1205N_6460_3370_13_2018_05.tif,datasets\sen12_mt_urbanmapping\multimodal_cd_dataset\L15-1615E-1205N_6460_3370_13\buildings\buildings_L15-1615E-1205N_6460_3370_13_2018_05.tif
L15-1615E-1205N_6460_3370_13,2018,6,2018_06,True,True,True,False,False,False,True,True,True,datasets\sen12_mt_urbanmapping\multimodal_cd_dataset\L15-1615E-1205N_6460_3370_13\s1\s1_L15-1615E-1205N_6460_3370_13_2018_06.tif,datasets\sen12_mt_urbanmapping\multimodal_cd_dataset\L15-1615E-1205N_6460_3370_13\s2\s2_L15-1615E-1205N_6460_3370_13_2018_06.tif,datasets\sen12_mt_urbanmapping\multimodal_cd_dataset\L15-1615E-1205N_6460_3370_13\buildings\buildings_L15-1615E-1205N_6460_3370_13_2018_06.tif
L15-1615E-1205N_6460_3370_13,2018,7,2018_07,True,True,True,True,False,False,True,True,True,datasets\sen12_mt_urbanmapping\multimodal_cd_dataset\L15-1615E-1205N_6460_3370_13\s1\s1_L15-1615E-1205N_6460_3370_13_2018_07.tif,datasets\sen12_mt_urbanmapping\multimodal_cd_dataset\L15-1615E-1205N_6460_3370_13\s2\s2_L15-1615E-1205N_6460_3370_13_2018_07.tif,datasets\sen12_mt_urbanmapping\multimodal_cd_dataset\L15-1615E-1205N_6460_3370_13\buildings\buildings_L15-1615E-1205N_6460_3370_13_2018_07.tif
L15-1615E-1205N_6460_3370_13,2018,8,2018_08,True,False,True,False,False,True,True,True,True,datasets\sen12_mt_urbanmapping\multimodal_cd_dataset\L15-1615E-1205N_6460_3370_13\s1\s1_L15-1615E-1205N_6460_3370_13_2018_08.tif,datasets\sen12_mt_urbanmapping\multimodal_cd_dataset\L15-1615E-1205N_6460_3370_13\s2\s2_L15-1615E-1205N_6460_3370_13_2018_08.tif,datasets\sen12_mt_urbanmapping\multimodal_cd_dataset\L15-1615E-1205N_6460_3370_13\buildings\buildings_L15-1615E-1205N_6460_3370_13_2018_08.tif
L15-1615E-1205N_6460_3370_13,2018,9,2018_09,True,False,True,False,False,True,True,True,True,datasets\sen12_mt_urbanmapping\multimodal_cd_dataset\L15-1615E-1205N_6460_3370_13\s1\s1_L15-1615E-1205N_6460_3370_13_2018_09.tif,datasets\sen12_mt_urbanmapping\multimodal_cd_dataset\L15-1615E-1205N_6460_3370_13\s2\s2_L15-1615E-1205N_6460_3370_13_2018_09.tif,datasets\sen12_mt_urbanmapping\multimodal_cd_dataset\L15-1615E-1205N_6460_3370_13\buildings\buildings_L15-1615E-1205N_6460_3370_13_2018_09.tif
L15-1615E-1205N_6460_3370_13,2018,10,2018_10,True,False,True,False,False,True,True,True,True,datasets\sen12_mt_urbanmapping\multimodal_cd_dataset\L15-1615E-1205N_6460_3370_13\s1\s1_L15-1615E-1205N_6460_3370_13_2018_10.tif,datasets\sen12_mt_urbanmapping\multimodal_cd_dataset\L15-1615E-1205N_6460_3370_13\s2\s2_L15-1615E-1205N_6460_3370_13_2018_10.tif,datasets\sen12_mt_urbanmapping\multimodal_cd_dataset\L15-1615E-1205N_6460_3370_13\buildings\buildings_L15-1615E-1205N_6460_3370_13_2018_10.tif
L15-1615E-1205N_6460_3370_13,2018,12,2018_12,True,True,True,False,False,False,True,True,True,datasets\sen12_mt_urbanmapping\multimodal_cd_dataset\L15-1615E-1205N_6460_3370_13\s1\s1_L15-1615E-1205N_6460_3370_13_2018_12.tif,datasets\sen12_mt_urbanmapping\multimodal_cd_dataset\L15-1615E-1205N_6460_3370_13\s2\s2_L15-1615E-1205N_6460_3370_13_2018_12.tif,datasets\sen12_mt_urbanmapping\multimodal_cd_dataset\L15-1615E-1205N_6460_3370_13\buildings\buildings_L15-1615E-1205N_6460_3370_13_2018_12.tif
L15-1615E-1205N_6460_3370_13,2019,1,2019_01,True,False,True,False,False,True,True,True,True,datasets\sen12_mt_urbanmapping\multimodal_cd_dataset\L15-1615E-1205N_6460_3370_13\s1\s1_L15-1615E-1205N_6460_3370_13_2019_01.tif,datasets\sen12_mt_urbanmapping\multimodal_cd_dataset\L15-1615E-1205N_6460_3370_13\s2\s2_L15-1615E-1205N_6460_3370_13_2019_01.tif,datasets\sen12_mt_urbanmapping\multimodal_cd_dataset\L15-1615E-1205N_6460_3370_13\buildings\buildings_L15-1615E-1205N_6460_3370_13_2019_01.tif
L15-1615E-1205N_6460_3370_13,2019,2,2019_02,True,True,True,True,False,False,True,True,True,datasets\sen12_mt_urbanmapping\multimodal_cd_dataset\L15-1615E-1205N_6460_3370_13\s1\s1_L15-1615E-1205N_6460_3370_13_2019_02.tif,datasets\sen12_mt_urbanmapping\multimodal_cd_dataset\L15-1615E-1205N_6460_3370_13\s2\s2_L15-1615E-1205N_6460_3370_13_2019_02.tif,datasets\sen12_mt_urbanmapping\multimodal_cd_dataset\L15-1615E-1205N_6460_3370_13\buildings\buildings_L15-1615E-1205N_6460_3370_13_2019_02.tif
L15-1615E-1205N_6460_3370_13,2019,3,2019_03,True,True,True,False,False,False,True,True,True,datasets\sen12_mt_urbanmapping\multimodal_cd_dataset\L15-1615E-1205N_6460_3370_13\s1\s1_L15-1615E-1205N_6460_3370_13_2019_03.tif,datasets\sen12_mt_urbanmapping\multimodal_cd_dataset\L15-1615E-1205N_6460_3370_13\s2\s2_L15-1615E-1205N_6460_3370_13_2019_03.tif,datasets\sen12_mt_urbanmapping\multimodal_cd_dataset\L15-1615E-1205N_6460_3370_13\buildings\buildings_L15-1615E-1205N_6460_3370_13_2019_03.tif
L15-1615E-1205N_6460_3370_13,2019,4,2019_04,True,True,True,False,False,False,True,True,True,datasets\sen12_mt_urbanmapping\multimodal_cd_dataset\L15-1615E-1205N_6460_3370_13\s1\s1_L15-1615E-1205N_6460_3370_13_2019_04.tif,datasets\sen12_mt_urbanmapping\multimodal_cd_dataset\L15-1615E-1205N_6460_3370_13\s2\s2_L15-1615E-1205N_6460_3370_13_2019_04.tif,datasets\sen12_mt_urbanmapping\multimodal_cd_dataset\L15-1615E-1205N_6460_3370_13\buildings\buildings_L15-1615E-1205N_6460_3370_13_2019_04.tif
L15-1615E-1205N_6460_3370_13,2019,5,2019_05,True,False,True,False,False,True,True,True,True,datasets\sen12_mt_urbanmapping\multimodal_cd_dataset\L15-1615E-1205N_6460_3370_13\s1\s1_L15-1615E-1205N_6460_3370_13_2019_05.tif,datasets\sen12_mt_urbanmapping\multimodal_cd_dataset\L15-1615E-1205N_6460_3370_13\s2\s2_L15-1615E-1205N_6460_3370_13_2019_05.tif,datasets\sen12_mt_urbanmapping\multimodal_cd_dataset\L15-1615E-1205N_6460_3370_13\buildings\buildings_L15-1615E-1205N_6460_3370_13_2019_05.tif
L15-1615E-1205N_6460_3370_13,2019,6,2019_06,True,True,True,False,False,False,True,True,True,datasets\sen12_mt_urbanmapping\multimodal_cd_dataset\L15-1615E-1205N_6460_3370_13\s1\s1_L15-1615E-1205N_6460_3370_13_2019_06.tif,datasets\sen12_mt_urbanmapping\multimodal_cd_dataset\L15-1615E-1205N_6460_3370_13\s2\s2_L15-1615E-1205N_6460_3370_13_2019_06.tif,datasets\sen12_mt_urbanmapping\multimodal_cd_dataset\L15-1615E-1205N_6460_3370_13\buildings\buildings_L15-1615E-1205N_6460_3370_13_2019_06.tif
L15-1615E-1205N_6460_3370_13,2019,7,2019_07,True,True,True,False,False,False,True,True,True,datasets\sen12_mt_urbanmapping\multimodal_cd_dataset\L15-1615E-1205N_6460_3370_13\s1\s1_L15-1615E-1205N_6460_3370_13_2019_07.tif,datasets\sen12_mt_urbanmapping\multimodal_cd_dataset\L15-1615E-1205N_6460_3370_13\s2\s2_L15-1615E-1205N_6460_3370_13_2019_07.tif,datasets\sen12_mt_urbanmapping\multimodal_cd_dataset\L15-1615E-1205N_6460_3370_13\buildings\buildings_L15-1615E-1205N_6460_3370_13_2019_07.tif
L15-1615E-1205N_6460_3370_13,2019,8,2019_08,True,True,True,False,False,False,True,True,True,datasets\sen12_mt_urbanmapping\multimodal_cd_dataset\L15-1615E-1205N_6460_3370_13\s1\s1_L15-1615E-1205N_6460_3370_13_2019_08.tif,datasets\sen12_mt_urbanmapping\multimodal_cd_dataset\L15-1615E-1205N_6460_3370_13\s2\s2_L15-1615E-1205N_6460_3370_13_2019_08.tif,datasets\sen12_mt_urbanmapping\multimodal_cd_dataset\L15-1615E-1205N_6460_3370_13\buildings\buildings_L15-1615E-1205N_6460_3370_13_2019_08.tif
L15-1615E-1205N_6460_3370_13,2019,9,2019_09,True,False,True,True,False,True,True,True,True,datasets\sen12_mt_urbanmapping\multimodal_cd_dataset\L15-1615E-1205N_6460_3370_13\s1\s1_L15-1615E-1205N_6460_3370_13_2019_09.tif,datasets\sen12_mt_urbanmapping\multimodal_cd_dataset\L15-1615E-1205N_6460_3370_13\s2\s2_L15-1615E-1205N_6460_3370_13_2019_09.tif,datasets\sen12_mt_urbanmapping\multimodal_cd_dataset\L15-1615E-1205N_6460_3370_13\buildings\buildings_L15-1615E-1205N_6460_3370_13_2019_09.tif
L15-1615E-1206N_6460_3366_13,2017,7,2017_07,True,True,True,False,False,False,True,True,True,datasets\sen12_mt_urbanmapping\multimodal_cd_dataset\L15-1615E-1206N_6460_3366_13\s1\s1_L15-1615E-1206N_6460_3366_13_2017_07.tif,datasets\sen12_mt_urbanmapping\multimodal_cd_dataset\L15-1615E-1206N_6460_3366_13\s2\s2_L15-1615E-1206N_6460_3366_13_2017_07.tif,datasets\sen12_mt_urbanmapping\multimodal_cd_dataset\L15-1615E-1206N_6460_3366_13\buildings\buildings_L15-1615E-1206N_6460_3366_13_2017_07.tif
L15-1615E-1206N_6460_3366_13,2017,8,2017_08,True,False,True,False,False,True,True,True,True,datasets\sen12_mt_urbanmapping\multimodal_cd_dataset\L15-1615E-1206N_6460_3366_13\s1\s1_L15-1615E-1206N_6460_3366_13_2017_08.tif,datasets\sen12_mt_urbanmapping\multimodal_cd_dataset\L15-1615E-1206N_6460_3366_13\s2\s2_L15-1615E-1206N_6460_3366_13_2017_08.tif,datasets\sen12_mt_urbanmapping\multimodal_cd_dataset\L15-1615E-1206N_6460_3366_13\buildings\buildings_L15-1615E-1206N_6460_3366_13_2017_08.tif
L15-1615E-1206N_6460_3366_13,2017,9,2017_09,True,True,True,False,False,False,True,True,True,datasets\sen12_mt_urbanmapping\multimodal_cd_dataset\L15-1615E-1206N_6460_3366_13\s1\s1_L15-1615E-1206N_6460_3366_13_2017_09.tif,datasets\sen12_mt_urbanmapping\multimodal_cd_dataset\L15-1615E-1206N_6460_3366_13\s2\s2_L15-1615E-1206N_6460_3366_13_2017_09.tif,datasets\sen12_mt_urbanmapping\multimodal_cd_dataset\L15-1615E-1206N_6460_3366_13\buildings\buildings_L15-1615E-1206N_6460_3366_13_2017_09.tif
L15-1615E-1206N_6460_3366_13,2017,10,2017_10,True,False,True,True,False,True,True,True,True,datasets\sen12_mt_urbanmapping\multimodal_cd_dataset\L15-1615E-1206N_6460_3366_13\s1\s1_L15-1615E-1206N_6460_3366_13_2017_10.tif,datasets\sen12_mt_urbanmapping\multimodal_cd_dataset\L15-1615E-1206N_6460_3366_13\s2\s2_L15-1615E-1206N_6460_3366_13_2017_10.tif,datasets\sen12_mt_urbanmapping\multimodal_cd_dataset\L15-1615E-1206N_6460_3366_13\buildings\buildings_L15-1615E-1206N_6460_3366_13_2017_10.tif
L15-1615E-1206N_6460_3366_13,2017,11,2017_11,True,True,True,False,False,False,True,True,True,datasets\sen12_mt_urbanmapping\multimodal_cd_dataset\L15-1615E-1206N_6460_3366_13\s1\s1_L15-1615E-1206N_6460_3366_13_2017_11.tif,datasets\sen12_mt_urbanmapping\multimodal_cd_dataset\L15-1615E-1206N_6460_3366_13\s2\s2_L15-1615E-1206N_6460_3366_13_2017_11.tif,datasets\sen12_mt_urbanmapping\multimodal_cd_dataset\L15-1615E-1206N_6460_3366_13\buildings\buildings_L15-1615E-1206N_6460_3366_13_2017_11.tif
L15-1615E-1206N_6460_3366_13,2018,1,2018_01,True,False,True,False,False,True,True,True,True,datasets\sen12_mt_urbanmapping\multimodal_cd_dataset\L15-1615E-1206N_6460_3366_13\s1\s1_L15-1615E-1206N_6460_3366_13_2018_01.tif,datasets\sen12_mt_urbanmapping\multimodal_cd_dataset\L15-1615E-1206N_6460_3366_13\s2\s2_L15-1615E-1206N_6460_3366_13_2018_01.tif,datasets\sen12_mt_urbanmapping\multimodal_cd_dataset\L15-1615E-1206N_6460_3366_13\buildings\buildings_L15-1615E-1206N_6460_3366_13_2018_01.tif
L15-1615E-1206N_6460_3366_13,2018,2,2018_02,True,True,True,False,False,False,True,True,True,datasets\sen12_mt_urbanmapping\multimodal_cd_dataset\L15-1615E-1206N_6460_3366_13\s1\s1_L15-1615E-1206N_6460_3366_13_2018_02.tif,datasets\sen12_mt_urbanmapping\multimodal_cd_dataset\L15-1615E-1206N_6460_3366_13\s2\s2_L15-1615E-1206N_6460_3366_13_2018_02.tif,datasets\sen12_mt_urbanmapping\multimodal_cd_dataset\L15-1615E-1206N_6460_3366_13\buildings\buildings_L15-1615E-1206N_6460_3366_13_2018_02.tif
L15-1615E-1206N_6460_3366_13,2018,3,2018_03,True,True,True,False,False,False,True,True,True,datasets\sen12_mt_urbanmapping\multimodal_cd_dataset\L15-1615E-1206N_6460_3366_13\s1\s1_L15-1615E-1206N_6460_3366_13_2018_03.tif,datasets\sen12_mt_urbanmapping\multimodal_cd_dataset\L15-1615E-1206N_6460_3366_13\s2\s2_L15-1615E-1206N_6460_3366_13_2018_03.tif,datasets\sen12_mt_urbanmapping\multimodal_cd_dataset\L15-1615E-1206N_6460_3366_13\buildings\buildings_L15-1615E-1206N_6460_3366_13_2018_03.tif
L15-1615E-1206N_6460_3366_13,2018,4,2018_04,True,True,True,False,False,False,True,True,True,datasets\sen12_mt_urbanmapping\multimodal_cd_dataset\L15-1615E-1206N_6460_3366_13\s1\s1_L15-1615E-1206N_6460_3366_13_2018_04.tif,datasets\sen12_mt_urbanmapping\multimodal_cd_dataset\L15-1615E-1206N_6460_3366_13\s2\s2_L15-1615E-1206N_6460_3366_13_2018_04.tif,datasets\sen12_mt_urbanmapping\multimodal_cd_dataset\L15-1615E-1206N_6460_3366_13\buildings\buildings_L15-1615E-1206N_6460_3366_13_2018_04.tif
L15-1615E-1206N_6460_3366_13,2018,5,2018_05,True,True,True,False,False,False,True,True,True,datasets\sen12_mt_urbanmapping\multimodal_cd_dataset\L15-1615E-1206N_6460_3366_13\s1\s1_L15-1615E-1206N_6460_3366_13_2018_05.tif,datasets\sen12_mt_urbanmapping\multimodal_cd_dataset\L15-1615E-1206N_6460_3366_13\s2\s2_L15-1615E-1206N_6460_3366_13_2018_05.tif,datasets\sen12_mt_urbanmapping\multimodal_cd_dataset\L15-1615E-1206N_6460_3366_13\buildings\buildings_L15-1615E-1206N_6460_3366_13_2018_05.tif
L15-1615E-1206N_6460_3366_13,2018,6,2018_06,True,True,True,False,False,False,True,True,True,datasets\sen12_mt_urbanmapping\multimodal_cd_dataset\L15-1615E-1206N_6460_3366_13\s1\s1_L15-1615E-1206N_6460_3366_13_2018_06.tif,datasets\sen12_mt_urbanmapping\multimodal_cd_dataset\L15-1615E-1206N_6460_3366_13\s2\s2_L15-1615E-1206N_6460_3366_13_2018_06.tif,datasets\sen12_mt_urbanmapping\multimodal_cd_dataset\L15-1615E-1206N_6460_3366_13\buildings\buildings_L15-1615E-1206N_6460_3366_13_2018_06.tif
L15-1615E-1206N_6460_3366_13,2018,7,2018_07,True,True,True,False,False,False,True,True,True,datasets\sen12_mt_urbanmapping\multimodal_cd_dataset\L15-1615E-1206N_6460_3366_13\s1\s1_L15-1615E-1206N_6460_3366_13_2018_07.tif,datasets\sen12_mt_urbanmapping\multimodal_cd_dataset\L15-1615E-1206N_6460_3366_13\s2\s2_L15-1615E-1206N_6460_3366_13_2018_07.tif,datasets\sen12_mt_urbanmapping\multimodal_cd_dataset\L15-1615E-1206N_6460_3366_13\buildings\buildings_L15-1615E-1206N_6460_3366_13_2018_07.tif
L15-1615E-1206N_6460_3366_13,2018,8,2018_08,True,True,True,False,False,False,True,True,True,datasets\sen12_mt_urbanmapping\multimodal_cd_dataset\L15-1615E-1206N_6460_3366_13\s1\s1_L15-1615E-1206N_6460_3366_13_2018_08.tif,datasets\sen12_mt_urbanmapping\multimodal_cd_dataset\L15-1615E-1206N_6460_3366_13\s2\s2_L15-1615E-1206N_6460_3366_13_2018_08.tif,datasets\sen12_mt_urbanmapping\multimodal_cd_dataset\L15-1615E-1206N_6460_3366_13\buildings\buildings_L15-1615E-1206N_6460_3366_13_2018_08.tif
L15-1615E-1206N_6460_3366_13,2018,9,2018_09,True,False,True,True,False,True,True,True,True,datasets\sen12_mt_urbanmapping\multimodal_cd_dataset\L15-1615E-1206N_6460_3366_13\s1\s1_L15-1615E-1206N_6460_3366_13_2018_09.tif,datasets\sen12_mt_urbanmapping\multimodal_cd_dataset\L15-1615E-1206N_6460_3366_13\s2\s2_L15-1615E-1206N_6460_3366_13_2018_09.tif,datasets\sen12_mt_urbanmapping\multimodal_cd_dataset\L15-1615E-1206N_6460_3366_13\buildings\buildings_L15-1615E-1206N_6460_3366_13_2018_09.tif
L15-1615E-1206N_6460_3366_13,2018,10,2018_10,True,False,True,False,False,True,True,True,True,datasets\sen12_mt_urbanmapping\multimodal_cd_dataset\L15-1615E-1206N_6460_3366_13\s1\s1_L15-1615E-1206N_6460_3366_13_2018_10.tif,datasets\sen12_mt_urbanmapping\multimodal_cd_dataset\L15-1615E-1206N_6460_3366_13\s2\s2_L15-1615E-1206N_6460_3366_13_2018_10.tif,datasets\sen12_mt_urbanmapping\multimodal_cd_dataset\L15-1615E-1206N_6460_3366_13\buildings\buildings_L15-1615E-1206N_6460_3366_13_2018_10.tif
L15-1615E-1206N_6460_3366_13,2018,11,2018_11,True,True,True,True,False,False,True,True,True,datasets\sen12_mt_urbanmapping\multimodal_cd_dataset\L15-1615E-1206N_6460_3366_13\s1\s1_L15-1615E-1206N_6460_3366_13_2018_11.tif,datasets\sen12_mt_urbanmapping\multimodal_cd_dataset\L15-1615E-1206N_6460_3366_13\s2\s2_L15-1615E-1206N_6460_3366_13_2018_11.tif,datasets\sen12_mt_urbanmapping\multimodal_cd_dataset\L15-1615E-1206N_6460_3366_13\buildings\buildings_L15-1615E-1206N_6460_3366_13_2018_11.tif
L15-1615E-1206N_6460_3366_13,2018,12,2018_12,True,True,True,False,False,False,True,True,True,datasets\sen12_mt_urbanmapping\multimodal_cd_dataset\L15-1615E-1206N_6460_3366_13\s1\s1_L15-1615E-1206N_6460_3366_13_2018_12.tif,datasets\sen12_mt_urbanmapping\multimodal_cd_dataset\L15-1615E-1206N_6460_3366_13\s2\s2_L15-1615E-1206N_6460_3366_13_2018_12.tif,datasets\sen12_mt_urbanmapping\multimodal_cd_dataset\L15-1615E-1206N_6460_3366_13\buildings\buildings_L15-1615E-1206N_6460_3366_13_2018_12.tif
L15-1615E-1206N_6460_3366_13,2019,1,2019_01,True,False,True,False,False,True,True,True,True,datasets\sen12_mt_urbanmapping\multimodal_cd_dataset\L15-1615E-1206N_6460_3366_13\s1\s1_L15-1615E-1206N_6460_3366_13_2019_01.tif,datasets\sen12_mt_urbanmapping\multimodal_cd_dataset\L15-1615E-1206N_6460_3366_13\s2\s2_L15-1615E-1206N_6460_3366_13_2019_01.tif,datasets\sen12_mt_urbanmapping\multimodal_cd_dataset\L15-1615E-1206N_6460_3366_13\buildings\buildings_L15-1615E-1206N_6460_3366_13_2019_01.tif
L15-1615E-1206N_6460_3366_13,2019,2,2019_02,True,True,True,False,False,False,True,True,True,datasets\sen12_mt_urbanmapping\multimodal_cd_dataset\L15-1615E-1206N_6460_3366_13\s1\s1_L15-1615E-1206N_6460_3366_13_2019_02.tif,datasets\sen12_mt_urbanmapping\multimodal_cd_dataset\L15-1615E-1206N_6460_3366_13\s2\s2_L15-1615E-1206N_6460_3366_13_2019_02.tif,datasets\sen12_mt_urbanmapping\multimodal_cd_dataset\L15-1615E-1206N_6460_3366_13\buildings\buildings_L15-1615E-1206N_6460_3366_13_2019_02.tif
L15-1615E-1206N_6460_3366_13,2019,3,2019_03,True,True,True,False,False,False,True,True,True,datasets\sen12_mt_urbanmapping\multimodal_cd_dataset\L15-1615E-1206N_6460_3366_13\s1\s1_L15-1615E-1206N_6460_3366_13_2019_03.tif,datasets\sen12_mt_urbanmapping\multimodal_cd_dataset\L15-1615E-1206N_6460_3366_13\s2\s2_L15-1615E-1206N_6460_3366_13_2019_03.tif,datasets\sen12_mt_urbanmapping\multimodal_cd_dataset\L15-1615E-1206N_6460_3366_13\buildings\buildings_L15-1615E-1206N_6460_3366_13_2019_03.tif
L15-1615E-1206N_6460_3366_13,2019,4,2019_04,True,True,True,False,False,False,True,True,True,datasets\sen12_mt_urbanmapping\multimodal_cd_dataset\L15-1615E-1206N_6460_3366_13\s1\s1_L15-1615E-1206N_6460_3366_13_2019_04.tif,datasets\sen12_mt_urbanmapping\multimodal_cd_dataset\L15-1615E-1206N_6460_3366_13\s2\s2_L15-1615E-1206N_6460_3366_13_2019_04.tif,datasets\sen12_mt_urbanmapping\multimodal_cd_dataset\L15-1615E-1206N_6460_3366_13\buildings\buildings_L15-1615E-1206N_6460_3366_13_2019_04.tif
L15-1615E-1206N_6460_3366_13,2019,5,2019_05,True,False,True,True,False,True,True,True,True,datasets\sen12_mt_urbanmapping\multimodal_cd_dataset\L15-1615E-1206N_6460_3366_13\s1\s1_L15-1615E-1206N_6460_3366_13_2019_05.tif,datasets\sen12_mt_urbanmapping\multimodal_cd_dataset\L15-1615E-1206N_6460_3366_13\s2\s2_L15-1615E-1206N_6460_3366_13_2019_05.tif,datasets\sen12_mt_urbanmapping\multimodal_cd_dataset\L15-1615E-1206N_6460_3366_13\buildings\buildings_L15-1615E-1206N_6460_3366_13_2019_05.tif
L15-1615E-1206N_6460_3366_13,2019,6,2019_06,True,True,True,False,False,False,True,True,True,datasets\sen12_mt_urbanmapping\multimodal_cd_dataset\L15-1615E-1206N_6460_3366_13\s1\s1_L15-1615E-1206N_6460_3366_13_2019_06.tif,datasets\sen12_mt_urbanmapping\multimodal_cd_dataset\L15-1615E-1206N_6460_3366_13\s2\s2_L15-1615E-1206N_6460_3366_13_2019_06.tif,datasets\sen12_mt_urbanmapping\multimodal_cd_dataset\L15-1615E-1206N_6460_3366_13\buildings\buildings_L15-1615E-1206N_6460_3366_13_2019_06.tif
L15-1615E-1206N_6460_3366_13,2019,7,2019_07,True,True,True,True,False,False,True,True,True,datasets\sen12_mt_urbanmapping\multimodal_cd_dataset\L15-1615E-1206N_6460_3366_13\s1\s1_L15-1615E-1206N_6460_3366_13_2019_07.tif,datasets\sen12_mt_urbanmapping\multimodal_cd_dataset\L15-1615E-1206N_6460_3366_13\s2\s2_L15-1615E-1206N_6460_3366_13_2019_07.tif,datasets\sen12_mt_urbanmapping\multimodal_cd_dataset\L15-1615E-1206N_6460_3366_13\buildings\buildings_L15-1615E-1206N_6460_3366_13_2019_07.tif
L15-1615E-1206N_6460_3366_13,2019,8,2019_08,True,True,True,False,False,False,True,True,True,datasets\sen12_mt_urbanmapping\multimodal_cd_dataset\L15-1615E-1206N_6460_3366_13\s1\s1_L15-1615E-1206N_6460_3366_13_2019_08.tif,datasets\sen12_mt_urbanmapping\multimodal_cd_dataset\L15-1615E-1206N_6460_3366_13\s2\s2_L15-1615E-1206N_6460_3366_13_2019_08.tif,datasets\sen12_mt_urbanmapping\multimodal_cd_dataset\L15-1615E-1206N_6460_3366_13\buildings\buildings_L15-1615E-1206N_6460_3366_13_2019_08.tif
L15-1615E-1206N_6460_3366_13,2019,9,2019_09,True,False,True,True,False,True,True,True,True,datasets\sen12_mt_urbanmapping\multimodal_cd_dataset\L15-1615E-1206N_6460_3366_13\s1\s1_L15-1615E-1206N_6460_3366_13_2019_09.tif,datasets\sen12_mt_urbanmapping\multimodal_cd_dataset\L15-1615E-1206N_6460_3366_13\s2\s2_L15-1615E-1206N_6460_3366_13_2019_09.tif,datasets\sen12_mt_urbanmapping\multimodal_cd_dataset\L15-1615E-1206N_6460_3366_13\buildings\buildings_L15-1615E-1206N_6460_3366_13_2019_09.tif
L15-1617E-1207N_6468_3360_13,2018,2,2018_02,True,False,True,False,False,True,True,True,True,datasets\sen12_mt_urbanmapping\multimodal_cd_dataset\L15-1617E-1207N_6468_3360_13\s1\s1_L15-1617E-1207N_6468_3360_13_2018_02.tif,datasets\sen12_mt_urbanmapping\multimodal_cd_dataset\L15-1617E-1207N_6468_3360_13\s2\s2_L15-1617E-1207N_6468_3360_13_2018_02.tif,datasets\sen12_mt_urbanmapping\multimodal_cd_dataset\L15-1617E-1207N_6468_3360_13\buildings\buildings_L15-1617E-1207N_6468_3360_13_2018_02.tif
L15-1617E-1207N_6468_3360_13,2018,3,2018_03,True,True,True,False,False,False,True,True,True,datasets\sen12_mt_urbanmapping\multimodal_cd_dataset\L15-1617E-1207N_6468_3360_13\s1\s1_L15-1617E-1207N_6468_3360_13_2018_03.tif,datasets\sen12_mt_urbanmapping\multimodal_cd_dataset\L15-1617E-1207N_6468_3360_13\s2\s2_L15-1617E-1207N_6468_3360_13_2018_03.tif,datasets\sen12_mt_urbanmapping\multimodal_cd_dataset\L15-1617E-1207N_6468_3360_13\buildings\buildings_L15-1617E-1207N_6468_3360_13_2018_03.tif
L15-1617E-1207N_6468_3360_13,2018,4,2018_04,True,True,True,False,False,False,True,True,True,datasets\sen12_mt_urbanmapping\multimodal_cd_dataset\L15-1617E-1207N_6468_3360_13\s1\s1_L15-1617E-1207N_6468_3360_13_2018_04.tif,datasets\sen12_mt_urbanmapping\multimodal_cd_dataset\L15-1617E-1207N_6468_3360_13\s2\s2_L15-1617E-1207N_6468_3360_13_2018_04.tif,datasets\sen12_mt_urbanmapping\multimodal_cd_dataset\L15-1617E-1207N_6468_3360_13\buildings\buildings_L15-1617E-1207N_6468_3360_13_2018_04.tif
L15-1617E-1207N_6468_3360_13,2018,5,2018_05,True,True,True,False,False,False,True,True,True,datasets\sen12_mt_urbanmapping\multimodal_cd_dataset\L15-1617E-1207N_6468_3360_13\s1\s1_L15-1617E-1207N_6468_3360_13_2018_05.tif,datasets\sen12_mt_urbanmapping\multimodal_cd_dataset\L15-1617E-1207N_6468_3360_13\s2\s2_L15-1617E-1207N_6468_3360_13_2018_05.tif,datasets\sen12_mt_urbanmapping\multimodal_cd_dataset\L15-1617E-1207N_6468_3360_13\buildings\buildings_L15-1617E-1207N_6468_3360_13_2018_05.tif
L15-1617E-1207N_6468_3360_13,2018,6,2018_06,True,True,True,False,False,False,True,True,True,datasets\sen12_mt_urbanmapping\multimodal_cd_dataset\L15-1617E-1207N_6468_3360_13\s1\s1_L15-1617E-1207N_6468_3360_13_2018_06.tif,datasets\sen12_mt_urbanmapping\multimodal_cd_dataset\L15-1617E-1207N_6468_3360_13\s2\s2_L15-1617E-1207N_6468_3360_13_2018_06.tif,datasets\sen12_mt_urbanmapping\multimodal_cd_dataset\L15-1617E-1207N_6468_3360_13\buildings\buildings_L15-1617E-1207N_6468_3360_13_2018_06.tif
L15-1617E-1207N_6468_3360_13,2018,7,2018_07,True,True,True,False,False,False,True,True,True,datasets\sen12_mt_urbanmapping\multimodal_cd_dataset\L15-1617E-1207N_6468_3360_13\s1\s1_L15-1617E-1207N_6468_3360_13_2018_07.tif,datasets\sen12_mt_urbanmapping\multimodal_cd_dataset\L15-1617E-1207N_6468_3360_13\s2\s2_L15-1617E-1207N_6468_3360_13_2018_07.tif,datasets\sen12_mt_urbanmapping\multimodal_cd_dataset\L15-1617E-1207N_6468_3360_13\buildings\buildings_L15-1617E-1207N_6468_3360_13_2018_07.tif
L15-1617E-1207N_6468_3360_13,2018,8,2018_08,True,False,True,False,False,True,True,True,True,datasets\sen12_mt_urbanmapping\multimodal_cd_dataset\L15-1617E-1207N_6468_3360_13\s1\s1_L15-1617E-1207N_6468_3360_13_2018_08.tif,datasets\sen12_mt_urbanmapping\multimodal_cd_dataset\L15-1617E-1207N_6468_3360_13\s2\s2_L15-1617E-1207N_6468_3360_13_2018_08.tif,datasets\sen12_mt_urbanmapping\multimodal_cd_dataset\L15-1617E-1207N_6468_3360_13\buildings\buildings_L15-1617E-1207N_6468_3360_13_2018_08.tif
L15-1617E-1207N_6468_3360_13,2018,9,2018_09,True,False,True,False,False,True,True,True,True,datasets\sen12_mt_urbanmapping\multimodal_cd_dataset\L15-1617E-1207N_6468_3360_13\s1\s1_L15-1617E-1207N_6468_3360_13_2018_09.tif,datasets\sen12_mt_urbanmapping\multimodal_cd_dataset\L15-1617E-1207N_6468_3360_13\s2\s2_L15-1617E-1207N_6468_3360_13_2018_09.tif,datasets\sen12_mt_urbanmapping\multimodal_cd_dataset\L15-1617E-1207N_6468_3360_13\buildings\buildings_L15-1617E-1207N_6468_3360_13_2018_09.tif
L15-1617E-1207N_6468_3360_13,2018,10,2018_10,True,False,True,False,False,True,True,True,True,datasets\sen12_mt_urbanmapping\multimodal_cd_dataset\L15-1617E-1207N_6468_3360_13\s1\s1_L15-1617E-1207N_6468_3360_13_2018_10.tif,datasets\sen12_mt_urbanmapping\multimodal_cd_dataset\L15-1617E-1207N_6468_3360_13\s2\s2_L15-1617E-1207N_6468_3360_13_2018_10.tif,datasets\sen12_mt_urbanmapping\multimodal_cd_dataset\L15-1617E-1207N_6468_3360_13\buildings\buildings_L15-1617E-1207N_6468_3360_13_2018_10.tif
L15-1617E-1207N_6468_3360_13,2018,11,2018_11,True,True,True,False,False,False,True,True,True,datasets\sen12_mt_urbanmapping\multimodal_cd_dataset\L15-1617E-1207N_6468_3360_13\s1\s1_L15-1617E-1207N_6468_3360_13_2018_11.tif,datasets\sen12_mt_urbanmapping\multimodal_cd_dataset\L15-1617E-1207N_6468_3360_13\s2\s2_L15-1617E-1207N_6468_3360_13_2018_11.tif,datasets\sen12_mt_urbanmapping\multimodal_cd_dataset\L15-1617E-1207N_6468_3360_13\buildings\buildings_L15-1617E-1207N_6468_3360_13_2018_11.tif
L15-1617E-1207N_6468_3360_13,2018,12,2018_12,True,True,True,False,False,False,True,True,True,datasets\sen12_mt_urbanmapping\multimodal_cd_dataset\L15-1617E-1207N_6468_3360_13\s1\s1_L15-1617E-1207N_6468_3360_13_2018_12.tif,datasets\sen12_mt_urbanmapping\multimodal_cd_dataset\L15-1617E-1207N_6468_3360_13\s2\s2_L15-1617E-1207N_6468_3360_13_2018_12.tif,datasets\sen12_mt_urbanmapping\multimodal_cd_dataset\L15-1617E-1207N_6468_3360_13\buildings\buildings_L15-1617E-1207N_6468_3360_13_2018_12.tif
L15-1617E-1207N_6468_3360_13,2019,1,2019_01,True,True,True,False,False,False,True,True,True,datasets\sen12_mt_urbanmapping\multimodal_cd_dataset\L15-1617E-1207N_6468_3360_13\s1\s1_L15-1617E-1207N_6468_3360_13_2019_01.tif,datasets\sen12_mt_urbanmapping\multimodal_cd_dataset\L15-1617E-1207N_6468_3360_13\s2\s2_L15-1617E-1207N_6468_3360_13_2019_01.tif,datasets\sen12_mt_urbanmapping\multimodal_cd_dataset\L15-1617E-1207N_6468_3360_13\buildings\buildings_L15-1617E-1207N_6468_3360_13_2019_01.tif
L15-1617E-1207N_6468_3360_13,2019,2,2019_02,True,True,True,False,False,False,True,True,True,datasets\sen12_mt_urbanmapping\multimodal_cd_dataset\L15-1617E-1207N_6468_3360_13\s1\s1_L15-1617E-1207N_6468_3360_13_2019_02.tif,datasets\sen12_mt_urbanmapping\multimodal_cd_dataset\L15-1617E-1207N_6468_3360_13\s2\s2_L15-1617E-1207N_6468_3360_13_2019_02.tif,datasets\sen12_mt_urbanmapping\multimodal_cd_dataset\L15-1617E-1207N_6468_3360_13\buildings\buildings_L15-1617E-1207N_6468_3360_13_2019_02.tif
L15-1617E-1207N_6468_3360_13,2019,3,2019_03,True,True,True,False,False,False,True,True,True,datasets\sen12_mt_urbanmapping\multimodal_cd_dataset\L15-1617E-1207N_6468_3360_13\s1\s1_L15-1617E-1207N_6468_3360_13_2019_03.tif,datasets\sen12_mt_urbanmapping\multimodal_cd_dataset\L15-1617E-1207N_6468_3360_13\s2\s2_L15-1617E-1207N_6468_3360_13_2019_03.tif,datasets\sen12_mt_urbanmapping\multimodal_cd_dataset\L15-1617E-1207N_6468_3360_13\buildings\buildings_L15-1617E-1207N_6468_3360_13_2019_03.tif
L15-1617E-1207N_6468_3360_13,2019,4,2019_04,True,True,True,False,False,False,True,True,True,datasets\sen12_mt_urbanmapping\multimodal_cd_dataset\L15-1617E-1207N_6468_3360_13\s1\s1_L15-1617E-1207N_6468_3360_13_2019_04.tif,datasets\sen12_mt_urbanmapping\multimodal_cd_dataset\L15-1617E-1207N_6468_3360_13\s2\s2_L15-1617E-1207N_6468_3360_13_2019_04.tif,datasets\sen12_mt_urbanmapping\multimodal_cd_dataset\L15-1617E-1207N_6468_3360_13\buildings\buildings_L15-1617E-1207N_6468_3360_13_2019_04.tif
L15-1617E-1207N_6468_3360_13,2019,5,2019_05,True,False,True,True,False,True,True,True,True,datasets\sen12_mt_urbanmapping\multimodal_cd_dataset\L15-1617E-1207N_6468_3360_13\s1\s1_L15-1617E-1207N_6468_3360_13_2019_05.tif,datasets\sen12_mt_urbanmapping\multimodal_cd_dataset\L15-1617E-1207N_6468_3360_13\s2\s2_L15-1617E-1207N_6468_3360_13_2019_05.tif,datasets\sen12_mt_urbanmapping\multimodal_cd_dataset\L15-1617E-1207N_6468_3360_13\buildings\buildings_L15-1617E-1207N_6468_3360_13_2019_05.tif
L15-1617E-1207N_6468_3360_13,2019,7,2019_07,True,False,True,False,False,True,True,True,True,datasets\sen12_mt_urbanmapping\multimodal_cd_dataset\L15-1617E-1207N_6468_3360_13\s1\s1_L15-1617E-1207N_6468_3360_13_2019_07.tif,datasets\sen12_mt_urbanmapping\multimodal_cd_dataset\L15-1617E-1207N_6468_3360_13\s2\s2_L15-1617E-1207N_6468_3360_13_2019_07.tif,datasets\sen12_mt_urbanmapping\multimodal_cd_dataset\L15-1617E-1207N_6468_3360_13\buildings\buildings_L15-1617E-1207N_6468_3360_13_2019_07.tif
L15-1617E-1207N_6468_3360_13,2019,8,2019_08,True,True,True,False,False,False,True,True,True,datasets\sen12_mt_urbanmapping\multimodal_cd_dataset\L15-1617E-1207N_6468_3360_13\s1\s1_L15-1617E-1207N_6468_3360_13_2019_08.tif,datasets\sen12_mt_urbanmapping\multimodal_cd_dataset\L15-1617E-1207N_6468_3360_13\s2\s2_L15-1617E-1207N_6468_3360_13_2019_08.tif,datasets\sen12_mt_urbanmapping\multimodal_cd_dataset\L15-1617E-1207N_6468_3360_13\buildings\buildings_L15-1617E-1207N_6468_3360_13_2019_08.tif
L15-1617E-1207N_6468_3360_13,2019,9,2019_09,True,False,True,True,False,True,True,True,True,datasets\sen12_mt_urbanmapping\multimodal_cd_dataset\L15-1617E-1207N_6468_3360_13\s1\s1_L15-1617E-1207N_6468_3360_13_2019_09.tif,datasets\sen12_mt_urbanmapping\multimodal_cd_dataset\L15-1617E-1207N_6468_3360_13\s2\s2_L15-1617E-1207N_6468_3360_13_2019_09.tif,datasets\sen12_mt_urbanmapping\multimodal_cd_dataset\L15-1617E-1207N_6468_3360_13\buildings\buildings_L15-1617E-1207N_6468_3360_13_2019_09.tif
L15-1617E-1207N_6468_3360_13,2019,10,2019_10,True,False,True,False,False,True,True,True,True,datasets\sen12_mt_urbanmapping\multimodal_cd_dataset\L15-1617E-1207N_6468_3360_13\s1\s1_L15-1617E-1207N_6468_3360_13_2019_10.tif,datasets\sen12_mt_urbanmapping\multimodal_cd_dataset\L15-1617E-1207N_6468_3360_13\s2\s2_L15-1617E-1207N_6468_3360_13_2019_10.tif,datasets\sen12_mt_urbanmapping\multimodal_cd_dataset\L15-1617E-1207N_6468_3360_13\buildings\buildings_L15-1617E-1207N_6468_3360_13_2019_10.tif
L15-1617E-1207N_6468_3360_13,2019,11,2019_11,True,False,True,False,False,True,True,True,True,datasets\sen12_mt_urbanmapping\multimodal_cd_dataset\L15-1617E-1207N_6468_3360_13\s1\s1_L15-1617E-1207N_6468_3360_13_2019_11.tif,datasets\sen12_mt_urbanmapping\multimodal_cd_dataset\L15-1617E-1207N_6468_3360_13\s2\s2_L15-1617E-1207N_6468_3360_13_2019_11.tif,datasets\sen12_mt_urbanmapping\multimodal_cd_dataset\L15-1617E-1207N_6468_3360_13\buildings\buildings_L15-1617E-1207N_6468_3360_13_2019_11.tif
L15-1617E-1207N_6468_3360_13,2019,12,2019_12,True,True,True,False,False,False,True,True,True,datasets\sen12_mt_urbanmapping\multimodal_cd_dataset\L15-1617E-1207N_6468_3360_13\s1\s1_L15-1617E-1207N_6468_3360_13_2019_12.tif,datasets\sen12_mt_urbanmapping\multimodal_cd_dataset\L15-1617E-1207N_6468_3360_13\s2\s2_L15-1617E-1207N_6468_3360_13_2019_12.tif,datasets\sen12_mt_urbanmapping\multimodal_cd_dataset\L15-1617E-1207N_6468_3360_13\buildings\buildings_L15-1617E-1207N_6468_3360_13_2019_12.tif
L15-1617E-1207N_6468_3360_13,2020,1,2020_01,True,True,True,False,False,False,True,True,True,datasets\sen12_mt_urbanmapping\multimodal_cd_dataset\L15-1617E-1207N_6468_3360_13\s1\s1_L15-1617E-1207N_6468_3360_13_2020_01.tif,datasets\sen12_mt_urbanmapping\multimodal_cd_dataset\L15-1617E-1207N_6468_3360_13\s2\s2_L15-1617E-1207N_6468_3360_13_2020_01.tif,datasets\sen12_mt_urbanmapping\multimodal_cd_dataset\L15-1617E-1207N_6468_3360_13\buildings\buildings_L15-1617E-1207N_6468_3360_13_2020_01.tif
L15-1669E-1153N_6678_3579_13,2018,1,2018_01,True,True,True,False,False,False,True,True,True,datasets\sen12_mt_urbanmapping\multimodal_cd_dataset\L15-1669E-1153N_6678_3579_13\s1\s1_L15-1669E-1153N_6678_3579_13_2018_01.tif,datasets\sen12_mt_urbanmapping\multimodal_cd_dataset\L15-1669E-1153N_6678_3579_13\s2\s2_L15-1669E-1153N_6678_3579_13_2018_01.tif,datasets\sen12_mt_urbanmapping\multimodal_cd_dataset\L15-1669E-1153N_6678_3579_13\buildings\buildings_L15-1669E-1153N_6678_3579_13_2018_01.tif
L15-1669E-1153N_6678_3579_13,2018,2,2018_02,True,False,True,False,False,True,True,True,True,datasets\sen12_mt_urbanmapping\multimodal_cd_dataset\L15-1669E-1153N_6678_3579_13\s1\s1_L15-1669E-1153N_6678_3579_13_2018_02.tif,datasets\sen12_mt_urbanmapping\multimodal_cd_dataset\L15-1669E-1153N_6678_3579_13\s2\s2_L15-1669E-1153N_6678_3579_13_2018_02.tif,datasets\sen12_mt_urbanmapping\multimodal_cd_dataset\L15-1669E-1153N_6678_3579_13\buildings\buildings_L15-1669E-1153N_6678_3579_13_2018_02.tif
L15-1669E-1153N_6678_3579_13,2018,3,2018_03,True,True,True,False,False,False,True,True,True,datasets\sen12_mt_urbanmapping\multimodal_cd_dataset\L15-1669E-1153N_6678_3579_13\s1\s1_L15-1669E-1153N_6678_3579_13_2018_03.tif,datasets\sen12_mt_urbanmapping\multimodal_cd_dataset\L15-1669E-1153N_6678_3579_13\s2\s2_L15-1669E-1153N_6678_3579_13_2018_03.tif,datasets\sen12_mt_urbanmapping\multimodal_cd_dataset\L15-1669E-1153N_6678_3579_13\buildings\buildings_L15-1669E-1153N_6678_3579_13_2018_03.tif
L15-1669E-1153N_6678_3579_13,2018,4,2018_04,True,False,True,False,False,True,True,True,True,datasets\sen12_mt_urbanmapping\multimodal_cd_dataset\L15-1669E-1153N_6678_3579_13\s1\s1_L15-1669E-1153N_6678_3579_13_2018_04.tif,datasets\sen12_mt_urbanmapping\multimodal_cd_dataset\L15-1669E-1153N_6678_3579_13\s2\s2_L15-1669E-1153N_6678_3579_13_2018_04.tif,datasets\sen12_mt_urbanmapping\multimodal_cd_dataset\L15-1669E-1153N_6678_3579_13\buildings\buildings_L15-1669E-1153N_6678_3579_13_2018_04.tif
L15-1669E-1153N_6678_3579_13,2018,5,2018_05,True,True,True,False,False,False,True,True,True,datasets\sen12_mt_urbanmapping\multimodal_cd_dataset\L15-1669E-1153N_6678_3579_13\s1\s1_L15-1669E-1153N_6678_3579_13_2018_05.tif,datasets\sen12_mt_urbanmapping\multimodal_cd_dataset\L15-1669E-1153N_6678_3579_13\s2\s2_L15-1669E-1153N_6678_3579_13_2018_05.tif,datasets\sen12_mt_urbanmapping\multimodal_cd_dataset\L15-1669E-1153N_6678_3579_13\buildings\buildings_L15-1669E-1153N_6678_3579_13_2018_05.tif
L15-1669E-1153N_6678_3579_13,2018,6,2018_06,True,False,True,False,False,True,True,True,True,datasets\sen12_mt_urbanmapping\multimodal_cd_dataset\L15-1669E-1153N_6678_3579_13\s1\s1_L15-1669E-1153N_6678_3579_13_2018_06.tif,datasets\sen12_mt_urbanmapping\multimodal_cd_dataset\L15-1669E-1153N_6678_3579_13\s2\s2_L15-1669E-1153N_6678_3579_13_2018_06.tif,datasets\sen12_mt_urbanmapping\multimodal_cd_dataset\L15-1669E-1153N_6678_3579_13\buildings\buildings_L15-1669E-1153N_6678_3579_13_2018_06.tif
L15-1669E-1153N_6678_3579_13,2018,7,2018_07,True,False,True,True,False,True,True,True,True,datasets\sen12_mt_urbanmapping\multimodal_cd_dataset\L15-1669E-1153N_6678_3579_13\s1\s1_L15-1669E-1153N_6678_3579_13_2018_07.tif,datasets\sen12_mt_urbanmapping\multimodal_cd_dataset\L15-1669E-1153N_6678_3579_13\s2\s2_L15-1669E-1153N_6678_3579_13_2018_07.tif,datasets\sen12_mt_urbanmapping\multimodal_cd_dataset\L15-1669E-1153N_6678_3579_13\buildings\buildings_L15-1669E-1153N_6678_3579_13_2018_07.tif
L15-1669E-1153N_6678_3579_13,2018,9,2018_09,True,False,True,False,False,True,True,True,True,datasets\sen12_mt_urbanmapping\multimodal_cd_dataset\L15-1669E-1153N_6678_3579_13\s1\s1_L15-1669E-1153N_6678_3579_13_2018_09.tif,datasets\sen12_mt_urbanmapping\multimodal_cd_dataset\L15-1669E-1153N_6678_3579_13\s2\s2_L15-1669E-1153N_6678_3579_13_2018_09.tif,datasets\sen12_mt_urbanmapping\multimodal_cd_dataset\L15-1669E-1153N_6678_3579_13\buildings\buildings_L15-1669E-1153N_6678_3579_13_2018_09.tif
L15-1669E-1153N_6678_3579_13,2018,10,2018_10,True,True,True,False,False,False,True,True,True,datasets\sen12_mt_urbanmapping\multimodal_cd_dataset\L15-1669E-1153N_6678_3579_13\s1\s1_L15-1669E-1153N_6678_3579_13_2018_10.tif,datasets\sen12_mt_urbanmapping\multimodal_cd_dataset\L15-1669E-1153N_6678_3579_13\s2\s2_L15-1669E-1153N_6678_3579_13_2018_10.tif,datasets\sen12_mt_urbanmapping\multimodal_cd_dataset\L15-1669E-1153N_6678_3579_13\buildings\buildings_L15-1669E-1153N_6678_3579_13_2018_10.tif
L15-1669E-1153N_6678_3579_13,2018,11,2018_11,True,False,True,False,False,True,True,True,True,datasets\sen12_mt_urbanmapping\multimodal_cd_dataset\L15-1669E-1153N_6678_3579_13\s1\s1_L15-1669E-1153N_6678_3579_13_2018_11.tif,datasets\sen12_mt_urbanmapping\multimodal_cd_dataset\L15-1669E-1153N_6678_3579_13\s2\s2_L15-1669E-1153N_6678_3579_13_2018_11.tif,datasets\sen12_mt_urbanmapping\multimodal_cd_dataset\L15-1669E-1153N_6678_3579_13\buildings\buildings_L15-1669E-1153N_6678_3579_13_2018_11.tif
L15-1669E-1153N_6678_3579_13,2018,12,2018_12,True,True,True,False,False,False,True,True,True,datasets\sen12_mt_urbanmapping\multimodal_cd_dataset\L15-1669E-1153N_6678_3579_13\s1\s1_L15-1669E-1153N_6678_3579_13_2018_12.tif,datasets\sen12_mt_urbanmapping\multimodal_cd_dataset\L15-1669E-1153N_6678_3579_13\s2\s2_L15-1669E-1153N_6678_3579_13_2018_12.tif,datasets\sen12_mt_urbanmapping\multimodal_cd_dataset\L15-1669E-1153N_6678_3579_13\buildings\buildings_L15-1669E-1153N_6678_3579_13_2018_12.tif
L15-1669E-1153N_6678_3579_13,2019,1,2019_01,True,True,True,False,False,False,True,True,True,datasets\sen12_mt_urbanmapping\multimodal_cd_dataset\L15-1669E-1153N_6678_3579_13\s1\s1_L15-1669E-1153N_6678_3579_13_2019_01.tif,datasets\sen12_mt_urbanmapping\multimodal_cd_dataset\L15-1669E-1153N_6678_3579_13\s2\s2_L15-1669E-1153N_6678_3579_13_2019_01.tif,datasets\sen12_mt_urbanmapping\multimodal_cd_dataset\L15-1669E-1153N_6678_3579_13\buildings\buildings_L15-1669E-1153N_6678_3579_13_2019_01.tif
L15-1669E-1153N_6678_3579_13,2019,7,2019_07,True,False,True,True,False,True,True,True,True,datasets\sen12_mt_urbanmapping\multimodal_cd_dataset\L15-1669E-1153N_6678_3579_13\s1\s1_L15-1669E-1153N_6678_3579_13_2019_07.tif,datasets\sen12_mt_urbanmapping\multimodal_cd_dataset\L15-1669E-1153N_6678_3579_13\s2\s2_L15-1669E-1153N_6678_3579_13_2019_07.tif,datasets\sen12_mt_urbanmapping\multimodal_cd_dataset\L15-1669E-1153N_6678_3579_13\buildings\buildings_L15-1669E-1153N_6678_3579_13_2019_07.tif
L15-1669E-1153N_6678_3579_13,2019,8,2019_08,True,True,True,False,False,False,True,True,True,datasets\sen12_mt_urbanmapping\multimodal_cd_dataset\L15-1669E-1153N_6678_3579_13\s1\s1_L15-1669E-1153N_6678_3579_13_2019_08.tif,datasets\sen12_mt_urbanmapping\multimodal_cd_dataset\L15-1669E-1153N_6678_3579_13\s2\s2_L15-1669E-1153N_6678_3579_13_2019_08.tif,datasets\sen12_mt_urbanmapping\multimodal_cd_dataset\L15-1669E-1153N_6678_3579_13\buildings\buildings_L15-1669E-1153N_6678_3579_13_2019_08.tif
L15-1669E-1153N_6678_3579_13,2019,9,2019_09,True,True,True,False,False,False,True,True,True,datasets\sen12_mt_urbanmapping\multimodal_cd_dataset\L15-1669E-1153N_6678_3579_13\s1\s1_L15-1669E-1153N_6678_3579_13_2019_09.tif,datasets\sen12_mt_urbanmapping\multimodal_cd_dataset\L15-1669E-1153N_6678_3579_13\s2\s2_L15-1669E-1153N_6678_3579_13_2019_09.tif,datasets\sen12_mt_urbanmapping\multimodal_cd_dataset\L15-1669E-1153N_6678_3579_13\buildings\buildings_L15-1669E-1153N_6678_3579_13_2019_09.tif
L15-1669E-1153N_6678_3579_13,2019,10,2019_10,True,True,True,False,False,False,True,True,True,datasets\sen12_mt_urbanmapping\multimodal_cd_dataset\L15-1669E-1153N_6678_3579_13\s1\s1_L15-1669E-1153N_6678_3579_13_2019_10.tif,datasets\sen12_mt_urbanmapping\multimodal_cd_dataset\L15-1669E-1153N_6678_3579_13\s2\s2_L15-1669E-1153N_6678_3579_13_2019_10.tif,datasets\sen12_mt_urbanmapping\multimodal_cd_dataset\L15-1669E-1153N_6678_3579_13\buildings\buildings_L15-1669E-1153N_6678_3579_13_2019_10.tif
L15-1669E-1153N_6678_3579_13,2019,11,2019_11,True,True,True,False,False,False,True,True,True,datasets\sen12_mt_urbanmapping\multimodal_cd_dataset\L15-1669E-1153N_6678_3579_13\s1\s1_L15-1669E-1153N_6678_3579_13_2019_11.tif,datasets\sen12_mt_urbanmapping\multimodal_cd_dataset\L15-1669E-1153N_6678_3579_13\s2\s2_L15-1669E-1153N_6678_3579_13_2019_11.tif,datasets\sen12_mt_urbanmapping\multimodal_cd_dataset\L15-1669E-1153N_6678_3579_13\buildings\buildings_L15-1669E-1153N_6678_3579_13_2019_11.tif
L15-1669E-1153N_6678_3579_13,2019,12,2019_12,True,True,True,False,False,False,True,True,True,datasets\sen12_mt_urbanmapping\multimodal_cd_dataset\L15-1669E-1153N_6678_3579_13\s1\s1_L15-1669E-1153N_6678_3579_13_2019_12.tif,datasets\sen12_mt_urbanmapping\multimodal_cd_dataset\L15-1669E-1153N_6678_3579_13\s2\s2_L15-1669E-1153N_6678_3579_13_2019_12.tif,datasets\sen12_mt_urbanmapping\multimodal_cd_dataset\L15-1669E-1153N_6678_3579_13\buildings\buildings_L15-1669E-1153N_6678_3579_13_2019_12.tif
L15-1669E-1160N_6678_3548_13,2017,7,2017_07,True,False,True,True,False,True,True,True,True,datasets\sen12_mt_urbanmapping\multimodal_cd_dataset\L15-1669E-1160N_6678_3548_13\s1\s1_L15-1669E-1160N_6678_3548_13_2017_07.tif,datasets\sen12_mt_urbanmapping\multimodal_cd_dataset\L15-1669E-1160N_6678_3548_13\s2\s2_L15-1669E-1160N_6678_3548_13_2017_07.tif,datasets\sen12_mt_urbanmapping\multimodal_cd_dataset\L15-1669E-1160N_6678_3548_13\buildings\buildings_L15-1669E-1160N_6678_3548_13_2017_07.tif
L15-1669E-1160N_6678_3548_13,2017,8,2017_08,True,False,True,False,False,True,True,True,True,datasets\sen12_mt_urbanmapping\multimodal_cd_dataset\L15-1669E-1160N_6678_3548_13\s1\s1_L15-1669E-1160N_6678_3548_13_2017_08.tif,datasets\sen12_mt_urbanmapping\multimodal_cd_dataset\L15-1669E-1160N_6678_3548_13\s2\s2_L15-1669E-1160N_6678_3548_13_2017_08.tif,datasets\sen12_mt_urbanmapping\multimodal_cd_dataset\L15-1669E-1160N_6678_3548_13\buildings\buildings_L15-1669E-1160N_6678_3548_13_2017_08.tif
L15-1669E-1160N_6678_3548_13,2017,9,2017_09,True,True,True,False,False,False,True,True,True,datasets\sen12_mt_urbanmapping\multimodal_cd_dataset\L15-1669E-1160N_6678_3548_13\s1\s1_L15-1669E-1160N_6678_3548_13_2017_09.tif,datasets\sen12_mt_urbanmapping\multimodal_cd_dataset\L15-1669E-1160N_6678_3548_13\s2\s2_L15-1669E-1160N_6678_3548_13_2017_09.tif,datasets\sen12_mt_urbanmapping\multimodal_cd_dataset\L15-1669E-1160N_6678_3548_13\buildings\buildings_L15-1669E-1160N_6678_3548_13_2017_09.tif
L15-1669E-1160N_6678_3548_13,2017,10,2017_10,True,True,True,True,False,False,True,True,True,datasets\sen12_mt_urbanmapping\multimodal_cd_dataset\L15-1669E-1160N_6678_3548_13\s1\s1_L15-1669E-1160N_6678_3548_13_2017_10.tif,datasets\sen12_mt_urbanmapping\multimodal_cd_dataset\L15-1669E-1160N_6678_3548_13\s2\s2_L15-1669E-1160N_6678_3548_13_2017_10.tif,datasets\sen12_mt_urbanmapping\multimodal_cd_dataset\L15-1669E-1160N_6678_3548_13\buildings\buildings_L15-1669E-1160N_6678_3548_13_2017_10.tif
L15-1669E-1160N_6678_3548_13,2017,11,2017_11,True,True,True,False,False,False,True,True,True,datasets\sen12_mt_urbanmapping\multimodal_cd_dataset\L15-1669E-1160N_6678_3548_13\s1\s1_L15-1669E-1160N_6678_3548_13_2017_11.tif,datasets\sen12_mt_urbanmapping\multimodal_cd_dataset\L15-1669E-1160N_6678_3548_13\s2\s2_L15-1669E-1160N_6678_3548_13_2017_11.tif,datasets\sen12_mt_urbanmapping\multimodal_cd_dataset\L15-1669E-1160N_6678_3548_13\buildings\buildings_L15-1669E-1160N_6678_3548_13_2017_11.tif
L15-1669E-1160N_6678_3548_13,2018,1,2018_01,True,True,True,False,False,False,True,True,True,datasets\sen12_mt_urbanmapping\multimodal_cd_dataset\L15-1669E-1160N_6678_3548_13\s1\s1_L15-1669E-1160N_6678_3548_13_2018_01.tif,datasets\sen12_mt_urbanmapping\multimodal_cd_dataset\L15-1669E-1160N_6678_3548_13\s2\s2_L15-1669E-1160N_6678_3548_13_2018_01.tif,datasets\sen12_mt_urbanmapping\multimodal_cd_dataset\L15-1669E-1160N_6678_3548_13\buildings\buildings_L15-1669E-1160N_6678_3548_13_2018_01.tif
L15-1669E-1160N_6678_3548_13,2018,2,2018_02,True,False,True,False,False,True,True,True,True,datasets\sen12_mt_urbanmapping\multimodal_cd_dataset\L15-1669E-1160N_6678_3548_13\s1\s1_L15-1669E-1160N_6678_3548_13_2018_02.tif,datasets\sen12_mt_urbanmapping\multimodal_cd_dataset\L15-1669E-1160N_6678_3548_13\s2\s2_L15-1669E-1160N_6678_3548_13_2018_02.tif,datasets\sen12_mt_urbanmapping\multimodal_cd_dataset\L15-1669E-1160N_6678_3548_13\buildings\buildings_L15-1669E-1160N_6678_3548_13_2018_02.tif
L15-1669E-1160N_6678_3548_13,2018,3,2018_03,True,True,True,False,False,False,True,True,True,datasets\sen12_mt_urbanmapping\multimodal_cd_dataset\L15-1669E-1160N_6678_3548_13\s1\s1_L15-1669E-1160N_6678_3548_13_2018_03.tif,datasets\sen12_mt_urbanmapping\multimodal_cd_dataset\L15-1669E-1160N_6678_3548_13\s2\s2_L15-1669E-1160N_6678_3548_13_2018_03.tif,datasets\sen12_mt_urbanmapping\multimodal_cd_dataset\L15-1669E-1160N_6678_3548_13\buildings\buildings_L15-1669E-1160N_6678_3548_13_2018_03.tif
L15-1669E-1160N_6678_3548_13,2018,4,2018_04,True,False,True,True,False,True,True,True,True,datasets\sen12_mt_urbanmapping\multimodal_cd_dataset\L15-1669E-1160N_6678_3548_13\s1\s1_L15-1669E-1160N_6678_3548_13_2018_04.tif,datasets\sen12_mt_urbanmapping\multimodal_cd_dataset\L15-1669E-1160N_6678_3548_13\s2\s2_L15-1669E-1160N_6678_3548_13_2018_04.tif,datasets\sen12_mt_urbanmapping\multimodal_cd_dataset\L15-1669E-1160N_6678_3548_13\buildings\buildings_L15-1669E-1160N_6678_3548_13_2018_04.tif
L15-1669E-1160N_6678_3548_13,2018,5,2018_05,True,False,True,True,False,True,True,True,True,datasets\sen12_mt_urbanmapping\multimodal_cd_dataset\L15-1669E-1160N_6678_3548_13\s1\s1_L15-1669E-1160N_6678_3548_13_2018_05.tif,datasets\sen12_mt_urbanmapping\multimodal_cd_dataset\L15-1669E-1160N_6678_3548_13\s2\s2_L15-1669E-1160N_6678_3548_13_2018_05.tif,datasets\sen12_mt_urbanmapping\multimodal_cd_dataset\L15-1669E-1160N_6678_3548_13\buildings\buildings_L15-1669E-1160N_6678_3548_13_2018_05.tif
L15-1669E-1160N_6678_3548_13,2018,6,2018_06,True,False,True,True,False,True,True,True,True,datasets\sen12_mt_urbanmapping\multimodal_cd_dataset\L15-1669E-1160N_6678_3548_13\s1\s1_L15-1669E-1160N_6678_3548_13_2018_06.tif,datasets\sen12_mt_urbanmapping\multimodal_cd_dataset\L15-1669E-1160N_6678_3548_13\s2\s2_L15-1669E-1160N_6678_3548_13_2018_06.tif,datasets\sen12_mt_urbanmapping\multimodal_cd_dataset\L15-1669E-1160N_6678_3548_13\buildings\buildings_L15-1669E-1160N_6678_3548_13_2018_06.tif
L15-1669E-1160N_6678_3548_13,2018,7,2018_07,True,False,True,False,False,True,True,True,True,datasets\sen12_mt_urbanmapping\multimodal_cd_dataset\L15-1669E-1160N_6678_3548_13\s1\s1_L15-1669E-1160N_6678_3548_13_2018_07.tif,datasets\sen12_mt_urbanmapping\multimodal_cd_dataset\L15-1669E-1160N_6678_3548_13\s2\s2_L15-1669E-1160N_6678_3548_13_2018_07.tif,datasets\sen12_mt_urbanmapping\multimodal_cd_dataset\L15-1669E-1160N_6678_3548_13\buildings\buildings_L15-1669E-1160N_6678_3548_13_2018_07.tif
L15-1669E-1160N_6678_3548_13,2018,8,2018_08,True,True,True,True,False,False,True,True,True,datasets\sen12_mt_urbanmapping\multimodal_cd_dataset\L15-1669E-1160N_6678_3548_13\s1\s1_L15-1669E-1160N_6678_3548_13_2018_08.tif,datasets\sen12_mt_urbanmapping\multimodal_cd_dataset\L15-1669E-1160N_6678_3548_13\s2\s2_L15-1669E-1160N_6678_3548_13_2018_08.tif,datasets\sen12_mt_urbanmapping\multimodal_cd_dataset\L15-1669E-1160N_6678_3548_13\buildings\buildings_L15-1669E-1160N_6678_3548_13_2018_08.tif
L15-1669E-1160N_6678_3548_13,2018,9,2018_09,True,True,True,False,False,False,True,True,True,datasets\sen12_mt_urbanmapping\multimodal_cd_dataset\L15-1669E-1160N_6678_3548_13\s1\s1_L15-1669E-1160N_6678_3548_13_2018_09.tif,datasets\sen12_mt_urbanmapping\multimodal_cd_dataset\L15-1669E-1160N_6678_3548_13\s2\s2_L15-1669E-1160N_6678_3548_13_2018_09.tif,datasets\sen12_mt_urbanmapping\multimodal_cd_dataset\L15-1669E-1160N_6678_3548_13\buildings\buildings_L15-1669E-1160N_6678_3548_13_2018_09.tif
L15-1669E-1160N_6678_3548_13,2018,10,2018_10,True,True,True,False,False,False,True,True,True,datasets\sen12_mt_urbanmapping\multimodal_cd_dataset\L15-1669E-1160N_6678_3548_13\s1\s1_L15-1669E-1160N_6678_3548_13_2018_10.tif,datasets\sen12_mt_urbanmapping\multimodal_cd_dataset\L15-1669E-1160N_6678_3548_13\s2\s2_L15-1669E-1160N_6678_3548_13_2018_10.tif,datasets\sen12_mt_urbanmapping\multimodal_cd_dataset\L15-1669E-1160N_6678_3548_13\buildings\buildings_L15-1669E-1160N_6678_3548_13_2018_10.tif
L15-1669E-1160N_6678_3548_13,2018,11,2018_11,True,True,True,False,False,False,True,True,True,datasets\sen12_mt_urbanmapping\multimodal_cd_dataset\L15-1669E-1160N_6678_3548_13\s1\s1_L15-1669E-1160N_6678_3548_13_2018_11.tif,datasets\sen12_mt_urbanmapping\multimodal_cd_dataset\L15-1669E-1160N_6678_3548_13\s2\s2_L15-1669E-1160N_6678_3548_13_2018_11.tif,datasets\sen12_mt_urbanmapping\multimodal_cd_dataset\L15-1669E-1160N_6678_3548_13\buildings\buildings_L15-1669E-1160N_6678_3548_13_2018_11.tif
L15-1669E-1160N_6678_3548_13,2018,12,2018_12,True,False,True,False,False,True,True,True,True,datasets\sen12_mt_urbanmapping\multimodal_cd_dataset\L15-1669E-1160N_6678_3548_13\s1\s1_L15-1669E-1160N_6678_3548_13_2018_12.tif,datasets\sen12_mt_urbanmapping\multimodal_cd_dataset\L15-1669E-1160N_6678_3548_13\s2\s2_L15-1669E-1160N_6678_3548_13_2018_12.tif,datasets\sen12_mt_urbanmapping\multimodal_cd_dataset\L15-1669E-1160N_6678_3548_13\buildings\buildings_L15-1669E-1160N_6678_3548_13_2018_12.tif
L15-1669E-1160N_6678_3548_13,2019,1,2019_01,True,True,True,False,False,False,True,True,True,datasets\sen12_mt_urbanmapping\multimodal_cd_dataset\L15-1669E-1160N_6678_3548_13\s1\s1_L15-1669E-1160N_6678_3548_13_2019_01.tif,datasets\sen12_mt_urbanmapping\multimodal_cd_dataset\L15-1669E-1160N_6678_3548_13\s2\s2_L15-1669E-1160N_6678_3548_13_2019_01.tif,datasets\sen12_mt_urbanmapping\multimodal_cd_dataset\L15-1669E-1160N_6678_3548_13\buildings\buildings_L15-1669E-1160N_6678_3548_13_2019_01.tif
L15-1669E-1160N_6678_3548_13,2019,2,2019_02,True,False,True,True,False,True,True,True,True,datasets\sen12_mt_urbanmapping\multimodal_cd_dataset\L15-1669E-1160N_6678_3548_13\s1\s1_L15-1669E-1160N_6678_3548_13_2019_02.tif,datasets\sen12_mt_urbanmapping\multimodal_cd_dataset\L15-1669E-1160N_6678_3548_13\s2\s2_L15-1669E-1160N_6678_3548_13_2019_02.tif,datasets\sen12_mt_urbanmapping\multimodal_cd_dataset\L15-1669E-1160N_6678_3548_13\buildings\buildings_L15-1669E-1160N_6678_3548_13_2019_02.tif
L15-1669E-1160N_6678_3548_13,2019,3,2019_03,True,True,True,False,False,False,True,True,True,datasets\sen12_mt_urbanmapping\multimodal_cd_dataset\L15-1669E-1160N_6678_3548_13\s1\s1_L15-1669E-1160N_6678_3548_13_2019_03.tif,datasets\sen12_mt_urbanmapping\multimodal_cd_dataset\L15-1669E-1160N_6678_3548_13\s2\s2_L15-1669E-1160N_6678_3548_13_2019_03.tif,datasets\sen12_mt_urbanmapping\multimodal_cd_dataset\L15-1669E-1160N_6678_3548_13\buildings\buildings_L15-1669E-1160N_6678_3548_13_2019_03.tif
L15-1669E-1160N_6678_3548_13,2019,4,2019_04,True,False,True,True,False,True,True,True,True,datasets\sen12_mt_urbanmapping\multimodal_cd_dataset\L15-1669E-1160N_6678_3548_13\s1\s1_L15-1669E-1160N_6678_3548_13_2019_04.tif,datasets\sen12_mt_urbanmapping\multimodal_cd_dataset\L15-1669E-1160N_6678_3548_13\s2\s2_L15-1669E-1160N_6678_3548_13_2019_04.tif,datasets\sen12_mt_urbanmapping\multimodal_cd_dataset\L15-1669E-1160N_6678_3548_13\buildings\buildings_L15-1669E-1160N_6678_3548_13_2019_04.tif
L15-1669E-1160N_6678_3548_13,2019,5,2019_05,True,False,True,True,False,True,True,True,True,datasets\sen12_mt_urbanmapping\multimodal_cd_dataset\L15-1669E-1160N_6678_3548_13\s1\s1_L15-1669E-1160N_6678_3548_13_2019_05.tif,datasets\sen12_mt_urbanmapping\multimodal_cd_dataset\L15-1669E-1160N_6678_3548_13\s2\s2_L15-1669E-1160N_6678_3548_13_2019_05.tif,datasets\sen12_mt_urbanmapping\multimodal_cd_dataset\L15-1669E-1160N_6678_3548_13\buildings\buildings_L15-1669E-1160N_6678_3548_13_2019_05.tif
L15-1669E-1160N_6678_3548_13,2019,6,2019_06,True,False,True,True,False,True,True,True,True,datasets\sen12_mt_urbanmapping\multimodal_cd_dataset\L15-1669E-1160N_6678_3548_13\s1\s1_L15-1669E-1160N_6678_3548_13_2019_06.tif,datasets\sen12_mt_urbanmapping\multimodal_cd_dataset\L15-1669E-1160N_6678_3548_13\s2\s2_L15-1669E-1160N_6678_3548_13_2019_06.tif,datasets\sen12_mt_urbanmapping\multimodal_cd_dataset\L15-1669E-1160N_6678_3548_13\buildings\buildings_L15-1669E-1160N_6678_3548_13_2019_06.tif
L15-1669E-1160N_6678_3548_13,2019,7,2019_07,True,False,True,False,False,True,True,True,True,datasets\sen12_mt_urbanmapping\multimodal_cd_dataset\L15-1669E-1160N_6678_3548_13\s1\s1_L15-1669E-1160N_6678_3548_13_2019_07.tif,datasets\sen12_mt_urbanmapping\multimodal_cd_dataset\L15-1669E-1160N_6678_3548_13\s2\s2_L15-1669E-1160N_6678_3548_13_2019_07.tif,datasets\sen12_mt_urbanmapping\multimodal_cd_dataset\L15-1669E-1160N_6678_3548_13\buildings\buildings_L15-1669E-1160N_6678_3548_13_2019_07.tif
L15-1669E-1160N_6678_3548_13,2019,8,2019_08,True,True,True,False,False,False,True,True,True,datasets\sen12_mt_urbanmapping\multimodal_cd_dataset\L15-1669E-1160N_6678_3548_13\s1\s1_L15-1669E-1160N_6678_3548_13_2019_08.tif,datasets\sen12_mt_urbanmapping\multimodal_cd_dataset\L15-1669E-1160N_6678_3548_13\s2\s2_L15-1669E-1160N_6678_3548_13_2019_08.tif,datasets\sen12_mt_urbanmapping\multimodal_cd_dataset\L15-1669E-1160N_6678_3548_13\buildings\buildings_L15-1669E-1160N_6678_3548_13_2019_08.tif
L15-1669E-1160N_6678_3548_13,2019,9,2019_09,True,True,True,False,False,False,True,True,True,datasets\sen12_mt_urbanmapping\multimodal_cd_dataset\L15-1669E-1160N_6678_3548_13\s1\s1_L15-1669E-1160N_6678_3548_13_2019_09.tif,datasets\sen12_mt_urbanmapping\multimodal_cd_dataset\L15-1669E-1160N_6678_3548_13\s2\s2_L15-1669E-1160N_6678_3548_13_2019_09.tif,datasets\sen12_mt_urbanmapping\multimodal_cd_dataset\L15-1669E-1160N_6678_3548_13\buildings\buildings_L15-1669E-1160N_6678_3548_13_2019_09.tif
L15-1669E-1160N_6679_3549_13,2017,7,2017_07,True,False,True,True,False,True,True,True,True,datasets\sen12_mt_urbanmapping\multimodal_cd_dataset\L15-1669E-1160N_6679_3549_13\s1\s1_L15-1669E-1160N_6679_3549_13_2017_07.tif,datasets\sen12_mt_urbanmapping\multimodal_cd_dataset\L15-1669E-1160N_6679_3549_13\s2\s2_L15-1669E-1160N_6679_3549_13_2017_07.tif,datasets\sen12_mt_urbanmapping\multimodal_cd_dataset\L15-1669E-1160N_6679_3549_13\buildings\buildings_L15-1669E-1160N_6679_3549_13_2017_07.tif
L15-1669E-1160N_6679_3549_13,2017,8,2017_08,True,False,True,False,False,True,True,True,True,datasets\sen12_mt_urbanmapping\multimodal_cd_dataset\L15-1669E-1160N_6679_3549_13\s1\s1_L15-1669E-1160N_6679_3549_13_2017_08.tif,datasets\sen12_mt_urbanmapping\multimodal_cd_dataset\L15-1669E-1160N_6679_3549_13\s2\s2_L15-1669E-1160N_6679_3549_13_2017_08.tif,datasets\sen12_mt_urbanmapping\multimodal_cd_dataset\L15-1669E-1160N_6679_3549_13\buildings\buildings_L15-1669E-1160N_6679_3549_13_2017_08.tif
L15-1669E-1160N_6679_3549_13,2017,9,2017_09,True,True,True,False,False,False,True,True,True,datasets\sen12_mt_urbanmapping\multimodal_cd_dataset\L15-1669E-1160N_6679_3549_13\s1\s1_L15-1669E-1160N_6679_3549_13_2017_09.tif,datasets\sen12_mt_urbanmapping\multimodal_cd_dataset\L15-1669E-1160N_6679_3549_13\s2\s2_L15-1669E-1160N_6679_3549_13_2017_09.tif,datasets\sen12_mt_urbanmapping\multimodal_cd_dataset\L15-1669E-1160N_6679_3549_13\buildings\buildings_L15-1669E-1160N_6679_3549_13_2017_09.tif
L15-1669E-1160N_6679_3549_13,2017,10,2017_10,True,True,True,False,False,False,True,True,True,datasets\sen12_mt_urbanmapping\multimodal_cd_dataset\L15-1669E-1160N_6679_3549_13\s1\s1_L15-1669E-1160N_6679_3549_13_2017_10.tif,datasets\sen12_mt_urbanmapping\multimodal_cd_dataset\L15-1669E-1160N_6679_3549_13\s2\s2_L15-1669E-1160N_6679_3549_13_2017_10.tif,datasets\sen12_mt_urbanmapping\multimodal_cd_dataset\L15-1669E-1160N_6679_3549_13\buildings\buildings_L15-1669E-1160N_6679_3549_13_2017_10.tif
L15-1669E-1160N_6679_3549_13,2017,11,2017_11,True,True,True,False,False,False,True,True,True,datasets\sen12_mt_urbanmapping\multimodal_cd_dataset\L15-1669E-1160N_6679_3549_13\s1\s1_L15-1669E-1160N_6679_3549_13_2017_11.tif,datasets\sen12_mt_urbanmapping\multimodal_cd_dataset\L15-1669E-1160N_6679_3549_13\s2\s2_L15-1669E-1160N_6679_3549_13_2017_11.tif,datasets\sen12_mt_urbanmapping\multimodal_cd_dataset\L15-1669E-1160N_6679_3549_13\buildings\buildings_L15-1669E-1160N_6679_3549_13_2017_11.tif
L15-1669E-1160N_6679_3549_13,2018,1,2018_01,True,True,True,False,False,False,True,True,True,datasets\sen12_mt_urbanmapping\multimodal_cd_dataset\L15-1669E-1160N_6679_3549_13\s1\s1_L15-1669E-1160N_6679_3549_13_2018_01.tif,datasets\sen12_mt_urbanmapping\multimodal_cd_dataset\L15-1669E-1160N_6679_3549_13\s2\s2_L15-1669E-1160N_6679_3549_13_2018_01.tif,datasets\sen12_mt_urbanmapping\multimodal_cd_dataset\L15-1669E-1160N_6679_3549_13\buildings\buildings_L15-1669E-1160N_6679_3549_13_2018_01.tif
L15-1669E-1160N_6679_3549_13,2018,2,2018_02,True,False,True,False,False,True,True,True,True,datasets\sen12_mt_urbanmapping\multimodal_cd_dataset\L15-1669E-1160N_6679_3549_13\s1\s1_L15-1669E-1160N_6679_3549_13_2018_02.tif,datasets\sen12_mt_urbanmapping\multimodal_cd_dataset\L15-1669E-1160N_6679_3549_13\s2\s2_L15-1669E-1160N_6679_3549_13_2018_02.tif,datasets\sen12_mt_urbanmapping\multimodal_cd_dataset\L15-1669E-1160N_6679_3549_13\buildings\buildings_L15-1669E-1160N_6679_3549_13_2018_02.tif
L15-1669E-1160N_6679_3549_13,2018,3,2018_03,True,True,True,True,False,False,True,True,True,datasets\sen12_mt_urbanmapping\multimodal_cd_dataset\L15-1669E-1160N_6679_3549_13\s1\s1_L15-1669E-1160N_6679_3549_13_2018_03.tif,datasets\sen12_mt_urbanmapping\multimodal_cd_dataset\L15-1669E-1160N_6679_3549_13\s2\s2_L15-1669E-1160N_6679_3549_13_2018_03.tif,datasets\sen12_mt_urbanmapping\multimodal_cd_dataset\L15-1669E-1160N_6679_3549_13\buildings\buildings_L15-1669E-1160N_6679_3549_13_2018_03.tif
L15-1669E-1160N_6679_3549_13,2018,4,2018_04,True,False,True,True,False,True,True,True,True,datasets\sen12_mt_urbanmapping\multimodal_cd_dataset\L15-1669E-1160N_6679_3549_13\s1\s1_L15-1669E-1160N_6679_3549_13_2018_04.tif,datasets\sen12_mt_urbanmapping\multimodal_cd_dataset\L15-1669E-1160N_6679_3549_13\s2\s2_L15-1669E-1160N_6679_3549_13_2018_04.tif,datasets\sen12_mt_urbanmapping\multimodal_cd_dataset\L15-1669E-1160N_6679_3549_13\buildings\buildings_L15-1669E-1160N_6679_3549_13_2018_04.tif
L15-1669E-1160N_6679_3549_13,2018,5,2018_05,True,False,True,True,False,True,True,True,True,datasets\sen12_mt_urbanmapping\multimodal_cd_dataset\L15-1669E-1160N_6679_3549_13\s1\s1_L15-1669E-1160N_6679_3549_13_2018_05.tif,datasets\sen12_mt_urbanmapping\multimodal_cd_dataset\L15-1669E-1160N_6679_3549_13\s2\s2_L15-1669E-1160N_6679_3549_13_2018_05.tif,datasets\sen12_mt_urbanmapping\multimodal_cd_dataset\L15-1669E-1160N_6679_3549_13\buildings\buildings_L15-1669E-1160N_6679_3549_13_2018_05.tif
L15-1669E-1160N_6679_3549_13,2018,6,2018_06,True,False,True,True,False,True,True,True,True,datasets\sen12_mt_urbanmapping\multimodal_cd_dataset\L15-1669E-1160N_6679_3549_13\s1\s1_L15-1669E-1160N_6679_3549_13_2018_06.tif,datasets\sen12_mt_urbanmapping\multimodal_cd_dataset\L15-1669E-1160N_6679_3549_13\s2\s2_L15-1669E-1160N_6679_3549_13_2018_06.tif,datasets\sen12_mt_urbanmapping\multimodal_cd_dataset\L15-1669E-1160N_6679_3549_13\buildings\buildings_L15-1669E-1160N_6679_3549_13_2018_06.tif
L15-1669E-1160N_6679_3549_13,2018,7,2018_07,True,False,True,True,False,True,True,True,True,datasets\sen12_mt_urbanmapping\multimodal_cd_dataset\L15-1669E-1160N_6679_3549_13\s1\s1_L15-1669E-1160N_6679_3549_13_2018_07.tif,datasets\sen12_mt_urbanmapping\multimodal_cd_dataset\L15-1669E-1160N_6679_3549_13\s2\s2_L15-1669E-1160N_6679_3549_13_2018_07.tif,datasets\sen12_mt_urbanmapping\multimodal_cd_dataset\L15-1669E-1160N_6679_3549_13\buildings\buildings_L15-1669E-1160N_6679_3549_13_2018_07.tif
L15-1669E-1160N_6679_3549_13,2018,8,2018_08,True,True,True,True,False,False,True,True,True,datasets\sen12_mt_urbanmapping\multimodal_cd_dataset\L15-1669E-1160N_6679_3549_13\s1\s1_L15-1669E-1160N_6679_3549_13_2018_08.tif,datasets\sen12_mt_urbanmapping\multimodal_cd_dataset\L15-1669E-1160N_6679_3549_13\s2\s2_L15-1669E-1160N_6679_3549_13_2018_08.tif,datasets\sen12_mt_urbanmapping\multimodal_cd_dataset\L15-1669E-1160N_6679_3549_13\buildings\buildings_L15-1669E-1160N_6679_3549_13_2018_08.tif
L15-1669E-1160N_6679_3549_13,2018,9,2018_09,True,True,True,False,False,False,True,True,True,datasets\sen12_mt_urbanmapping\multimodal_cd_dataset\L15-1669E-1160N_6679_3549_13\s1\s1_L15-1669E-1160N_6679_3549_13_2018_09.tif,datasets\sen12_mt_urbanmapping\multimodal_cd_dataset\L15-1669E-1160N_6679_3549_13\s2\s2_L15-1669E-1160N_6679_3549_13_2018_09.tif,datasets\sen12_mt_urbanmapping\multimodal_cd_dataset\L15-1669E-1160N_6679_3549_13\buildings\buildings_L15-1669E-1160N_6679_3549_13_2018_09.tif
L15-1669E-1160N_6679_3549_13,2018,10,2018_10,True,True,True,False,False,False,True,True,True,datasets\sen12_mt_urbanmapping\multimodal_cd_dataset\L15-1669E-1160N_6679_3549_13\s1\s1_L15-1669E-1160N_6679_3549_13_2018_10.tif,datasets\sen12_mt_urbanmapping\multimodal_cd_dataset\L15-1669E-1160N_6679_3549_13\s2\s2_L15-1669E-1160N_6679_3549_13_2018_10.tif,datasets\sen12_mt_urbanmapping\multimodal_cd_dataset\L15-1669E-1160N_6679_3549_13\buildings\buildings_L15-1669E-1160N_6679_3549_13_2018_10.tif
L15-1669E-1160N_6679_3549_13,2018,11,2018_11,True,False,True,True,False,True,True,True,True,datasets\sen12_mt_urbanmapping\multimodal_cd_dataset\L15-1669E-1160N_6679_3549_13\s1\s1_L15-1669E-1160N_6679_3549_13_2018_11.tif,datasets\sen12_mt_urbanmapping\multimodal_cd_dataset\L15-1669E-1160N_6679_3549_13\s2\s2_L15-1669E-1160N_6679_3549_13_2018_11.tif,datasets\sen12_mt_urbanmapping\multimodal_cd_dataset\L15-1669E-1160N_6679_3549_13\buildings\buildings_L15-1669E-1160N_6679_3549_13_2018_11.tif
L15-1669E-1160N_6679_3549_13,2018,12,2018_12,True,False,True,False,False,True,True,True,True,datasets\sen12_mt_urbanmapping\multimodal_cd_dataset\L15-1669E-1160N_6679_3549_13\s1\s1_L15-1669E-1160N_6679_3549_13_2018_12.tif,datasets\sen12_mt_urbanmapping\multimodal_cd_dataset\L15-1669E-1160N_6679_3549_13\s2\s2_L15-1669E-1160N_6679_3549_13_2018_12.tif,datasets\sen12_mt_urbanmapping\multimodal_cd_dataset\L15-1669E-1160N_6679_3549_13\buildings\buildings_L15-1669E-1160N_6679_3549_13_2018_12.tif
L15-1669E-1160N_6679_3549_13,2019,1,2019_01,True,True,True,False,False,False,True,True,True,datasets\sen12_mt_urbanmapping\multimodal_cd_dataset\L15-1669E-1160N_6679_3549_13\s1\s1_L15-1669E-1160N_6679_3549_13_2019_01.tif,datasets\sen12_mt_urbanmapping\multimodal_cd_dataset\L15-1669E-1160N_6679_3549_13\s2\s2_L15-1669E-1160N_6679_3549_13_2019_01.tif,datasets\sen12_mt_urbanmapping\multimodal_cd_dataset\L15-1669E-1160N_6679_3549_13\buildings\buildings_L15-1669E-1160N_6679_3549_13_2019_01.tif
L15-1669E-1160N_6679_3549_13,2019,2,2019_02,True,False,True,True,False,True,True,True,True,datasets\sen12_mt_urbanmapping\multimodal_cd_dataset\L15-1669E-1160N_6679_3549_13\s1\s1_L15-1669E-1160N_6679_3549_13_2019_02.tif,datasets\sen12_mt_urbanmapping\multimodal_cd_dataset\L15-1669E-1160N_6679_3549_13\s2\s2_L15-1669E-1160N_6679_3549_13_2019_02.tif,datasets\sen12_mt_urbanmapping\multimodal_cd_dataset\L15-1669E-1160N_6679_3549_13\buildings\buildings_L15-1669E-1160N_6679_3549_13_2019_02.tif
L15-1669E-1160N_6679_3549_13,2019,3,2019_03,True,False,True,False,False,True,True,True,True,datasets\sen12_mt_urbanmapping\multimodal_cd_dataset\L15-1669E-1160N_6679_3549_13\s1\s1_L15-1669E-1160N_6679_3549_13_2019_03.tif,datasets\sen12_mt_urbanmapping\multimodal_cd_dataset\L15-1669E-1160N_6679_3549_13\s2\s2_L15-1669E-1160N_6679_3549_13_2019_03.tif,datasets\sen12_mt_urbanmapping\multimodal_cd_dataset\L15-1669E-1160N_6679_3549_13\buildings\buildings_L15-1669E-1160N_6679_3549_13_2019_03.tif
L15-1669E-1160N_6679_3549_13,2019,4,2019_04,True,False,True,True,False,True,True,True,True,datasets\sen12_mt_urbanmapping\multimodal_cd_dataset\L15-1669E-1160N_6679_3549_13\s1\s1_L15-1669E-1160N_6679_3549_13_2019_04.tif,datasets\sen12_mt_urbanmapping\multimodal_cd_dataset\L15-1669E-1160N_6679_3549_13\s2\s2_L15-1669E-1160N_6679_3549_13_2019_04.tif,datasets\sen12_mt_urbanmapping\multimodal_cd_dataset\L15-1669E-1160N_6679_3549_13\buildings\buildings_L15-1669E-1160N_6679_3549_13_2019_04.tif
L15-1669E-1160N_6679_3549_13,2019,5,2019_05,True,False,True,True,False,True,True,True,True,datasets\sen12_mt_urbanmapping\multimodal_cd_dataset\L15-1669E-1160N_6679_3549_13\s1\s1_L15-1669E-1160N_6679_3549_13_2019_05.tif,datasets\sen12_mt_urbanmapping\multimodal_cd_dataset\L15-1669E-1160N_6679_3549_13\s2\s2_L15-1669E-1160N_6679_3549_13_2019_05.tif,datasets\sen12_mt_urbanmapping\multimodal_cd_dataset\L15-1669E-1160N_6679_3549_13\buildings\buildings_L15-1669E-1160N_6679_3549_13_2019_05.tif
L15-1669E-1160N_6679_3549_13,2019,6,2019_06,True,False,True,True,False,True,True,True,True,datasets\sen12_mt_urbanmapping\multimodal_cd_dataset\L15-1669E-1160N_6679_3549_13\s1\s1_L15-1669E-1160N_6679_3549_13_2019_06.tif,datasets\sen12_mt_urbanmapping\multimodal_cd_dataset\L15-1669E-1160N_6679_3549_13\s2\s2_L15-1669E-1160N_6679_3549_13_2019_06.tif,datasets\sen12_mt_urbanmapping\multimodal_cd_dataset\L15-1669E-1160N_6679_3549_13\buildings\buildings_L15-1669E-1160N_6679_3549_13_2019_06.tif
L15-1669E-1160N_6679_3549_13,2019,7,2019_07,True,False,True,False,False,True,True,True,True,datasets\sen12_mt_urbanmapping\multimodal_cd_dataset\L15-1669E-1160N_6679_3549_13\s1\s1_L15-1669E-1160N_6679_3549_13_2019_07.tif,datasets\sen12_mt_urbanmapping\multimodal_cd_dataset\L15-1669E-1160N_6679_3549_13\s2\s2_L15-1669E-1160N_6679_3549_13_2019_07.tif,datasets\sen12_mt_urbanmapping\multimodal_cd_dataset\L15-1669E-1160N_6679_3549_13\buildings\buildings_L15-1669E-1160N_6679_3549_13_2019_07.tif
L15-1669E-1160N_6679_3549_13,2019,8,2019_08,True,True,True,False,False,False,True,True,True,datasets\sen12_mt_urbanmapping\multimodal_cd_dataset\L15-1669E-1160N_6679_3549_13\s1\s1_L15-1669E-1160N_6679_3549_13_2019_08.tif,datasets\sen12_mt_urbanmapping\multimodal_cd_dataset\L15-1669E-1160N_6679_3549_13\s2\s2_L15-1669E-1160N_6679_3549_13_2019_08.tif,datasets\sen12_mt_urbanmapping\multimodal_cd_dataset\L15-1669E-1160N_6679_3549_13\buildings\buildings_L15-1669E-1160N_6679_3549_13_2019_08.tif
L15-1669E-1160N_6679_3549_13,2019,9,2019_09,True,True,True,False,False,False,True,True,True,datasets\sen12_mt_urbanmapping\multimodal_cd_dataset\L15-1669E-1160N_6679_3549_13\s1\s1_L15-1669E-1160N_6679_3549_13_2019_09.tif,datasets\sen12_mt_urbanmapping\multimodal_cd_dataset\L15-1669E-1160N_6679_3549_13\s2\s2_L15-1669E-1160N_6679_3549_13_2019_09.tif,datasets\sen12_mt_urbanmapping\multimodal_cd_dataset\L15-1669E-1160N_6679_3549_13\buildings\buildings_L15-1669E-1160N_6679_3549_13_2019_09.tif
L15-1672E-1207N_6691_3363_13,2018,1,2018_01,True,True,True,False,False,False,True,True,True,datasets\sen12_mt_urbanmapping\multimodal_cd_dataset\L15-1672E-1207N_6691_3363_13\s1\s1_L15-1672E-1207N_6691_3363_13_2018_01.tif,datasets\sen12_mt_urbanmapping\multimodal_cd_dataset\L15-1672E-1207N_6691_3363_13\s2\s2_L15-1672E-1207N_6691_3363_13_2018_01.tif,datasets\sen12_mt_urbanmapping\multimodal_cd_dataset\L15-1672E-1207N_6691_3363_13\buildings\buildings_L15-1672E-1207N_6691_3363_13_2018_01.tif
L15-1672E-1207N_6691_3363_13,2018,2,2018_02,True,True,True,False,False,False,True,True,True,datasets\sen12_mt_urbanmapping\multimodal_cd_dataset\L15-1672E-1207N_6691_3363_13\s1\s1_L15-1672E-1207N_6691_3363_13_2018_02.tif,datasets\sen12_mt_urbanmapping\multimodal_cd_dataset\L15-1672E-1207N_6691_3363_13\s2\s2_L15-1672E-1207N_6691_3363_13_2018_02.tif,datasets\sen12_mt_urbanmapping\multimodal_cd_dataset\L15-1672E-1207N_6691_3363_13\buildings\buildings_L15-1672E-1207N_6691_3363_13_2018_02.tif
L15-1672E-1207N_6691_3363_13,2018,3,2018_03,True,True,True,False,False,False,True,True,True,datasets\sen12_mt_urbanmapping\multimodal_cd_dataset\L15-1672E-1207N_6691_3363_13\s1\s1_L15-1672E-1207N_6691_3363_13_2018_03.tif,datasets\sen12_mt_urbanmapping\multimodal_cd_dataset\L15-1672E-1207N_6691_3363_13\s2\s2_L15-1672E-1207N_6691_3363_13_2018_03.tif,datasets\sen12_mt_urbanmapping\multimodal_cd_dataset\L15-1672E-1207N_6691_3363_13\buildings\buildings_L15-1672E-1207N_6691_3363_13_2018_03.tif
L15-1672E-1207N_6691_3363_13,2018,4,2018_04,True,True,True,False,False,False,True,True,True,datasets\sen12_mt_urbanmapping\multimodal_cd_dataset\L15-1672E-1207N_6691_3363_13\s1\s1_L15-1672E-1207N_6691_3363_13_2018_04.tif,datasets\sen12_mt_urbanmapping\multimodal_cd_dataset\L15-1672E-1207N_6691_3363_13\s2\s2_L15-1672E-1207N_6691_3363_13_2018_04.tif,datasets\sen12_mt_urbanmapping\multimodal_cd_dataset\L15-1672E-1207N_6691_3363_13\buildings\buildings_L15-1672E-1207N_6691_3363_13_2018_04.tif
L15-1672E-1207N_6691_3363_13,2018,5,2018_05,True,True,True,False,False,False,True,True,True,datasets\sen12_mt_urbanmapping\multimodal_cd_dataset\L15-1672E-1207N_6691_3363_13\s1\s1_L15-1672E-1207N_6691_3363_13_2018_05.tif,datasets\sen12_mt_urbanmapping\multimodal_cd_dataset\L15-1672E-1207N_6691_3363_13\s2\s2_L15-1672E-1207N_6691_3363_13_2018_05.tif,datasets\sen12_mt_urbanmapping\multimodal_cd_dataset\L15-1672E-1207N_6691_3363_13\buildings\buildings_L15-1672E-1207N_6691_3363_13_2018_05.tif
L15-1672E-1207N_6691_3363_13,2018,6,2018_06,True,True,True,False,False,False,True,True,True,datasets\sen12_mt_urbanmapping\multimodal_cd_dataset\L15-1672E-1207N_6691_3363_13\s1\s1_L15-1672E-1207N_6691_3363_13_2018_06.tif,datasets\sen12_mt_urbanmapping\multimodal_cd_dataset\L15-1672E-1207N_6691_3363_13\s2\s2_L15-1672E-1207N_6691_3363_13_2018_06.tif,datasets\sen12_mt_urbanmapping\multimodal_cd_dataset\L15-1672E-1207N_6691_3363_13\buildings\buildings_L15-1672E-1207N_6691_3363_13_2018_06.tif
L15-1672E-1207N_6691_3363_13,2018,7,2018_07,True,True,True,False,False,False,True,True,True,datasets\sen12_mt_urbanmapping\multimodal_cd_dataset\L15-1672E-1207N_6691_3363_13\s1\s1_L15-1672E-1207N_6691_3363_13_2018_07.tif,datasets\sen12_mt_urbanmapping\multimodal_cd_dataset\L15-1672E-1207N_6691_3363_13\s2\s2_L15-1672E-1207N_6691_3363_13_2018_07.tif,datasets\sen12_mt_urbanmapping\multimodal_cd_dataset\L15-1672E-1207N_6691_3363_13\buildings\buildings_L15-1672E-1207N_6691_3363_13_2018_07.tif
L15-1672E-1207N_6691_3363_13,2018,8,2018_08,True,True,True,False,False,False,True,True,True,datasets\sen12_mt_urbanmapping\multimodal_cd_dataset\L15-1672E-1207N_6691_3363_13\s1\s1_L15-1672E-1207N_6691_3363_13_2018_08.tif,datasets\sen12_mt_urbanmapping\multimodal_cd_dataset\L15-1672E-1207N_6691_3363_13\s2\s2_L15-1672E-1207N_6691_3363_13_2018_08.tif,datasets\sen12_mt_urbanmapping\multimodal_cd_dataset\L15-1672E-1207N_6691_3363_13\buildings\buildings_L15-1672E-1207N_6691_3363_13_2018_08.tif
L15-1672E-1207N_6691_3363_13,2018,9,2018_09,True,True,True,False,False,False,True,True,True,datasets\sen12_mt_urbanmapping\multimodal_cd_dataset\L15-1672E-1207N_6691_3363_13\s1\s1_L15-1672E-1207N_6691_3363_13_2018_09.tif,datasets\sen12_mt_urbanmapping\multimodal_cd_dataset\L15-1672E-1207N_6691_3363_13\s2\s2_L15-1672E-1207N_6691_3363_13_2018_09.tif,datasets\sen12_mt_urbanmapping\multimodal_cd_dataset\L15-1672E-1207N_6691_3363_13\buildings\buildings_L15-1672E-1207N_6691_3363_13_2018_09.tif
L15-1672E-1207N_6691_3363_13,2018,10,2018_10,True,True,True,False,False,False,True,True,True,datasets\sen12_mt_urbanmapping\multimodal_cd_dataset\L15-1672E-1207N_6691_3363_13\s1\s1_L15-1672E-1207N_6691_3363_13_2018_10.tif,datasets\sen12_mt_urbanmapping\multimodal_cd_dataset\L15-1672E-1207N_6691_3363_13\s2\s2_L15-1672E-1207N_6691_3363_13_2018_10.tif,datasets\sen12_mt_urbanmapping\multimodal_cd_dataset\L15-1672E-1207N_6691_3363_13\buildings\buildings_L15-1672E-1207N_6691_3363_13_2018_10.tif
L15-1672E-1207N_6691_3363_13,2018,11,2018_11,True,True,True,False,False,False,True,True,True,datasets\sen12_mt_urbanmapping\multimodal_cd_dataset\L15-1672E-1207N_6691_3363_13\s1\s1_L15-1672E-1207N_6691_3363_13_2018_11.tif,datasets\sen12_mt_urbanmapping\multimodal_cd_dataset\L15-1672E-1207N_6691_3363_13\s2\s2_L15-1672E-1207N_6691_3363_13_2018_11.tif,datasets\sen12_mt_urbanmapping\multimodal_cd_dataset\L15-1672E-1207N_6691_3363_13\buildings\buildings_L15-1672E-1207N_6691_3363_13_2018_11.tif
L15-1672E-1207N_6691_3363_13,2018,12,2018_12,True,False,True,False,False,True,True,True,True,datasets\sen12_mt_urbanmapping\multimodal_cd_dataset\L15-1672E-1207N_6691_3363_13\s1\s1_L15-1672E-1207N_6691_3363_13_2018_12.tif,datasets\sen12_mt_urbanmapping\multimodal_cd_dataset\L15-1672E-1207N_6691_3363_13\s2\s2_L15-1672E-1207N_6691_3363_13_2018_12.tif,datasets\sen12_mt_urbanmapping\multimodal_cd_dataset\L15-1672E-1207N_6691_3363_13\buildings\buildings_L15-1672E-1207N_6691_3363_13_2018_12.tif
L15-1672E-1207N_6691_3363_13,2019,1,2019_01,True,True,True,False,False,False,True,True,True,datasets\sen12_mt_urbanmapping\multimodal_cd_dataset\L15-1672E-1207N_6691_3363_13\s1\s1_L15-1672E-1207N_6691_3363_13_2019_01.tif,datasets\sen12_mt_urbanmapping\multimodal_cd_dataset\L15-1672E-1207N_6691_3363_13\s2\s2_L15-1672E-1207N_6691_3363_13_2019_01.tif,datasets\sen12_mt_urbanmapping\multimodal_cd_dataset\L15-1672E-1207N_6691_3363_13\buildings\buildings_L15-1672E-1207N_6691_3363_13_2019_01.tif
L15-1672E-1207N_6691_3363_13,2019,3,2019_03,True,True,True,False,False,False,True,True,True,datasets\sen12_mt_urbanmapping\multimodal_cd_dataset\L15-1672E-1207N_6691_3363_13\s1\s1_L15-1672E-1207N_6691_3363_13_2019_03.tif,datasets\sen12_mt_urbanmapping\multimodal_cd_dataset\L15-1672E-1207N_6691_3363_13\s2\s2_L15-1672E-1207N_6691_3363_13_2019_03.tif,datasets\sen12_mt_urbanmapping\multimodal_cd_dataset\L15-1672E-1207N_6691_3363_13\buildings\buildings_L15-1672E-1207N_6691_3363_13_2019_03.tif
L15-1672E-1207N_6691_3363_13,2019,4,2019_04,True,True,True,False,False,False,True,True,True,datasets\sen12_mt_urbanmapping\multimodal_cd_dataset\L15-1672E-1207N_6691_3363_13\s1\s1_L15-1672E-1207N_6691_3363_13_2019_04.tif,datasets\sen12_mt_urbanmapping\multimodal_cd_dataset\L15-1672E-1207N_6691_3363_13\s2\s2_L15-1672E-1207N_6691_3363_13_2019_04.tif,datasets\sen12_mt_urbanmapping\multimodal_cd_dataset\L15-1672E-1207N_6691_3363_13\buildings\buildings_L15-1672E-1207N_6691_3363_13_2019_04.tif
L15-1672E-1207N_6691_3363_13,2019,5,2019_05,True,True,True,False,False,False,True,True,True,datasets\sen12_mt_urbanmapping\multimodal_cd_dataset\L15-1672E-1207N_6691_3363_13\s1\s1_L15-1672E-1207N_6691_3363_13_2019_05.tif,datasets\sen12_mt_urbanmapping\multimodal_cd_dataset\L15-1672E-1207N_6691_3363_13\s2\s2_L15-1672E-1207N_6691_3363_13_2019_05.tif,datasets\sen12_mt_urbanmapping\multimodal_cd_dataset\L15-1672E-1207N_6691_3363_13\buildings\buildings_L15-1672E-1207N_6691_3363_13_2019_05.tif
L15-1672E-1207N_6691_3363_13,2019,6,2019_06,True,True,True,False,False,False,True,True,True,datasets\sen12_mt_urbanmapping\multimodal_cd_dataset\L15-1672E-1207N_6691_3363_13\s1\s1_L15-1672E-1207N_6691_3363_13_2019_06.tif,datasets\sen12_mt_urbanmapping\multimodal_cd_dataset\L15-1672E-1207N_6691_3363_13\s2\s2_L15-1672E-1207N_6691_3363_13_2019_06.tif,datasets\sen12_mt_urbanmapping\multimodal_cd_dataset\L15-1672E-1207N_6691_3363_13\buildings\buildings_L15-1672E-1207N_6691_3363_13_2019_06.tif
L15-1672E-1207N_6691_3363_13,2019,7,2019_07,True,True,True,False,False,False,True,True,True,datasets\sen12_mt_urbanmapping\multimodal_cd_dataset\L15-1672E-1207N_6691_3363_13\s1\s1_L15-1672E-1207N_6691_3363_13_2019_07.tif,datasets\sen12_mt_urbanmapping\multimodal_cd_dataset\L15-1672E-1207N_6691_3363_13\s2\s2_L15-1672E-1207N_6691_3363_13_2019_07.tif,datasets\sen12_mt_urbanmapping\multimodal_cd_dataset\L15-1672E-1207N_6691_3363_13\buildings\buildings_L15-1672E-1207N_6691_3363_13_2019_07.tif
L15-1672E-1207N_6691_3363_13,2019,8,2019_08,True,True,True,False,False,False,True,True,True,datasets\sen12_mt_urbanmapping\multimodal_cd_dataset\L15-1672E-1207N_6691_3363_13\s1\s1_L15-1672E-1207N_6691_3363_13_2019_08.tif,datasets\sen12_mt_urbanmapping\multimodal_cd_dataset\L15-1672E-1207N_6691_3363_13\s2\s2_L15-1672E-1207N_6691_3363_13_2019_08.tif,datasets\sen12_mt_urbanmapping\multimodal_cd_dataset\L15-1672E-1207N_6691_3363_13\buildings\buildings_L15-1672E-1207N_6691_3363_13_2019_08.tif
L15-1672E-1207N_6691_3363_13,2019,9,2019_09,True,True,True,False,False,False,True,True,True,datasets\sen12_mt_urbanmapping\multimodal_cd_dataset\L15-1672E-1207N_6691_3363_13\s1\s1_L15-1672E-1207N_6691_3363_13_2019_09.tif,datasets\sen12_mt_urbanmapping\multimodal_cd_dataset\L15-1672E-1207N_6691_3363_13\s2\s2_L15-1672E-1207N_6691_3363_13_2019_09.tif,datasets\sen12_mt_urbanmapping\multimodal_cd_dataset\L15-1672E-1207N_6691_3363_13\buildings\buildings_L15-1672E-1207N_6691_3363_13_2019_09.tif
L15-1672E-1207N_6691_3363_13,2019,10,2019_10,True,True,True,False,False,False,True,True,True,datasets\sen12_mt_urbanmapping\multimodal_cd_dataset\L15-1672E-1207N_6691_3363_13\s1\s1_L15-1672E-1207N_6691_3363_13_2019_10.tif,datasets\sen12_mt_urbanmapping\multimodal_cd_dataset\L15-1672E-1207N_6691_3363_13\s2\s2_L15-1672E-1207N_6691_3363_13_2019_10.tif,datasets\sen12_mt_urbanmapping\multimodal_cd_dataset\L15-1672E-1207N_6691_3363_13\buildings\buildings_L15-1672E-1207N_6691_3363_13_2019_10.tif
L15-1672E-1207N_6691_3363_13,2019,11,2019_11,True,True,True,False,False,False,True,True,True,datasets\sen12_mt_urbanmapping\multimodal_cd_dataset\L15-1672E-1207N_6691_3363_13\s1\s1_L15-1672E-1207N_6691_3363_13_2019_11.tif,datasets\sen12_mt_urbanmapping\multimodal_cd_dataset\L15-1672E-1207N_6691_3363_13\s2\s2_L15-1672E-1207N_6691_3363_13_2019_11.tif,datasets\sen12_mt_urbanmapping\multimodal_cd_dataset\L15-1672E-1207N_6691_3363_13\buildings\buildings_L15-1672E-1207N_6691_3363_13_2019_11.tif
L15-1672E-1207N_6691_3363_13,2019,12,2019_12,True,True,True,False,False,False,True,True,True,datasets\sen12_mt_urbanmapping\multimodal_cd_dataset\L15-1672E-1207N_6691_3363_13\s1\s1_L15-1672E-1207N_6691_3363_13_2019_12.tif,datasets\sen12_mt_urbanmapping\multimodal_cd_dataset\L15-1672E-1207N_6691_3363_13\s2\s2_L15-1672E-1207N_6691_3363_13_2019_12.tif,datasets\sen12_mt_urbanmapping\multimodal_cd_dataset\L15-1672E-1207N_6691_3363_13\buildings\buildings_L15-1672E-1207N_6691_3363_13_2019_12.tif
L15-1672E-1207N_6691_3363_13,2020,1,2020_01,True,True,True,False,False,False,True,True,True,datasets\sen12_mt_urbanmapping\multimodal_cd_dataset\L15-1672E-1207N_6691_3363_13\s1\s1_L15-1672E-1207N_6691_3363_13_2020_01.tif,datasets\sen12_mt_urbanmapping\multimodal_cd_dataset\L15-1672E-1207N_6691_3363_13\s2\s2_L15-1672E-1207N_6691_3363_13_2020_01.tif,datasets\sen12_mt_urbanmapping\multimodal_cd_dataset\L15-1672E-1207N_6691_3363_13\buildings\buildings_L15-1672E-1207N_6691_3363_13_2020_01.tif
L15-1690E-1211N_6763_3346_13,2017,7,2017_07,True,False,True,False,False,True,True,True,True,datasets\sen12_mt_urbanmapping\multimodal_cd_dataset\L15-1690E-1211N_6763_3346_13\s1\s1_L15-1690E-1211N_6763_3346_13_2017_07.tif,datasets\sen12_mt_urbanmapping\multimodal_cd_dataset\L15-1690E-1211N_6763_3346_13\s2\s2_L15-1690E-1211N_6763_3346_13_2017_07.tif,datasets\sen12_mt_urbanmapping\multimodal_cd_dataset\L15-1690E-1211N_6763_3346_13\buildings\buildings_L15-1690E-1211N_6763_3346_13_2017_07.tif
L15-1690E-1211N_6763_3346_13,2017,8,2017_08,True,True,True,False,False,False,True,True,True,datasets\sen12_mt_urbanmapping\multimodal_cd_dataset\L15-1690E-1211N_6763_3346_13\s1\s1_L15-1690E-1211N_6763_3346_13_2017_08.tif,datasets\sen12_mt_urbanmapping\multimodal_cd_dataset\L15-1690E-1211N_6763_3346_13\s2\s2_L15-1690E-1211N_6763_3346_13_2017_08.tif,datasets\sen12_mt_urbanmapping\multimodal_cd_dataset\L15-1690E-1211N_6763_3346_13\buildings\buildings_L15-1690E-1211N_6763_3346_13_2017_08.tif
L15-1690E-1211N_6763_3346_13,2017,10,2017_10,True,True,True,False,False,False,True,True,True,datasets\sen12_mt_urbanmapping\multimodal_cd_dataset\L15-1690E-1211N_6763_3346_13\s1\s1_L15-1690E-1211N_6763_3346_13_2017_10.tif,datasets\sen12_mt_urbanmapping\multimodal_cd_dataset\L15-1690E-1211N_6763_3346_13\s2\s2_L15-1690E-1211N_6763_3346_13_2017_10.tif,datasets\sen12_mt_urbanmapping\multimodal_cd_dataset\L15-1690E-1211N_6763_3346_13\buildings\buildings_L15-1690E-1211N_6763_3346_13_2017_10.tif
L15-1690E-1211N_6763_3346_13,2017,11,2017_11,True,True,True,False,False,False,True,True,True,datasets\sen12_mt_urbanmapping\multimodal_cd_dataset\L15-1690E-1211N_6763_3346_13\s1\s1_L15-1690E-1211N_6763_3346_13_2017_11.tif,datasets\sen12_mt_urbanmapping\multimodal_cd_dataset\L15-1690E-1211N_6763_3346_13\s2\s2_L15-1690E-1211N_6763_3346_13_2017_11.tif,datasets\sen12_mt_urbanmapping\multimodal_cd_dataset\L15-1690E-1211N_6763_3346_13\buildings\buildings_L15-1690E-1211N_6763_3346_13_2017_11.tif
L15-1690E-1211N_6763_3346_13,2018,1,2018_01,True,True,True,False,False,False,True,True,True,datasets\sen12_mt_urbanmapping\multimodal_cd_dataset\L15-1690E-1211N_6763_3346_13\s1\s1_L15-1690E-1211N_6763_3346_13_2018_01.tif,datasets\sen12_mt_urbanmapping\multimodal_cd_dataset\L15-1690E-1211N_6763_3346_13\s2\s2_L15-1690E-1211N_6763_3346_13_2018_01.tif,datasets\sen12_mt_urbanmapping\multimodal_cd_dataset\L15-1690E-1211N_6763_3346_13\buildings\buildings_L15-1690E-1211N_6763_3346_13_2018_01.tif
L15-1690E-1211N_6763_3346_13,2018,2,2018_02,True,False,True,False,False,True,True,True,True,datasets\sen12_mt_urbanmapping\multimodal_cd_dataset\L15-1690E-1211N_6763_3346_13\s1\s1_L15-1690E-1211N_6763_3346_13_2018_02.tif,datasets\sen12_mt_urbanmapping\multimodal_cd_dataset\L15-1690E-1211N_6763_3346_13\s2\s2_L15-1690E-1211N_6763_3346_13_2018_02.tif,datasets\sen12_mt_urbanmapping\multimodal_cd_dataset\L15-1690E-1211N_6763_3346_13\buildings\buildings_L15-1690E-1211N_6763_3346_13_2018_02.tif
L15-1690E-1211N_6763_3346_13,2018,3,2018_03,True,True,True,False,False,False,True,True,True,datasets\sen12_mt_urbanmapping\multimodal_cd_dataset\L15-1690E-1211N_6763_3346_13\s1\s1_L15-1690E-1211N_6763_3346_13_2018_03.tif,datasets\sen12_mt_urbanmapping\multimodal_cd_dataset\L15-1690E-1211N_6763_3346_13\s2\s2_L15-1690E-1211N_6763_3346_13_2018_03.tif,datasets\sen12_mt_urbanmapping\multimodal_cd_dataset\L15-1690E-1211N_6763_3346_13\buildings\buildings_L15-1690E-1211N_6763_3346_13_2018_03.tif
L15-1690E-1211N_6763_3346_13,2018,4,2018_04,True,True,True,False,False,False,True,True,True,datasets\sen12_mt_urbanmapping\multimodal_cd_dataset\L15-1690E-1211N_6763_3346_13\s1\s1_L15-1690E-1211N_6763_3346_13_2018_04.tif,datasets\sen12_mt_urbanmapping\multimodal_cd_dataset\L15-1690E-1211N_6763_3346_13\s2\s2_L15-1690E-1211N_6763_3346_13_2018_04.tif,datasets\sen12_mt_urbanmapping\multimodal_cd_dataset\L15-1690E-1211N_6763_3346_13\buildings\buildings_L15-1690E-1211N_6763_3346_13_2018_04.tif
L15-1690E-1211N_6763_3346_13,2018,5,2018_05,True,False,True,False,False,True,True,True,True,datasets\sen12_mt_urbanmapping\multimodal_cd_dataset\L15-1690E-1211N_6763_3346_13\s1\s1_L15-1690E-1211N_6763_3346_13_2018_05.tif,datasets\sen12_mt_urbanmapping\multimodal_cd_dataset\L15-1690E-1211N_6763_3346_13\s2\s2_L15-1690E-1211N_6763_3346_13_2018_05.tif,datasets\sen12_mt_urbanmapping\multimodal_cd_dataset\L15-1690E-1211N_6763_3346_13\buildings\buildings_L15-1690E-1211N_6763_3346_13_2018_05.tif
L15-1690E-1211N_6763_3346_13,2018,6,2018_06,True,True,True,False,False,False,True,True,True,datasets\sen12_mt_urbanmapping\multimodal_cd_dataset\L15-1690E-1211N_6763_3346_13\s1\s1_L15-1690E-1211N_6763_3346_13_2018_06.tif,datasets\sen12_mt_urbanmapping\multimodal_cd_dataset\L15-1690E-1211N_6763_3346_13\s2\s2_L15-1690E-1211N_6763_3346_13_2018_06.tif,datasets\sen12_mt_urbanmapping\multimodal_cd_dataset\L15-1690E-1211N_6763_3346_13\buildings\buildings_L15-1690E-1211N_6763_3346_13_2018_06.tif
L15-1690E-1211N_6763_3346_13,2018,7,2018_07,True,True,True,False,False,False,True,True,True,datasets\sen12_mt_urbanmapping\multimodal_cd_dataset\L15-1690E-1211N_6763_3346_13\s1\s1_L15-1690E-1211N_6763_3346_13_2018_07.tif,datasets\sen12_mt_urbanmapping\multimodal_cd_dataset\L15-1690E-1211N_6763_3346_13\s2\s2_L15-1690E-1211N_6763_3346_13_2018_07.tif,datasets\sen12_mt_urbanmapping\multimodal_cd_dataset\L15-1690E-1211N_6763_3346_13\buildings\buildings_L15-1690E-1211N_6763_3346_13_2018_07.tif
L15-1690E-1211N_6763_3346_13,2018,8,2018_08,True,True,True,False,False,False,True,True,True,datasets\sen12_mt_urbanmapping\multimodal_cd_dataset\L15-1690E-1211N_6763_3346_13\s1\s1_L15-1690E-1211N_6763_3346_13_2018_08.tif,datasets\sen12_mt_urbanmapping\multimodal_cd_dataset\L15-1690E-1211N_6763_3346_13\s2\s2_L15-1690E-1211N_6763_3346_13_2018_08.tif,datasets\sen12_mt_urbanmapping\multimodal_cd_dataset\L15-1690E-1211N_6763_3346_13\buildings\buildings_L15-1690E-1211N_6763_3346_13_2018_08.tif
L15-1690E-1211N_6763_3346_13,2018,9,2018_09,True,True,True,False,False,False,True,True,True,datasets\sen12_mt_urbanmapping\multimodal_cd_dataset\L15-1690E-1211N_6763_3346_13\s1\s1_L15-1690E-1211N_6763_3346_13_2018_09.tif,datasets\sen12_mt_urbanmapping\multimodal_cd_dataset\L15-1690E-1211N_6763_3346_13\s2\s2_L15-1690E-1211N_6763_3346_13_2018_09.tif,datasets\sen12_mt_urbanmapping\multimodal_cd_dataset\L15-1690E-1211N_6763_3346_13\buildings\buildings_L15-1690E-1211N_6763_3346_13_2018_09.tif
L15-1690E-1211N_6763_3346_13,2018,10,2018_10,True,True,True,False,False,False,True,True,True,datasets\sen12_mt_urbanmapping\multimodal_cd_dataset\L15-1690E-1211N_6763_3346_13\s1\s1_L15-1690E-1211N_6763_3346_13_2018_10.tif,datasets\sen12_mt_urbanmapping\multimodal_cd_dataset\L15-1690E-1211N_6763_3346_13\s2\s2_L15-1690E-1211N_6763_3346_13_2018_10.tif,datasets\sen12_mt_urbanmapping\multimodal_cd_dataset\L15-1690E-1211N_6763_3346_13\buildings\buildings_L15-1690E-1211N_6763_3346_13_2018_10.tif
L15-1690E-1211N_6763_3346_13,2018,11,2018_11,True,True,True,True,False,False,True,True,True,datasets\sen12_mt_urbanmapping\multimodal_cd_dataset\L15-1690E-1211N_6763_3346_13\s1\s1_L15-1690E-1211N_6763_3346_13_2018_11.tif,datasets\sen12_mt_urbanmapping\multimodal_cd_dataset\L15-1690E-1211N_6763_3346_13\s2\s2_L15-1690E-1211N_6763_3346_13_2018_11.tif,datasets\sen12_mt_urbanmapping\multimodal_cd_dataset\L15-1690E-1211N_6763_3346_13\buildings\buildings_L15-1690E-1211N_6763_3346_13_2018_11.tif
L15-1690E-1211N_6763_3346_13,2018,12,2018_12,True,True,True,True,False,False,True,True,True,datasets\sen12_mt_urbanmapping\multimodal_cd_dataset\L15-1690E-1211N_6763_3346_13\s1\s1_L15-1690E-1211N_6763_3346_13_2018_12.tif,datasets\sen12_mt_urbanmapping\multimodal_cd_dataset\L15-1690E-1211N_6763_3346_13\s2\s2_L15-1690E-1211N_6763_3346_13_2018_12.tif,datasets\sen12_mt_urbanmapping\multimodal_cd_dataset\L15-1690E-1211N_6763_3346_13\buildings\buildings_L15-1690E-1211N_6763_3346_13_2018_12.tif
L15-1690E-1211N_6763_3346_13,2019,1,2019_01,True,True,True,False,False,False,True,True,True,datasets\sen12_mt_urbanmapping\multimodal_cd_dataset\L15-1690E-1211N_6763_3346_13\s1\s1_L15-1690E-1211N_6763_3346_13_2019_01.tif,datasets\sen12_mt_urbanmapping\multimodal_cd_dataset\L15-1690E-1211N_6763_3346_13\s2\s2_L15-1690E-1211N_6763_3346_13_2019_01.tif,datasets\sen12_mt_urbanmapping\multimodal_cd_dataset\L15-1690E-1211N_6763_3346_13\buildings\buildings_L15-1690E-1211N_6763_3346_13_2019_01.tif
L15-1690E-1211N_6763_3346_13,2019,3,2019_03,True,True,True,False,False,False,True,True,True,datasets\sen12_mt_urbanmapping\multimodal_cd_dataset\L15-1690E-1211N_6763_3346_13\s1\s1_L15-1690E-1211N_6763_3346_13_2019_03.tif,datasets\sen12_mt_urbanmapping\multimodal_cd_dataset\L15-1690E-1211N_6763_3346_13\s2\s2_L15-1690E-1211N_6763_3346_13_2019_03.tif,datasets\sen12_mt_urbanmapping\multimodal_cd_dataset\L15-1690E-1211N_6763_3346_13\buildings\buildings_L15-1690E-1211N_6763_3346_13_2019_03.tif
L15-1690E-1211N_6763_3346_13,2019,4,2019_04,True,True,True,False,False,False,True,True,True,datasets\sen12_mt_urbanmapping\multimodal_cd_dataset\L15-1690E-1211N_6763_3346_13\s1\s1_L15-1690E-1211N_6763_3346_13_2019_04.tif,datasets\sen12_mt_urbanmapping\multimodal_cd_dataset\L15-1690E-1211N_6763_3346_13\s2\s2_L15-1690E-1211N_6763_3346_13_2019_04.tif,datasets\sen12_mt_urbanmapping\multimodal_cd_dataset\L15-1690E-1211N_6763_3346_13\buildings\buildings_L15-1690E-1211N_6763_3346_13_2019_04.tif
L15-1690E-1211N_6763_3346_13,2019,5,2019_05,True,True,True,False,False,False,True,True,True,datasets\sen12_mt_urbanmapping\multimodal_cd_dataset\L15-1690E-1211N_6763_3346_13\s1\s1_L15-1690E-1211N_6763_3346_13_2019_05.tif,datasets\sen12_mt_urbanmapping\multimodal_cd_dataset\L15-1690E-1211N_6763_3346_13\s2\s2_L15-1690E-1211N_6763_3346_13_2019_05.tif,datasets\sen12_mt_urbanmapping\multimodal_cd_dataset\L15-1690E-1211N_6763_3346_13\buildings\buildings_L15-1690E-1211N_6763_3346_13_2019_05.tif
L15-1690E-1211N_6763_3346_13,2019,6,2019_06,True,True,True,False,False,False,True,True,True,datasets\sen12_mt_urbanmapping\multimodal_cd_dataset\L15-1690E-1211N_6763_3346_13\s1\s1_L15-1690E-1211N_6763_3346_13_2019_06.tif,datasets\sen12_mt_urbanmapping\multimodal_cd_dataset\L15-1690E-1211N_6763_3346_13\s2\s2_L15-1690E-1211N_6763_3346_13_2019_06.tif,datasets\sen12_mt_urbanmapping\multimodal_cd_dataset\L15-1690E-1211N_6763_3346_13\buildings\buildings_L15-1690E-1211N_6763_3346_13_2019_06.tif
L15-1690E-1211N_6763_3346_13,2019,7,2019_07,True,False,True,False,False,True,True,True,True,datasets\sen12_mt_urbanmapping\multimodal_cd_dataset\L15-1690E-1211N_6763_3346_13\s1\s1_L15-1690E-1211N_6763_3346_13_2019_07.tif,datasets\sen12_mt_urbanmapping\multimodal_cd_dataset\L15-1690E-1211N_6763_3346_13\s2\s2_L15-1690E-1211N_6763_3346_13_2019_07.tif,datasets\sen12_mt_urbanmapping\multimodal_cd_dataset\L15-1690E-1211N_6763_3346_13\buildings\buildings_L15-1690E-1211N_6763_3346_13_2019_07.tif
L15-1690E-1211N_6763_3346_13,2019,8,2019_08,True,True,True,False,False,False,True,True,True,datasets\sen12_mt_urbanmapping\multimodal_cd_dataset\L15-1690E-1211N_6763_3346_13\s1\s1_L15-1690E-1211N_6763_3346_13_2019_08.tif,datasets\sen12_mt_urbanmapping\multimodal_cd_dataset\L15-1690E-1211N_6763_3346_13\s2\s2_L15-1690E-1211N_6763_3346_13_2019_08.tif,datasets\sen12_mt_urbanmapping\multimodal_cd_dataset\L15-1690E-1211N_6763_3346_13\buildings\buildings_L15-1690E-1211N_6763_3346_13_2019_08.tif
L15-1690E-1211N_6763_3346_13,2019,9,2019_09,True,True,True,False,False,False,True,True,True,datasets\sen12_mt_urbanmapping\multimodal_cd_dataset\L15-1690E-1211N_6763_3346_13\s1\s1_L15-1690E-1211N_6763_3346_13_2019_09.tif,datasets\sen12_mt_urbanmapping\multimodal_cd_dataset\L15-1690E-1211N_6763_3346_13\s2\s2_L15-1690E-1211N_6763_3346_13_2019_09.tif,datasets\sen12_mt_urbanmapping\multimodal_cd_dataset\L15-1690E-1211N_6763_3346_13\buildings\buildings_L15-1690E-1211N_6763_3346_13_2019_09.tif
L15-1691E-1211N_6764_3347_13,2017,7,2017_07,True,False,True,False,False,True,True,True,True,datasets\sen12_mt_urbanmapping\multimodal_cd_dataset\L15-1691E-1211N_6764_3347_13\s1\s1_L15-1691E-1211N_6764_3347_13_2017_07.tif,datasets\sen12_mt_urbanmapping\multimodal_cd_dataset\L15-1691E-1211N_6764_3347_13\s2\s2_L15-1691E-1211N_6764_3347_13_2017_07.tif,datasets\sen12_mt_urbanmapping\multimodal_cd_dataset\L15-1691E-1211N_6764_3347_13\buildings\buildings_L15-1691E-1211N_6764_3347_13_2017_07.tif
L15-1691E-1211N_6764_3347_13,2017,8,2017_08,True,False,True,False,False,True,True,True,True,datasets\sen12_mt_urbanmapping\multimodal_cd_dataset\L15-1691E-1211N_6764_3347_13\s1\s1_L15-1691E-1211N_6764_3347_13_2017_08.tif,datasets\sen12_mt_urbanmapping\multimodal_cd_dataset\L15-1691E-1211N_6764_3347_13\s2\s2_L15-1691E-1211N_6764_3347_13_2017_08.tif,datasets\sen12_mt_urbanmapping\multimodal_cd_dataset\L15-1691E-1211N_6764_3347_13\buildings\buildings_L15-1691E-1211N_6764_3347_13_2017_08.tif
L15-1691E-1211N_6764_3347_13,2017,10,2017_10,True,True,True,False,False,False,True,True,True,datasets\sen12_mt_urbanmapping\multimodal_cd_dataset\L15-1691E-1211N_6764_3347_13\s1\s1_L15-1691E-1211N_6764_3347_13_2017_10.tif,datasets\sen12_mt_urbanmapping\multimodal_cd_dataset\L15-1691E-1211N_6764_3347_13\s2\s2_L15-1691E-1211N_6764_3347_13_2017_10.tif,datasets\sen12_mt_urbanmapping\multimodal_cd_dataset\L15-1691E-1211N_6764_3347_13\buildings\buildings_L15-1691E-1211N_6764_3347_13_2017_10.tif
L15-1691E-1211N_6764_3347_13,2017,11,2017_11,True,False,True,False,False,True,True,True,True,datasets\sen12_mt_urbanmapping\multimodal_cd_dataset\L15-1691E-1211N_6764_3347_13\s1\s1_L15-1691E-1211N_6764_3347_13_2017_11.tif,datasets\sen12_mt_urbanmapping\multimodal_cd_dataset\L15-1691E-1211N_6764_3347_13\s2\s2_L15-1691E-1211N_6764_3347_13_2017_11.tif,datasets\sen12_mt_urbanmapping\multimodal_cd_dataset\L15-1691E-1211N_6764_3347_13\buildings\buildings_L15-1691E-1211N_6764_3347_13_2017_11.tif
L15-1691E-1211N_6764_3347_13,2018,1,2018_01,True,True,True,False,False,False,True,True,True,datasets\sen12_mt_urbanmapping\multimodal_cd_dataset\L15-1691E-1211N_6764_3347_13\s1\s1_L15-1691E-1211N_6764_3347_13_2018_01.tif,datasets\sen12_mt_urbanmapping\multimodal_cd_dataset\L15-1691E-1211N_6764_3347_13\s2\s2_L15-1691E-1211N_6764_3347_13_2018_01.tif,datasets\sen12_mt_urbanmapping\multimodal_cd_dataset\L15-1691E-1211N_6764_3347_13\buildings\buildings_L15-1691E-1211N_6764_3347_13_2018_01.tif
L15-1691E-1211N_6764_3347_13,2018,2,2018_02,True,False,True,False,False,True,True,True,True,datasets\sen12_mt_urbanmapping\multimodal_cd_dataset\L15-1691E-1211N_6764_3347_13\s1\s1_L15-1691E-1211N_6764_3347_13_2018_02.tif,datasets\sen12_mt_urbanmapping\multimodal_cd_dataset\L15-1691E-1211N_6764_3347_13\s2\s2_L15-1691E-1211N_6764_3347_13_2018_02.tif,datasets\sen12_mt_urbanmapping\multimodal_cd_dataset\L15-1691E-1211N_6764_3347_13\buildings\buildings_L15-1691E-1211N_6764_3347_13_2018_02.tif
L15-1691E-1211N_6764_3347_13,2018,3,2018_03,True,True,True,False,False,False,True,True,True,datasets\sen12_mt_urbanmapping\multimodal_cd_dataset\L15-1691E-1211N_6764_3347_13\s1\s1_L15-1691E-1211N_6764_3347_13_2018_03.tif,datasets\sen12_mt_urbanmapping\multimodal_cd_dataset\L15-1691E-1211N_6764_3347_13\s2\s2_L15-1691E-1211N_6764_3347_13_2018_03.tif,datasets\sen12_mt_urbanmapping\multimodal_cd_dataset\L15-1691E-1211N_6764_3347_13\buildings\buildings_L15-1691E-1211N_6764_3347_13_2018_03.tif
L15-1691E-1211N_6764_3347_13,2018,4,2018_04,True,True,True,False,False,False,True,True,True,datasets\sen12_mt_urbanmapping\multimodal_cd_dataset\L15-1691E-1211N_6764_3347_13\s1\s1_L15-1691E-1211N_6764_3347_13_2018_04.tif,datasets\sen12_mt_urbanmapping\multimodal_cd_dataset\L15-1691E-1211N_6764_3347_13\s2\s2_L15-1691E-1211N_6764_3347_13_2018_04.tif,datasets\sen12_mt_urbanmapping\multimodal_cd_dataset\L15-1691E-1211N_6764_3347_13\buildings\buildings_L15-1691E-1211N_6764_3347_13_2018_04.tif
L15-1691E-1211N_6764_3347_13,2018,5,2018_05,True,False,True,False,False,True,True,True,True,datasets\sen12_mt_urbanmapping\multimodal_cd_dataset\L15-1691E-1211N_6764_3347_13\s1\s1_L15-1691E-1211N_6764_3347_13_2018_05.tif,datasets\sen12_mt_urbanmapping\multimodal_cd_dataset\L15-1691E-1211N_6764_3347_13\s2\s2_L15-1691E-1211N_6764_3347_13_2018_05.tif,datasets\sen12_mt_urbanmapping\multimodal_cd_dataset\L15-1691E-1211N_6764_3347_13\buildings\buildings_L15-1691E-1211N_6764_3347_13_2018_05.tif
L15-1691E-1211N_6764_3347_13,2018,6,2018_06,True,True,True,False,False,False,True,True,True,datasets\sen12_mt_urbanmapping\multimodal_cd_dataset\L15-1691E-1211N_6764_3347_13\s1\s1_L15-1691E-1211N_6764_3347_13_2018_06.tif,datasets\sen12_mt_urbanmapping\multimodal_cd_dataset\L15-1691E-1211N_6764_3347_13\s2\s2_L15-1691E-1211N_6764_3347_13_2018_06.tif,datasets\sen12_mt_urbanmapping\multimodal_cd_dataset\L15-1691E-1211N_6764_3347_13\buildings\buildings_L15-1691E-1211N_6764_3347_13_2018_06.tif
L15-1691E-1211N_6764_3347_13,2018,7,2018_07,True,True,True,False,False,False,True,True,True,datasets\sen12_mt_urbanmapping\multimodal_cd_dataset\L15-1691E-1211N_6764_3347_13\s1\s1_L15-1691E-1211N_6764_3347_13_2018_07.tif,datasets\sen12_mt_urbanmapping\multimodal_cd_dataset\L15-1691E-1211N_6764_3347_13\s2\s2_L15-1691E-1211N_6764_3347_13_2018_07.tif,datasets\sen12_mt_urbanmapping\multimodal_cd_dataset\L15-1691E-1211N_6764_3347_13\buildings\buildings_L15-1691E-1211N_6764_3347_13_2018_07.tif
L15-1691E-1211N_6764_3347_13,2018,8,2018_08,True,True,True,True,False,False,True,True,True,datasets\sen12_mt_urbanmapping\multimodal_cd_dataset\L15-1691E-1211N_6764_3347_13\s1\s1_L15-1691E-1211N_6764_3347_13_2018_08.tif,datasets\sen12_mt_urbanmapping\multimodal_cd_dataset\L15-1691E-1211N_6764_3347_13\s2\s2_L15-1691E-1211N_6764_3347_13_2018_08.tif,datasets\sen12_mt_urbanmapping\multimodal_cd_dataset\L15-1691E-1211N_6764_3347_13\buildings\buildings_L15-1691E-1211N_6764_3347_13_2018_08.tif
L15-1691E-1211N_6764_3347_13,2018,9,2018_09,True,True,True,False,False,False,True,True,True,datasets\sen12_mt_urbanmapping\multimodal_cd_dataset\L15-1691E-1211N_6764_3347_13\s1\s1_L15-1691E-1211N_6764_3347_13_2018_09.tif,datasets\sen12_mt_urbanmapping\multimodal_cd_dataset\L15-1691E-1211N_6764_3347_13\s2\s2_L15-1691E-1211N_6764_3347_13_2018_09.tif,datasets\sen12_mt_urbanmapping\multimodal_cd_dataset\L15-1691E-1211N_6764_3347_13\buildings\buildings_L15-1691E-1211N_6764_3347_13_2018_09.tif
L15-1691E-1211N_6764_3347_13,2018,10,2018_10,True,True,True,False,False,False,True,True,True,datasets\sen12_mt_urbanmapping\multimodal_cd_dataset\L15-1691E-1211N_6764_3347_13\s1\s1_L15-1691E-1211N_6764_3347_13_2018_10.tif,datasets\sen12_mt_urbanmapping\multimodal_cd_dataset\L15-1691E-1211N_6764_3347_13\s2\s2_L15-1691E-1211N_6764_3347_13_2018_10.tif,datasets\sen12_mt_urbanmapping\multimodal_cd_dataset\L15-1691E-1211N_6764_3347_13\buildings\buildings_L15-1691E-1211N_6764_3347_13_2018_10.tif
L15-1691E-1211N_6764_3347_13,2018,11,2018_11,True,True,True,False,False,False,True,True,True,datasets\sen12_mt_urbanmapping\multimodal_cd_dataset\L15-1691E-1211N_6764_3347_13\s1\s1_L15-1691E-1211N_6764_3347_13_2018_11.tif,datasets\sen12_mt_urbanmapping\multimodal_cd_dataset\L15-1691E-1211N_6764_3347_13\s2\s2_L15-1691E-1211N_6764_3347_13_2018_11.tif,datasets\sen12_mt_urbanmapping\multimodal_cd_dataset\L15-1691E-1211N_6764_3347_13\buildings\buildings_L15-1691E-1211N_6764_3347_13_2018_11.tif
L15-1691E-1211N_6764_3347_13,2018,12,2018_12,True,True,True,True,False,False,True,True,True,datasets\sen12_mt_urbanmapping\multimodal_cd_dataset\L15-1691E-1211N_6764_3347_13\s1\s1_L15-1691E-1211N_6764_3347_13_2018_12.tif,datasets\sen12_mt_urbanmapping\multimodal_cd_dataset\L15-1691E-1211N_6764_3347_13\s2\s2_L15-1691E-1211N_6764_3347_13_2018_12.tif,datasets\sen12_mt_urbanmapping\multimodal_cd_dataset\L15-1691E-1211N_6764_3347_13\buildings\buildings_L15-1691E-1211N_6764_3347_13_2018_12.tif
L15-1691E-1211N_6764_3347_13,2019,1,2019_01,True,True,True,False,False,False,True,True,True,datasets\sen12_mt_urbanmapping\multimodal_cd_dataset\L15-1691E-1211N_6764_3347_13\s1\s1_L15-1691E-1211N_6764_3347_13_2019_01.tif,datasets\sen12_mt_urbanmapping\multimodal_cd_dataset\L15-1691E-1211N_6764_3347_13\s2\s2_L15-1691E-1211N_6764_3347_13_2019_01.tif,datasets\sen12_mt_urbanmapping\multimodal_cd_dataset\L15-1691E-1211N_6764_3347_13\buildings\buildings_L15-1691E-1211N_6764_3347_13_2019_01.tif
L15-1691E-1211N_6764_3347_13,2019,3,2019_03,True,True,True,False,False,False,True,True,True,datasets\sen12_mt_urbanmapping\multimodal_cd_dataset\L15-1691E-1211N_6764_3347_13\s1\s1_L15-1691E-1211N_6764_3347_13_2019_03.tif,datasets\sen12_mt_urbanmapping\multimodal_cd_dataset\L15-1691E-1211N_6764_3347_13\s2\s2_L15-1691E-1211N_6764_3347_13_2019_03.tif,datasets\sen12_mt_urbanmapping\multimodal_cd_dataset\L15-1691E-1211N_6764_3347_13\buildings\buildings_L15-1691E-1211N_6764_3347_13_2019_03.tif
L15-1691E-1211N_6764_3347_13,2019,4,2019_04,True,True,True,False,False,False,True,True,True,datasets\sen12_mt_urbanmapping\multimodal_cd_dataset\L15-1691E-1211N_6764_3347_13\s1\s1_L15-1691E-1211N_6764_3347_13_2019_04.tif,datasets\sen12_mt_urbanmapping\multimodal_cd_dataset\L15-1691E-1211N_6764_3347_13\s2\s2_L15-1691E-1211N_6764_3347_13_2019_04.tif,datasets\sen12_mt_urbanmapping\multimodal_cd_dataset\L15-1691E-1211N_6764_3347_13\buildings\buildings_L15-1691E-1211N_6764_3347_13_2019_04.tif
L15-1691E-1211N_6764_3347_13,2019,5,2019_05,True,True,True,False,False,False,True,True,True,datasets\sen12_mt_urbanmapping\multimodal_cd_dataset\L15-1691E-1211N_6764_3347_13\s1\s1_L15-1691E-1211N_6764_3347_13_2019_05.tif,datasets\sen12_mt_urbanmapping\multimodal_cd_dataset\L15-1691E-1211N_6764_3347_13\s2\s2_L15-1691E-1211N_6764_3347_13_2019_05.tif,datasets\sen12_mt_urbanmapping\multimodal_cd_dataset\L15-1691E-1211N_6764_3347_13\buildings\buildings_L15-1691E-1211N_6764_3347_13_2019_05.tif
L15-1691E-1211N_6764_3347_13,2019,6,2019_06,True,True,True,False,False,False,True,True,True,datasets\sen12_mt_urbanmapping\multimodal_cd_dataset\L15-1691E-1211N_6764_3347_13\s1\s1_L15-1691E-1211N_6764_3347_13_2019_06.tif,datasets\sen12_mt_urbanmapping\multimodal_cd_dataset\L15-1691E-1211N_6764_3347_13\s2\s2_L15-1691E-1211N_6764_3347_13_2019_06.tif,datasets\sen12_mt_urbanmapping\multimodal_cd_dataset\L15-1691E-1211N_6764_3347_13\buildings\buildings_L15-1691E-1211N_6764_3347_13_2019_06.tif
L15-1691E-1211N_6764_3347_13,2019,7,2019_07,True,True,True,False,False,False,True,True,True,datasets\sen12_mt_urbanmapping\multimodal_cd_dataset\L15-1691E-1211N_6764_3347_13\s1\s1_L15-1691E-1211N_6764_3347_13_2019_07.tif,datasets\sen12_mt_urbanmapping\multimodal_cd_dataset\L15-1691E-1211N_6764_3347_13\s2\s2_L15-1691E-1211N_6764_3347_13_2019_07.tif,datasets\sen12_mt_urbanmapping\multimodal_cd_dataset\L15-1691E-1211N_6764_3347_13\buildings\buildings_L15-1691E-1211N_6764_3347_13_2019_07.tif
L15-1691E-1211N_6764_3347_13,2019,8,2019_08,True,True,True,False,False,False,True,True,True,datasets\sen12_mt_urbanmapping\multimodal_cd_dataset\L15-1691E-1211N_6764_3347_13\s1\s1_L15-1691E-1211N_6764_3347_13_2019_08.tif,datasets\sen12_mt_urbanmapping\multimodal_cd_dataset\L15-1691E-1211N_6764_3347_13\s2\s2_L15-1691E-1211N_6764_3347_13_2019_08.tif,datasets\sen12_mt_urbanmapping\multimodal_cd_dataset\L15-1691E-1211N_6764_3347_13\buildings\buildings_L15-1691E-1211N_6764_3347_13_2019_08.tif
L15-1691E-1211N_6764_3347_13,2019,9,2019_09,True,True,True,True,False,False,True,True,True,datasets\sen12_mt_urbanmapping\multimodal_cd_dataset\L15-1691E-1211N_6764_3347_13\s1\s1_L15-1691E-1211N_6764_3347_13_2019_09.tif,datasets\sen12_mt_urbanmapping\multimodal_cd_dataset\L15-1691E-1211N_6764_3347_13\s2\s2_L15-1691E-1211N_6764_3347_13_2019_09.tif,datasets\sen12_mt_urbanmapping\multimodal_cd_dataset\L15-1691E-1211N_6764_3347_13\buildings\buildings_L15-1691E-1211N_6764_3347_13_2019_09.tif
L15-1703E-1219N_6813_3313_13,2018,1,2018_01,True,False,True,False,False,True,True,True,True,datasets\sen12_mt_urbanmapping\multimodal_cd_dataset\L15-1703E-1219N_6813_3313_13\s1\s1_L15-1703E-1219N_6813_3313_13_2018_01.tif,datasets\sen12_mt_urbanmapping\multimodal_cd_dataset\L15-1703E-1219N_6813_3313_13\s2\s2_L15-1703E-1219N_6813_3313_13_2018_01.tif,datasets\sen12_mt_urbanmapping\multimodal_cd_dataset\L15-1703E-1219N_6813_3313_13\buildings\buildings_L15-1703E-1219N_6813_3313_13_2018_01.tif
L15-1703E-1219N_6813_3313_13,2018,2,2018_02,True,False,True,False,False,True,True,True,True,datasets\sen12_mt_urbanmapping\multimodal_cd_dataset\L15-1703E-1219N_6813_3313_13\s1\s1_L15-1703E-1219N_6813_3313_13_2018_02.tif,datasets\sen12_mt_urbanmapping\multimodal_cd_dataset\L15-1703E-1219N_6813_3313_13\s2\s2_L15-1703E-1219N_6813_3313_13_2018_02.tif,datasets\sen12_mt_urbanmapping\multimodal_cd_dataset\L15-1703E-1219N_6813_3313_13\buildings\buildings_L15-1703E-1219N_6813_3313_13_2018_02.tif
L15-1703E-1219N_6813_3313_13,2018,3,2018_03,True,True,True,False,False,False,True,True,True,datasets\sen12_mt_urbanmapping\multimodal_cd_dataset\L15-1703E-1219N_6813_3313_13\s1\s1_L15-1703E-1219N_6813_3313_13_2018_03.tif,datasets\sen12_mt_urbanmapping\multimodal_cd_dataset\L15-1703E-1219N_6813_3313_13\s2\s2_L15-1703E-1219N_6813_3313_13_2018_03.tif,datasets\sen12_mt_urbanmapping\multimodal_cd_dataset\L15-1703E-1219N_6813_3313_13\buildings\buildings_L15-1703E-1219N_6813_3313_13_2018_03.tif
L15-1703E-1219N_6813_3313_13,2018,4,2018_04,True,True,True,False,False,False,True,True,True,datasets\sen12_mt_urbanmapping\multimodal_cd_dataset\L15-1703E-1219N_6813_3313_13\s1\s1_L15-1703E-1219N_6813_3313_13_2018_04.tif,datasets\sen12_mt_urbanmapping\multimodal_cd_dataset\L15-1703E-1219N_6813_3313_13\s2\s2_L15-1703E-1219N_6813_3313_13_2018_04.tif,datasets\sen12_mt_urbanmapping\multimodal_cd_dataset\L15-1703E-1219N_6813_3313_13\buildings\buildings_L15-1703E-1219N_6813_3313_13_2018_04.tif
L15-1703E-1219N_6813_3313_13,2018,5,2018_05,True,True,True,True,False,False,True,True,True,datasets\sen12_mt_urbanmapping\multimodal_cd_dataset\L15-1703E-1219N_6813_3313_13\s1\s1_L15-1703E-1219N_6813_3313_13_2018_05.tif,datasets\sen12_mt_urbanmapping\multimodal_cd_dataset\L15-1703E-1219N_6813_3313_13\s2\s2_L15-1703E-1219N_6813_3313_13_2018_05.tif,datasets\sen12_mt_urbanmapping\multimodal_cd_dataset\L15-1703E-1219N_6813_3313_13\buildings\buildings_L15-1703E-1219N_6813_3313_13_2018_05.tif
L15-1703E-1219N_6813_3313_13,2018,6,2018_06,True,True,True,False,False,False,True,True,True,datasets\sen12_mt_urbanmapping\multimodal_cd_dataset\L15-1703E-1219N_6813_3313_13\s1\s1_L15-1703E-1219N_6813_3313_13_2018_06.tif,datasets\sen12_mt_urbanmapping\multimodal_cd_dataset\L15-1703E-1219N_6813_3313_13\s2\s2_L15-1703E-1219N_6813_3313_13_2018_06.tif,datasets\sen12_mt_urbanmapping\multimodal_cd_dataset\L15-1703E-1219N_6813_3313_13\buildings\buildings_L15-1703E-1219N_6813_3313_13_2018_06.tif
L15-1703E-1219N_6813_3313_13,2018,7,2018_07,True,True,True,False,False,False,True,True,True,datasets\sen12_mt_urbanmapping\multimodal_cd_dataset\L15-1703E-1219N_6813_3313_13\s1\s1_L15-1703E-1219N_6813_3313_13_2018_07.tif,datasets\sen12_mt_urbanmapping\multimodal_cd_dataset\L15-1703E-1219N_6813_3313_13\s2\s2_L15-1703E-1219N_6813_3313_13_2018_07.tif,datasets\sen12_mt_urbanmapping\multimodal_cd_dataset\L15-1703E-1219N_6813_3313_13\buildings\buildings_L15-1703E-1219N_6813_3313_13_2018_07.tif
L15-1703E-1219N_6813_3313_13,2018,8,2018_08,True,True,True,True,False,False,True,True,True,datasets\sen12_mt_urbanmapping\multimodal_cd_dataset\L15-1703E-1219N_6813_3313_13\s1\s1_L15-1703E-1219N_6813_3313_13_2018_08.tif,datasets\sen12_mt_urbanmapping\multimodal_cd_dataset\L15-1703E-1219N_6813_3313_13\s2\s2_L15-1703E-1219N_6813_3313_13_2018_08.tif,datasets\sen12_mt_urbanmapping\multimodal_cd_dataset\L15-1703E-1219N_6813_3313_13\buildings\buildings_L15-1703E-1219N_6813_3313_13_2018_08.tif
L15-1703E-1219N_6813_3313_13,2018,9,2018_09,True,True,True,True,False,False,True,True,True,datasets\sen12_mt_urbanmapping\multimodal_cd_dataset\L15-1703E-1219N_6813_3313_13\s1\s1_L15-1703E-1219N_6813_3313_13_2018_09.tif,datasets\sen12_mt_urbanmapping\multimodal_cd_dataset\L15-1703E-1219N_6813_3313_13\s2\s2_L15-1703E-1219N_6813_3313_13_2018_09.tif,datasets\sen12_mt_urbanmapping\multimodal_cd_dataset\L15-1703E-1219N_6813_3313_13\buildings\buildings_L15-1703E-1219N_6813_3313_13_2018_09.tif
L15-1703E-1219N_6813_3313_13,2018,10,2018_10,True,True,True,False,False,False,True,True,True,datasets\sen12_mt_urbanmapping\multimodal_cd_dataset\L15-1703E-1219N_6813_3313_13\s1\s1_L15-1703E-1219N_6813_3313_13_2018_10.tif,datasets\sen12_mt_urbanmapping\multimodal_cd_dataset\L15-1703E-1219N_6813_3313_13\s2\s2_L15-1703E-1219N_6813_3313_13_2018_10.tif,datasets\sen12_mt_urbanmapping\multimodal_cd_dataset\L15-1703E-1219N_6813_3313_13\buildings\buildings_L15-1703E-1219N_6813_3313_13_2018_10.tif
L15-1703E-1219N_6813_3313_13,2018,11,2018_11,True,True,True,False,False,False,True,True,True,datasets\sen12_mt_urbanmapping\multimodal_cd_dataset\L15-1703E-1219N_6813_3313_13\s1\s1_L15-1703E-1219N_6813_3313_13_2018_11.tif,datasets\sen12_mt_urbanmapping\multimodal_cd_dataset\L15-1703E-1219N_6813_3313_13\s2\s2_L15-1703E-1219N_6813_3313_13_2018_11.tif,datasets\sen12_mt_urbanmapping\multimodal_cd_dataset\L15-1703E-1219N_6813_3313_13\buildings\buildings_L15-1703E-1219N_6813_3313_13_2018_11.tif
L15-1703E-1219N_6813_3313_13,2018,12,2018_12,True,True,True,False,False,False,True,True,True,datasets\sen12_mt_urbanmapping\multimodal_cd_dataset\L15-1703E-1219N_6813_3313_13\s1\s1_L15-1703E-1219N_6813_3313_13_2018_12.tif,datasets\sen12_mt_urbanmapping\multimodal_cd_dataset\L15-1703E-1219N_6813_3313_13\s2\s2_L15-1703E-1219N_6813_3313_13_2018_12.tif,datasets\sen12_mt_urbanmapping\multimodal_cd_dataset\L15-1703E-1219N_6813_3313_13\buildings\buildings_L15-1703E-1219N_6813_3313_13_2018_12.tif
L15-1703E-1219N_6813_3313_13,2019,1,2019_01,True,True,True,False,False,False,True,True,True,datasets\sen12_mt_urbanmapping\multimodal_cd_dataset\L15-1703E-1219N_6813_3313_13\s1\s1_L15-1703E-1219N_6813_3313_13_2019_01.tif,datasets\sen12_mt_urbanmapping\multimodal_cd_dataset\L15-1703E-1219N_6813_3313_13\s2\s2_L15-1703E-1219N_6813_3313_13_2019_01.tif,datasets\sen12_mt_urbanmapping\multimodal_cd_dataset\L15-1703E-1219N_6813_3313_13\buildings\buildings_L15-1703E-1219N_6813_3313_13_2019_01.tif
L15-1703E-1219N_6813_3313_13,2019,2,2019_02,True,False,True,False,False,True,True,True,True,datasets\sen12_mt_urbanmapping\multimodal_cd_dataset\L15-1703E-1219N_6813_3313_13\s1\s1_L15-1703E-1219N_6813_3313_13_2019_02.tif,datasets\sen12_mt_urbanmapping\multimodal_cd_dataset\L15-1703E-1219N_6813_3313_13\s2\s2_L15-1703E-1219N_6813_3313_13_2019_02.tif,datasets\sen12_mt_urbanmapping\multimodal_cd_dataset\L15-1703E-1219N_6813_3313_13\buildings\buildings_L15-1703E-1219N_6813_3313_13_2019_02.tif
L15-1703E-1219N_6813_3313_13,2019,3,2019_03,True,True,True,False,False,False,True,True,True,datasets\sen12_mt_urbanmapping\multimodal_cd_dataset\L15-1703E-1219N_6813_3313_13\s1\s1_L15-1703E-1219N_6813_3313_13_2019_03.tif,datasets\sen12_mt_urbanmapping\multimodal_cd_dataset\L15-1703E-1219N_6813_3313_13\s2\s2_L15-1703E-1219N_6813_3313_13_2019_03.tif,datasets\sen12_mt_urbanmapping\multimodal_cd_dataset\L15-1703E-1219N_6813_3313_13\buildings\buildings_L15-1703E-1219N_6813_3313_13_2019_03.tif
L15-1703E-1219N_6813_3313_13,2019,4,2019_04,True,True,True,False,False,False,True,True,True,datasets\sen12_mt_urbanmapping\multimodal_cd_dataset\L15-1703E-1219N_6813_3313_13\s1\s1_L15-1703E-1219N_6813_3313_13_2019_04.tif,datasets\sen12_mt_urbanmapping\multimodal_cd_dataset\L15-1703E-1219N_6813_3313_13\s2\s2_L15-1703E-1219N_6813_3313_13_2019_04.tif,datasets\sen12_mt_urbanmapping\multimodal_cd_dataset\L15-1703E-1219N_6813_3313_13\buildings\buildings_L15-1703E-1219N_6813_3313_13_2019_04.tif
L15-1703E-1219N_6813_3313_13,2019,5,2019_05,True,True,True,False,False,False,True,True,True,datasets\sen12_mt_urbanmapping\multimodal_cd_dataset\L15-1703E-1219N_6813_3313_13\s1\s1_L15-1703E-1219N_6813_3313_13_2019_05.tif,datasets\sen12_mt_urbanmapping\multimodal_cd_dataset\L15-1703E-1219N_6813_3313_13\s2\s2_L15-1703E-1219N_6813_3313_13_2019_05.tif,datasets\sen12_mt_urbanmapping\multimodal_cd_dataset\L15-1703E-1219N_6813_3313_13\buildings\buildings_L15-1703E-1219N_6813_3313_13_2019_05.tif
L15-1703E-1219N_6813_3313_13,2019,6,2019_06,True,True,True,False,False,False,True,True,True,datasets\sen12_mt_urbanmapping\multimodal_cd_dataset\L15-1703E-1219N_6813_3313_13\s1\s1_L15-1703E-1219N_6813_3313_13_2019_06.tif,datasets\sen12_mt_urbanmapping\multimodal_cd_dataset\L15-1703E-1219N_6813_3313_13\s2\s2_L15-1703E-1219N_6813_3313_13_2019_06.tif,datasets\sen12_mt_urbanmapping\multimodal_cd_dataset\L15-1703E-1219N_6813_3313_13\buildings\buildings_L15-1703E-1219N_6813_3313_13_2019_06.tif
L15-1703E-1219N_6813_3313_13,2019,7,2019_07,True,True,True,False,False,False,True,True,True,datasets\sen12_mt_urbanmapping\multimodal_cd_dataset\L15-1703E-1219N_6813_3313_13\s1\s1_L15-1703E-1219N_6813_3313_13_2019_07.tif,datasets\sen12_mt_urbanmapping\multimodal_cd_dataset\L15-1703E-1219N_6813_3313_13\s2\s2_L15-1703E-1219N_6813_3313_13_2019_07.tif,datasets\sen12_mt_urbanmapping\multimodal_cd_dataset\L15-1703E-1219N_6813_3313_13\buildings\buildings_L15-1703E-1219N_6813_3313_13_2019_07.tif
L15-1703E-1219N_6813_3313_13,2019,8,2019_08,True,False,True,False,False,True,True,True,True,datasets\sen12_mt_urbanmapping\multimodal_cd_dataset\L15-1703E-1219N_6813_3313_13\s1\s1_L15-1703E-1219N_6813_3313_13_2019_08.tif,datasets\sen12_mt_urbanmapping\multimodal_cd_dataset\L15-1703E-1219N_6813_3313_13\s2\s2_L15-1703E-1219N_6813_3313_13_2019_08.tif,datasets\sen12_mt_urbanmapping\multimodal_cd_dataset\L15-1703E-1219N_6813_3313_13\buildings\buildings_L15-1703E-1219N_6813_3313_13_2019_08.tif
L15-1703E-1219N_6813_3313_13,2019,9,2019_09,True,True,True,False,False,False,True,True,True,datasets\sen12_mt_urbanmapping\multimodal_cd_dataset\L15-1703E-1219N_6813_3313_13\s1\s1_L15-1703E-1219N_6813_3313_13_2019_09.tif,datasets\sen12_mt_urbanmapping\multimodal_cd_dataset\L15-1703E-1219N_6813_3313_13\s2\s2_L15-1703E-1219N_6813_3313_13_2019_09.tif,datasets\sen12_mt_urbanmapping\multimodal_cd_dataset\L15-1703E-1219N_6813_3313_13\buildings\buildings_L15-1703E-1219N_6813_3313_13_2019_09.tif
L15-1703E-1219N_6813_3313_13,2019,10,2019_10,True,True,True,False,False,False,True,True,True,datasets\sen12_mt_urbanmapping\multimodal_cd_dataset\L15-1703E-1219N_6813_3313_13\s1\s1_L15-1703E-1219N_6813_3313_13_2019_10.tif,datasets\sen12_mt_urbanmapping\multimodal_cd_dataset\L15-1703E-1219N_6813_3313_13\s2\s2_L15-1703E-1219N_6813_3313_13_2019_10.tif,datasets\sen12_mt_urbanmapping\multimodal_cd_dataset\L15-1703E-1219N_6813_3313_13\buildings\buildings_L15-1703E-1219N_6813_3313_13_2019_10.tif
L15-1703E-1219N_6813_3313_13,2019,11,2019_11,True,True,True,False,False,False,True,True,True,datasets\sen12_mt_urbanmapping\multimodal_cd_dataset\L15-1703E-1219N_6813_3313_13\s1\s1_L15-1703E-1219N_6813_3313_13_2019_11.tif,datasets\sen12_mt_urbanmapping\multimodal_cd_dataset\L15-1703E-1219N_6813_3313_13\s2\s2_L15-1703E-1219N_6813_3313_13_2019_11.tif,datasets\sen12_mt_urbanmapping\multimodal_cd_dataset\L15-1703E-1219N_6813_3313_13\buildings\buildings_L15-1703E-1219N_6813_3313_13_2019_11.tif
L15-1703E-1219N_6813_3313_13,2019,12,2019_12,True,True,True,False,False,False,True,True,True,datasets\sen12_mt_urbanmapping\multimodal_cd_dataset\L15-1703E-1219N_6813_3313_13\s1\s1_L15-1703E-1219N_6813_3313_13_2019_12.tif,datasets\sen12_mt_urbanmapping\multimodal_cd_dataset\L15-1703E-1219N_6813_3313_13\s2\s2_L15-1703E-1219N_6813_3313_13_2019_12.tif,datasets\sen12_mt_urbanmapping\multimodal_cd_dataset\L15-1703E-1219N_6813_3313_13\buildings\buildings_L15-1703E-1219N_6813_3313_13_2019_12.tif
L15-1703E-1219N_6813_3313_13,2020,1,2020_01,True,False,True,False,False,True,True,True,True,datasets\sen12_mt_urbanmapping\multimodal_cd_dataset\L15-1703E-1219N_6813_3313_13\s1\s1_L15-1703E-1219N_6813_3313_13_2020_01.tif,datasets\sen12_mt_urbanmapping\multimodal_cd_dataset\L15-1703E-1219N_6813_3313_13\s2\s2_L15-1703E-1219N_6813_3313_13_2020_01.tif,datasets\sen12_mt_urbanmapping\multimodal_cd_dataset\L15-1703E-1219N_6813_3313_13\buildings\buildings_L15-1703E-1219N_6813_3313_13_2020_01.tif
L15-1709E-1112N_6838_3742_13,2018,1,2018_01,True,False,True,False,False,True,True,True,True,datasets\sen12_mt_urbanmapping\multimodal_cd_dataset\L15-1709E-1112N_6838_3742_13\s1\s1_L15-1709E-1112N_6838_3742_13_2018_01.tif,datasets\sen12_mt_urbanmapping\multimodal_cd_dataset\L15-1709E-1112N_6838_3742_13\s2\s2_L15-1709E-1112N_6838_3742_13_2018_01.tif,datasets\sen12_mt_urbanmapping\multimodal_cd_dataset\L15-1709E-1112N_6838_3742_13\buildings\buildings_L15-1709E-1112N_6838_3742_13_2018_01.tif
L15-1709E-1112N_6838_3742_13,2018,2,2018_02,True,False,True,False,False,True,True,True,True,datasets\sen12_mt_urbanmapping\multimodal_cd_dataset\L15-1709E-1112N_6838_3742_13\s1\s1_L15-1709E-1112N_6838_3742_13_2018_02.tif,datasets\sen12_mt_urbanmapping\multimodal_cd_dataset\L15-1709E-1112N_6838_3742_13\s2\s2_L15-1709E-1112N_6838_3742_13_2018_02.tif,datasets\sen12_mt_urbanmapping\multimodal_cd_dataset\L15-1709E-1112N_6838_3742_13\buildings\buildings_L15-1709E-1112N_6838_3742_13_2018_02.tif
L15-1709E-1112N_6838_3742_13,2018,3,2018_03,True,False,True,False,False,True,True,True,True,datasets\sen12_mt_urbanmapping\multimodal_cd_dataset\L15-1709E-1112N_6838_3742_13\s1\s1_L15-1709E-1112N_6838_3742_13_2018_03.tif,datasets\sen12_mt_urbanmapping\multimodal_cd_dataset\L15-1709E-1112N_6838_3742_13\s2\s2_L15-1709E-1112N_6838_3742_13_2018_03.tif,datasets\sen12_mt_urbanmapping\multimodal_cd_dataset\L15-1709E-1112N_6838_3742_13\buildings\buildings_L15-1709E-1112N_6838_3742_13_2018_03.tif
L15-1709E-1112N_6838_3742_13,2018,4,2018_04,True,False,True,False,False,True,True,True,True,datasets\sen12_mt_urbanmapping\multimodal_cd_dataset\L15-1709E-1112N_6838_3742_13\s1\s1_L15-1709E-1112N_6838_3742_13_2018_04.tif,datasets\sen12_mt_urbanmapping\multimodal_cd_dataset\L15-1709E-1112N_6838_3742_13\s2\s2_L15-1709E-1112N_6838_3742_13_2018_04.tif,datasets\sen12_mt_urbanmapping\multimodal_cd_dataset\L15-1709E-1112N_6838_3742_13\buildings\buildings_L15-1709E-1112N_6838_3742_13_2018_04.tif
L15-1709E-1112N_6838_3742_13,2018,5,2018_05,True,True,True,True,False,False,True,True,True,datasets\sen12_mt_urbanmapping\multimodal_cd_dataset\L15-1709E-1112N_6838_3742_13\s1\s1_L15-1709E-1112N_6838_3742_13_2018_05.tif,datasets\sen12_mt_urbanmapping\multimodal_cd_dataset\L15-1709E-1112N_6838_3742_13\s2\s2_L15-1709E-1112N_6838_3742_13_2018_05.tif,datasets\sen12_mt_urbanmapping\multimodal_cd_dataset\L15-1709E-1112N_6838_3742_13\buildings\buildings_L15-1709E-1112N_6838_3742_13_2018_05.tif
L15-1709E-1112N_6838_3742_13,2018,6,2018_06,True,False,True,False,False,True,True,True,True,datasets\sen12_mt_urbanmapping\multimodal_cd_dataset\L15-1709E-1112N_6838_3742_13\s1\s1_L15-1709E-1112N_6838_3742_13_2018_06.tif,datasets\sen12_mt_urbanmapping\multimodal_cd_dataset\L15-1709E-1112N_6838_3742_13\s2\s2_L15-1709E-1112N_6838_3742_13_2018_06.tif,datasets\sen12_mt_urbanmapping\multimodal_cd_dataset\L15-1709E-1112N_6838_3742_13\buildings\buildings_L15-1709E-1112N_6838_3742_13_2018_06.tif
L15-1709E-1112N_6838_3742_13,2018,7,2018_07,True,False,True,True,False,True,True,True,True,datasets\sen12_mt_urbanmapping\multimodal_cd_dataset\L15-1709E-1112N_6838_3742_13\s1\s1_L15-1709E-1112N_6838_3742_13_2018_07.tif,datasets\sen12_mt_urbanmapping\multimodal_cd_dataset\L15-1709E-1112N_6838_3742_13\s2\s2_L15-1709E-1112N_6838_3742_13_2018_07.tif,datasets\sen12_mt_urbanmapping\multimodal_cd_dataset\L15-1709E-1112N_6838_3742_13\buildings\buildings_L15-1709E-1112N_6838_3742_13_2018_07.tif
L15-1709E-1112N_6838_3742_13,2018,9,2018_09,True,False,True,True,False,True,True,True,True,datasets\sen12_mt_urbanmapping\multimodal_cd_dataset\L15-1709E-1112N_6838_3742_13\s1\s1_L15-1709E-1112N_6838_3742_13_2018_09.tif,datasets\sen12_mt_urbanmapping\multimodal_cd_dataset\L15-1709E-1112N_6838_3742_13\s2\s2_L15-1709E-1112N_6838_3742_13_2018_09.tif,datasets\sen12_mt_urbanmapping\multimodal_cd_dataset\L15-1709E-1112N_6838_3742_13\buildings\buildings_L15-1709E-1112N_6838_3742_13_2018_09.tif
L15-1709E-1112N_6838_3742_13,2018,10,2018_10,True,False,True,False,False,True,True,True,True,datasets\sen12_mt_urbanmapping\multimodal_cd_dataset\L15-1709E-1112N_6838_3742_13\s1\s1_L15-1709E-1112N_6838_3742_13_2018_10.tif,datasets\sen12_mt_urbanmapping\multimodal_cd_dataset\L15-1709E-1112N_6838_3742_13\s2\s2_L15-1709E-1112N_6838_3742_13_2018_10.tif,datasets\sen12_mt_urbanmapping\multimodal_cd_dataset\L15-1709E-1112N_6838_3742_13\buildings\buildings_L15-1709E-1112N_6838_3742_13_2018_10.tif
L15-1709E-1112N_6838_3742_13,2018,11,2018_11,True,False,True,False,False,True,True,True,True,datasets\sen12_mt_urbanmapping\multimodal_cd_dataset\L15-1709E-1112N_6838_3742_13\s1\s1_L15-1709E-1112N_6838_3742_13_2018_11.tif,datasets\sen12_mt_urbanmapping\multimodal_cd_dataset\L15-1709E-1112N_6838_3742_13\s2\s2_L15-1709E-1112N_6838_3742_13_2018_11.tif,datasets\sen12_mt_urbanmapping\multimodal_cd_dataset\L15-1709E-1112N_6838_3742_13\buildings\buildings_L15-1709E-1112N_6838_3742_13_2018_11.tif
L15-1709E-1112N_6838_3742_13,2018,12,2018_12,True,True,True,True,False,False,True,True,True,datasets\sen12_mt_urbanmapping\multimodal_cd_dataset\L15-1709E-1112N_6838_3742_13\s1\s1_L15-1709E-1112N_6838_3742_13_2018_12.tif,datasets\sen12_mt_urbanmapping\multimodal_cd_dataset\L15-1709E-1112N_6838_3742_13\s2\s2_L15-1709E-1112N_6838_3742_13_2018_12.tif,datasets\sen12_mt_urbanmapping\multimodal_cd_dataset\L15-1709E-1112N_6838_3742_13\buildings\buildings_L15-1709E-1112N_6838_3742_13_2018_12.tif
L15-1709E-1112N_6838_3742_13,2019,1,2019_01,True,True,True,False,False,False,True,True,True,datasets\sen12_mt_urbanmapping\multimodal_cd_dataset\L15-1709E-1112N_6838_3742_13\s1\s1_L15-1709E-1112N_6838_3742_13_2019_01.tif,datasets\sen12_mt_urbanmapping\multimodal_cd_dataset\L15-1709E-1112N_6838_3742_13\s2\s2_L15-1709E-1112N_6838_3742_13_2019_01.tif,datasets\sen12_mt_urbanmapping\multimodal_cd_dataset\L15-1709E-1112N_6838_3742_13\buildings\buildings_L15-1709E-1112N_6838_3742_13_2019_01.tif
L15-1709E-1112N_6838_3742_13,2019,2,2019_02,True,True,True,False,False,False,True,True,True,datasets\sen12_mt_urbanmapping\multimodal_cd_dataset\L15-1709E-1112N_6838_3742_13\s1\s1_L15-1709E-1112N_6838_3742_13_2019_02.tif,datasets\sen12_mt_urbanmapping\multimodal_cd_dataset\L15-1709E-1112N_6838_3742_13\s2\s2_L15-1709E-1112N_6838_3742_13_2019_02.tif,datasets\sen12_mt_urbanmapping\multimodal_cd_dataset\L15-1709E-1112N_6838_3742_13\buildings\buildings_L15-1709E-1112N_6838_3742_13_2019_02.tif
L15-1709E-1112N_6838_3742_13,2019,3,2019_03,True,True,True,False,False,False,True,True,True,datasets\sen12_mt_urbanmapping\multimodal_cd_dataset\L15-1709E-1112N_6838_3742_13\s1\s1_L15-1709E-1112N_6838_3742_13_2019_03.tif,datasets\sen12_mt_urbanmapping\multimodal_cd_dataset\L15-1709E-1112N_6838_3742_13\s2\s2_L15-1709E-1112N_6838_3742_13_2019_03.tif,datasets\sen12_mt_urbanmapping\multimodal_cd_dataset\L15-1709E-1112N_6838_3742_13\buildings\buildings_L15-1709E-1112N_6838_3742_13_2019_03.tif
L15-1709E-1112N_6838_3742_13,2019,4,2019_04,True,True,True,True,False,False,True,True,True,datasets\sen12_mt_urbanmapping\multimodal_cd_dataset\L15-1709E-1112N_6838_3742_13\s1\s1_L15-1709E-1112N_6838_3742_13_2019_04.tif,datasets\sen12_mt_urbanmapping\multimodal_cd_dataset\L15-1709E-1112N_6838_3742_13\s2\s2_L15-1709E-1112N_6838_3742_13_2019_04.tif,datasets\sen12_mt_urbanmapping\multimodal_cd_dataset\L15-1709E-1112N_6838_3742_13\buildings\buildings_L15-1709E-1112N_6838_3742_13_2019_04.tif
L15-1709E-1112N_6838_3742_13,2019,5,2019_05,True,False,True,True,False,True,True,True,True,datasets\sen12_mt_urbanmapping\multimodal_cd_dataset\L15-1709E-1112N_6838_3742_13\s1\s1_L15-1709E-1112N_6838_3742_13_2019_05.tif,datasets\sen12_mt_urbanmapping\multimodal_cd_dataset\L15-1709E-1112N_6838_3742_13\s2\s2_L15-1709E-1112N_6838_3742_13_2019_05.tif,datasets\sen12_mt_urbanmapping\multimodal_cd_dataset\L15-1709E-1112N_6838_3742_13\buildings\buildings_L15-1709E-1112N_6838_3742_13_2019_05.tif
L15-1709E-1112N_6838_3742_13,2019,7,2019_07,True,False,True,True,False,True,True,True,True,datasets\sen12_mt_urbanmapping\multimodal_cd_dataset\L15-1709E-1112N_6838_3742_13\s1\s1_L15-1709E-1112N_6838_3742_13_2019_07.tif,datasets\sen12_mt_urbanmapping\multimodal_cd_dataset\L15-1709E-1112N_6838_3742_13\s2\s2_L15-1709E-1112N_6838_3742_13_2019_07.tif,datasets\sen12_mt_urbanmapping\multimodal_cd_dataset\L15-1709E-1112N_6838_3742_13\buildings\buildings_L15-1709E-1112N_6838_3742_13_2019_07.tif
L15-1709E-1112N_6838_3742_13,2019,8,2019_08,True,False,True,True,False,True,True,True,True,datasets\sen12_mt_urbanmapping\multimodal_cd_dataset\L15-1709E-1112N_6838_3742_13\s1\s1_L15-1709E-1112N_6838_3742_13_2019_08.tif,datasets\sen12_mt_urbanmapping\multimodal_cd_dataset\L15-1709E-1112N_6838_3742_13\s2\s2_L15-1709E-1112N_6838_3742_13_2019_08.tif,datasets\sen12_mt_urbanmapping\multimodal_cd_dataset\L15-1709E-1112N_6838_3742_13\buildings\buildings_L15-1709E-1112N_6838_3742_13_2019_08.tif
L15-1709E-1112N_6838_3742_13,2019,10,2019_10,True,True,True,False,False,False,True,True,True,datasets\sen12_mt_urbanmapping\multimodal_cd_dataset\L15-1709E-1112N_6838_3742_13\s1\s1_L15-1709E-1112N_6838_3742_13_2019_10.tif,datasets\sen12_mt_urbanmapping\multimodal_cd_dataset\L15-1709E-1112N_6838_3742_13\s2\s2_L15-1709E-1112N_6838_3742_13_2019_10.tif,datasets\sen12_mt_urbanmapping\multimodal_cd_dataset\L15-1709E-1112N_6838_3742_13\buildings\buildings_L15-1709E-1112N_6838_3742_13_2019_10.tif
L15-1709E-1112N_6838_3742_13,2019,11,2019_11,True,True,True,False,False,False,True,True,True,datasets\sen12_mt_urbanmapping\multimodal_cd_dataset\L15-1709E-1112N_6838_3742_13\s1\s1_L15-1709E-1112N_6838_3742_13_2019_11.tif,datasets\sen12_mt_urbanmapping\multimodal_cd_dataset\L15-1709E-1112N_6838_3742_13\s2\s2_L15-1709E-1112N_6838_3742_13_2019_11.tif,datasets\sen12_mt_urbanmapping\multimodal_cd_dataset\L15-1709E-1112N_6838_3742_13\buildings\buildings_L15-1709E-1112N_6838_3742_13_2019_11.tif
L15-1709E-1112N_6838_3742_13,2019,12,2019_12,True,True,True,False,False,False,True,True,True,datasets\sen12_mt_urbanmapping\multimodal_cd_dataset\L15-1709E-1112N_6838_3742_13\s1\s1_L15-1709E-1112N_6838_3742_13_2019_12.tif,datasets\sen12_mt_urbanmapping\multimodal_cd_dataset\L15-1709E-1112N_6838_3742_13\s2\s2_L15-1709E-1112N_6838_3742_13_2019_12.tif,datasets\sen12_mt_urbanmapping\multimodal_cd_dataset\L15-1709E-1112N_6838_3742_13\buildings\buildings_L15-1709E-1112N_6838_3742_13_2019_12.tif
L15-1709E-1112N_6838_3742_13,2020,1,2020_01,True,True,True,False,False,False,True,True,True,datasets\sen12_mt_urbanmapping\multimodal_cd_dataset\L15-1709E-1112N_6838_3742_13\s1\s1_L15-1709E-1112N_6838_3742_13_2020_01.tif,datasets\sen12_mt_urbanmapping\multimodal_cd_dataset\L15-1709E-1112N_6838_3742_13\s2\s2_L15-1709E-1112N_6838_3742_13_2020_01.tif,datasets\sen12_mt_urbanmapping\multimodal_cd_dataset\L15-1709E-1112N_6838_3742_13\buildings\buildings_L15-1709E-1112N_6838_3742_13_2020_01.tif
L15-1716E-1211N_6864_3345_13,2018,1,2018_01,True,True,True,False,False,False,True,True,True,datasets\sen12_mt_urbanmapping\multimodal_cd_dataset\L15-1716E-1211N_6864_3345_13\s1\s1_L15-1716E-1211N_6864_3345_13_2018_01.tif,datasets\sen12_mt_urbanmapping\multimodal_cd_dataset\L15-1716E-1211N_6864_3345_13\s2\s2_L15-1716E-1211N_6864_3345_13_2018_01.tif,datasets\sen12_mt_urbanmapping\multimodal_cd_dataset\L15-1716E-1211N_6864_3345_13\buildings\buildings_L15-1716E-1211N_6864_3345_13_2018_01.tif
L15-1716E-1211N_6864_3345_13,2018,2,2018_02,True,True,True,False,False,False,True,True,True,datasets\sen12_mt_urbanmapping\multimodal_cd_dataset\L15-1716E-1211N_6864_3345_13\s1\s1_L15-1716E-1211N_6864_3345_13_2018_02.tif,datasets\sen12_mt_urbanmapping\multimodal_cd_dataset\L15-1716E-1211N_6864_3345_13\s2\s2_L15-1716E-1211N_6864_3345_13_2018_02.tif,datasets\sen12_mt_urbanmapping\multimodal_cd_dataset\L15-1716E-1211N_6864_3345_13\buildings\buildings_L15-1716E-1211N_6864_3345_13_2018_02.tif
L15-1716E-1211N_6864_3345_13,2018,3,2018_03,True,True,True,False,False,False,True,True,True,datasets\sen12_mt_urbanmapping\multimodal_cd_dataset\L15-1716E-1211N_6864_3345_13\s1\s1_L15-1716E-1211N_6864_3345_13_2018_03.tif,datasets\sen12_mt_urbanmapping\multimodal_cd_dataset\L15-1716E-1211N_6864_3345_13\s2\s2_L15-1716E-1211N_6864_3345_13_2018_03.tif,datasets\sen12_mt_urbanmapping\multimodal_cd_dataset\L15-1716E-1211N_6864_3345_13\buildings\buildings_L15-1716E-1211N_6864_3345_13_2018_03.tif
L15-1716E-1211N_6864_3345_13,2018,4,2018_04,True,True,True,False,False,False,True,True,True,datasets\sen12_mt_urbanmapping\multimodal_cd_dataset\L15-1716E-1211N_6864_3345_13\s1\s1_L15-1716E-1211N_6864_3345_13_2018_04.tif,datasets\sen12_mt_urbanmapping\multimodal_cd_dataset\L15-1716E-1211N_6864_3345_13\s2\s2_L15-1716E-1211N_6864_3345_13_2018_04.tif,datasets\sen12_mt_urbanmapping\multimodal_cd_dataset\L15-1716E-1211N_6864_3345_13\buildings\buildings_L15-1716E-1211N_6864_3345_13_2018_04.tif
L15-1716E-1211N_6864_3345_13,2018,5,2018_05,True,True,True,False,False,False,True,True,True,datasets\sen12_mt_urbanmapping\multimodal_cd_dataset\L15-1716E-1211N_6864_3345_13\s1\s1_L15-1716E-1211N_6864_3345_13_2018_05.tif,datasets\sen12_mt_urbanmapping\multimodal_cd_dataset\L15-1716E-1211N_6864_3345_13\s2\s2_L15-1716E-1211N_6864_3345_13_2018_05.tif,datasets\sen12_mt_urbanmapping\multimodal_cd_dataset\L15-1716E-1211N_6864_3345_13\buildings\buildings_L15-1716E-1211N_6864_3345_13_2018_05.tif
L15-1716E-1211N_6864_3345_13,2018,6,2018_06,True,True,True,False,False,False,True,True,True,datasets\sen12_mt_urbanmapping\multimodal_cd_dataset\L15-1716E-1211N_6864_3345_13\s1\s1_L15-1716E-1211N_6864_3345_13_2018_06.tif,datasets\sen12_mt_urbanmapping\multimodal_cd_dataset\L15-1716E-1211N_6864_3345_13\s2\s2_L15-1716E-1211N_6864_3345_13_2018_06.tif,datasets\sen12_mt_urbanmapping\multimodal_cd_dataset\L15-1716E-1211N_6864_3345_13\buildings\buildings_L15-1716E-1211N_6864_3345_13_2018_06.tif
L15-1716E-1211N_6864_3345_13,2018,7,2018_07,True,False,True,False,False,True,True,True,True,datasets\sen12_mt_urbanmapping\multimodal_cd_dataset\L15-1716E-1211N_6864_3345_13\s1\s1_L15-1716E-1211N_6864_3345_13_2018_07.tif,datasets\sen12_mt_urbanmapping\multimodal_cd_dataset\L15-1716E-1211N_6864_3345_13\s2\s2_L15-1716E-1211N_6864_3345_13_2018_07.tif,datasets\sen12_mt_urbanmapping\multimodal_cd_dataset\L15-1716E-1211N_6864_3345_13\buildings\buildings_L15-1716E-1211N_6864_3345_13_2018_07.tif
L15-1716E-1211N_6864_3345_13,2018,9,2018_09,True,False,True,False,False,True,True,True,True,datasets\sen12_mt_urbanmapping\multimodal_cd_dataset\L15-1716E-1211N_6864_3345_13\s1\s1_L15-1716E-1211N_6864_3345_13_2018_09.tif,datasets\sen12_mt_urbanmapping\multimodal_cd_dataset\L15-1716E-1211N_6864_3345_13\s2\s2_L15-1716E-1211N_6864_3345_13_2018_09.tif,datasets\sen12_mt_urbanmapping\multimodal_cd_dataset\L15-1716E-1211N_6864_3345_13\buildings\buildings_L15-1716E-1211N_6864_3345_13_2018_09.tif
L15-1716E-1211N_6864_3345_13,2018,10,2018_10,True,True,True,False,False,False,True,True,True,datasets\sen12_mt_urbanmapping\multimodal_cd_dataset\L15-1716E-1211N_6864_3345_13\s1\s1_L15-1716E-1211N_6864_3345_13_2018_10.tif,datasets\sen12_mt_urbanmapping\multimodal_cd_dataset\L15-1716E-1211N_6864_3345_13\s2\s2_L15-1716E-1211N_6864_3345_13_2018_10.tif,datasets\sen12_mt_urbanmapping\multimodal_cd_dataset\L15-1716E-1211N_6864_3345_13\buildings\buildings_L15-1716E-1211N_6864_3345_13_2018_10.tif
L15-1716E-1211N_6864_3345_13,2018,11,2018_11,True,False,True,False,False,True,True,True,True,datasets\sen12_mt_urbanmapping\multimodal_cd_dataset\L15-1716E-1211N_6864_3345_13\s1\s1_L15-1716E-1211N_6864_3345_13_2018_11.tif,datasets\sen12_mt_urbanmapping\multimodal_cd_dataset\L15-1716E-1211N_6864_3345_13\s2\s2_L15-1716E-1211N_6864_3345_13_2018_11.tif,datasets\sen12_mt_urbanmapping\multimodal_cd_dataset\L15-1716E-1211N_6864_3345_13\buildings\buildings_L15-1716E-1211N_6864_3345_13_2018_11.tif
L15-1716E-1211N_6864_3345_13,2018,12,2018_12,True,False,True,False,False,True,True,True,True,datasets\sen12_mt_urbanmapping\multimodal_cd_dataset\L15-1716E-1211N_6864_3345_13\s1\s1_L15-1716E-1211N_6864_3345_13_2018_12.tif,datasets\sen12_mt_urbanmapping\multimodal_cd_dataset\L15-1716E-1211N_6864_3345_13\s2\s2_L15-1716E-1211N_6864_3345_13_2018_12.tif,datasets\sen12_mt_urbanmapping\multimodal_cd_dataset\L15-1716E-1211N_6864_3345_13\buildings\buildings_L15-1716E-1211N_6864_3345_13_2018_12.tif
L15-1716E-1211N_6864_3345_13,2019,1,2019_01,True,True,True,False,False,False,True,True,True,datasets\sen12_mt_urbanmapping\multimodal_cd_dataset\L15-1716E-1211N_6864_3345_13\s1\s1_L15-1716E-1211N_6864_3345_13_2019_01.tif,datasets\sen12_mt_urbanmapping\multimodal_cd_dataset\L15-1716E-1211N_6864_3345_13\s2\s2_L15-1716E-1211N_6864_3345_13_2019_01.tif,datasets\sen12_mt_urbanmapping\multimodal_cd_dataset\L15-1716E-1211N_6864_3345_13\buildings\buildings_L15-1716E-1211N_6864_3345_13_2019_01.tif
L15-1716E-1211N_6864_3345_13,2019,2,2019_02,True,False,True,False,False,True,True,True,True,datasets\sen12_mt_urbanmapping\multimodal_cd_dataset\L15-1716E-1211N_6864_3345_13\s1\s1_L15-1716E-1211N_6864_3345_13_2019_02.tif,datasets\sen12_mt_urbanmapping\multimodal_cd_dataset\L15-1716E-1211N_6864_3345_13\s2\s2_L15-1716E-1211N_6864_3345_13_2019_02.tif,datasets\sen12_mt_urbanmapping\multimodal_cd_dataset\L15-1716E-1211N_6864_3345_13\buildings\buildings_L15-1716E-1211N_6864_3345_13_2019_02.tif
L15-1716E-1211N_6864_3345_13,2019,3,2019_03,True,True,True,False,False,False,True,True,True,datasets\sen12_mt_urbanmapping\multimodal_cd_dataset\L15-1716E-1211N_6864_3345_13\s1\s1_L15-1716E-1211N_6864_3345_13_2019_03.tif,datasets\sen12_mt_urbanmapping\multimodal_cd_dataset\L15-1716E-1211N_6864_3345_13\s2\s2_L15-1716E-1211N_6864_3345_13_2019_03.tif,datasets\sen12_mt_urbanmapping\multimodal_cd_dataset\L15-1716E-1211N_6864_3345_13\buildings\buildings_L15-1716E-1211N_6864_3345_13_2019_03.tif
L15-1716E-1211N_6864_3345_13,2019,4,2019_04,True,True,True,False,False,False,True,True,True,datasets\sen12_mt_urbanmapping\multimodal_cd_dataset\L15-1716E-1211N_6864_3345_13\s1\s1_L15-1716E-1211N_6864_3345_13_2019_04.tif,datasets\sen12_mt_urbanmapping\multimodal_cd_dataset\L15-1716E-1211N_6864_3345_13\s2\s2_L15-1716E-1211N_6864_3345_13_2019_04.tif,datasets\sen12_mt_urbanmapping\multimodal_cd_dataset\L15-1716E-1211N_6864_3345_13\buildings\buildings_L15-1716E-1211N_6864_3345_13_2019_04.tif
L15-1716E-1211N_6864_3345_13,2019,5,2019_05,True,True,True,False,False,False,True,True,True,datasets\sen12_mt_urbanmapping\multimodal_cd_dataset\L15-1716E-1211N_6864_3345_13\s1\s1_L15-1716E-1211N_6864_3345_13_2019_05.tif,datasets\sen12_mt_urbanmapping\multimodal_cd_dataset\L15-1716E-1211N_6864_3345_13\s2\s2_L15-1716E-1211N_6864_3345_13_2019_05.tif,datasets\sen12_mt_urbanmapping\multimodal_cd_dataset\L15-1716E-1211N_6864_3345_13\buildings\buildings_L15-1716E-1211N_6864_3345_13_2019_05.tif
L15-1716E-1211N_6864_3345_13,2019,6,2019_06,True,True,True,False,False,False,True,True,True,datasets\sen12_mt_urbanmapping\multimodal_cd_dataset\L15-1716E-1211N_6864_3345_13\s1\s1_L15-1716E-1211N_6864_3345_13_2019_06.tif,datasets\sen12_mt_urbanmapping\multimodal_cd_dataset\L15-1716E-1211N_6864_3345_13\s2\s2_L15-1716E-1211N_6864_3345_13_2019_06.tif,datasets\sen12_mt_urbanmapping\multimodal_cd_dataset\L15-1716E-1211N_6864_3345_13\buildings\buildings_L15-1716E-1211N_6864_3345_13_2019_06.tif
L15-1716E-1211N_6864_3345_13,2019,7,2019_07,True,True,True,False,False,False,True,True,True,datasets\sen12_mt_urbanmapping\multimodal_cd_dataset\L15-1716E-1211N_6864_3345_13\s1\s1_L15-1716E-1211N_6864_3345_13_2019_07.tif,datasets\sen12_mt_urbanmapping\multimodal_cd_dataset\L15-1716E-1211N_6864_3345_13\s2\s2_L15-1716E-1211N_6864_3345_13_2019_07.tif,datasets\sen12_mt_urbanmapping\multimodal_cd_dataset\L15-1716E-1211N_6864_3345_13\buildings\buildings_L15-1716E-1211N_6864_3345_13_2019_07.tif
L15-1716E-1211N_6864_3345_13,2019,8,2019_08,True,True,True,False,False,False,True,True,True,datasets\sen12_mt_urbanmapping\multimodal_cd_dataset\L15-1716E-1211N_6864_3345_13\s1\s1_L15-1716E-1211N_6864_3345_13_2019_08.tif,datasets\sen12_mt_urbanmapping\multimodal_cd_dataset\L15-1716E-1211N_6864_3345_13\s2\s2_L15-1716E-1211N_6864_3345_13_2019_08.tif,datasets\sen12_mt_urbanmapping\multimodal_cd_dataset\L15-1716E-1211N_6864_3345_13\buildings\buildings_L15-1716E-1211N_6864_3345_13_2019_08.tif
L15-1716E-1211N_6864_3345_13,2019,9,2019_09,True,True,True,False,False,False,True,True,True,datasets\sen12_mt_urbanmapping\multimodal_cd_dataset\L15-1716E-1211N_6864_3345_13\s1\s1_L15-1716E-1211N_6864_3345_13_2019_09.tif,datasets\sen12_mt_urbanmapping\multimodal_cd_dataset\L15-1716E-1211N_6864_3345_13\s2\s2_L15-1716E-1211N_6864_3345_13_2019_09.tif,datasets\sen12_mt_urbanmapping\multimodal_cd_dataset\L15-1716E-1211N_6864_3345_13\buildings\buildings_L15-1716E-1211N_6864_3345_13_2019_09.tif
L15-1716E-1211N_6864_3345_13,2019,10,2019_10,True,True,True,False,False,False,True,True,True,datasets\sen12_mt_urbanmapping\multimodal_cd_dataset\L15-1716E-1211N_6864_3345_13\s1\s1_L15-1716E-1211N_6864_3345_13_2019_10.tif,datasets\sen12_mt_urbanmapping\multimodal_cd_dataset\L15-1716E-1211N_6864_3345_13\s2\s2_L15-1716E-1211N_6864_3345_13_2019_10.tif,datasets\sen12_mt_urbanmapping\multimodal_cd_dataset\L15-1716E-1211N_6864_3345_13\buildings\buildings_L15-1716E-1211N_6864_3345_13_2019_10.tif
L15-1716E-1211N_6864_3345_13,2019,11,2019_11,True,True,True,False,False,False,True,True,True,datasets\sen12_mt_urbanmapping\multimodal_cd_dataset\L15-1716E-1211N_6864_3345_13\s1\s1_L15-1716E-1211N_6864_3345_13_2019_11.tif,datasets\sen12_mt_urbanmapping\multimodal_cd_dataset\L15-1716E-1211N_6864_3345_13\s2\s2_L15-1716E-1211N_6864_3345_13_2019_11.tif,datasets\sen12_mt_urbanmapping\multimodal_cd_dataset\L15-1716E-1211N_6864_3345_13\buildings\buildings_L15-1716E-1211N_6864_3345_13_2019_11.tif
L15-1716E-1211N_6864_3345_13,2019,12,2019_12,True,True,True,False,False,False,True,True,True,datasets\sen12_mt_urbanmapping\multimodal_cd_dataset\L15-1716E-1211N_6864_3345_13\s1\s1_L15-1716E-1211N_6864_3345_13_2019_12.tif,datasets\sen12_mt_urbanmapping\multimodal_cd_dataset\L15-1716E-1211N_6864_3345_13\s2\s2_L15-1716E-1211N_6864_3345_13_2019_12.tif,datasets\sen12_mt_urbanmapping\multimodal_cd_dataset\L15-1716E-1211N_6864_3345_13\buildings\buildings_L15-1716E-1211N_6864_3345_13_2019_12.tif
L15-1716E-1211N_6864_3345_13,2020,1,2020_01,True,True,True,False,False,False,True,True,True,datasets\sen12_mt_urbanmapping\multimodal_cd_dataset\L15-1716E-1211N_6864_3345_13\s1\s1_L15-1716E-1211N_6864_3345_13_2020_01.tif,datasets\sen12_mt_urbanmapping\multimodal_cd_dataset\L15-1716E-1211N_6864_3345_13\s2\s2_L15-1716E-1211N_6864_3345_13_2020_01.tif,datasets\sen12_mt_urbanmapping\multimodal_cd_dataset\L15-1716E-1211N_6864_3345_13\buildings\buildings_L15-1716E-1211N_6864_3345_13_2020_01.tif
L15-1748E-1247N_6993_3202_13,2018,1,2018_01,True,True,True,False,False,False,True,True,True,datasets\sen12_mt_urbanmapping\multimodal_cd_dataset\L15-1748E-1247N_6993_3202_13\s1\s1_L15-1748E-1247N_6993_3202_13_2018_01.tif,datasets\sen12_mt_urbanmapping\multimodal_cd_dataset\L15-1748E-1247N_6993_3202_13\s2\s2_L15-1748E-1247N_6993_3202_13_2018_01.tif,datasets\sen12_mt_urbanmapping\multimodal_cd_dataset\L15-1748E-1247N_6993_3202_13\buildings\buildings_L15-1748E-1247N_6993_3202_13_2018_01.tif
L15-1748E-1247N_6993_3202_13,2018,2,2018_02,True,True,True,False,False,False,True,True,True,datasets\sen12_mt_urbanmapping\multimodal_cd_dataset\L15-1748E-1247N_6993_3202_13\s1\s1_L15-1748E-1247N_6993_3202_13_2018_02.tif,datasets\sen12_mt_urbanmapping\multimodal_cd_dataset\L15-1748E-1247N_6993_3202_13\s2\s2_L15-1748E-1247N_6993_3202_13_2018_02.tif,datasets\sen12_mt_urbanmapping\multimodal_cd_dataset\L15-1748E-1247N_6993_3202_13\buildings\buildings_L15-1748E-1247N_6993_3202_13_2018_02.tif
L15-1748E-1247N_6993_3202_13,2018,3,2018_03,False,True,False,False,True,False,False,True,False,,datasets\sen12_mt_urbanmapping\multimodal_cd_dataset\L15-1748E-1247N_6993_3202_13\s2\s2_L15-1748E-1247N_6993_3202_13_2018_03.tif,
L15-1748E-1247N_6993_3202_13,2018,4,2018_04,False,True,False,False,True,False,False,True,False,,datasets\sen12_mt_urbanmapping\multimodal_cd_dataset\L15-1748E-1247N_6993_3202_13\s2\s2_L15-1748E-1247N_6993_3202_13_2018_04.tif,
L15-1748E-1247N_6993_3202_13,2018,5,2018_05,False,True,False,False,True,False,False,True,False,,datasets\sen12_mt_urbanmapping\multimodal_cd_dataset\L15-1748E-1247N_6993_3202_13\s2\s2_L15-1748E-1247N_6993_3202_13_2018_05.tif,
L15-1748E-1247N_6993_3202_13,2018,6,2018_06,True,True,True,False,False,False,True,True,True,datasets\sen12_mt_urbanmapping\multimodal_cd_dataset\L15-1748E-1247N_6993_3202_13\s1\s1_L15-1748E-1247N_6993_3202_13_2018_06.tif,datasets\sen12_mt_urbanmapping\multimodal_cd_dataset\L15-1748E-1247N_6993_3202_13\s2\s2_L15-1748E-1247N_6993_3202_13_2018_06.tif,datasets\sen12_mt_urbanmapping\multimodal_cd_dataset\L15-1748E-1247N_6993_3202_13\buildings\buildings_L15-1748E-1247N_6993_3202_13_2018_06.tif
L15-1748E-1247N_6993_3202_13,2018,7,2018_07,True,True,True,False,False,False,True,True,True,datasets\sen12_mt_urbanmapping\multimodal_cd_dataset\L15-1748E-1247N_6993_3202_13\s1\s1_L15-1748E-1247N_6993_3202_13_2018_07.tif,datasets\sen12_mt_urbanmapping\multimodal_cd_dataset\L15-1748E-1247N_6993_3202_13\s2\s2_L15-1748E-1247N_6993_3202_13_2018_07.tif,datasets\sen12_mt_urbanmapping\multimodal_cd_dataset\L15-1748E-1247N_6993_3202_13\buildings\buildings_L15-1748E-1247N_6993_3202_13_2018_07.tif
L15-1748E-1247N_6993_3202_13,2018,8,2018_08,True,True,True,False,False,False,True,True,True,datasets\sen12_mt_urbanmapping\multimodal_cd_dataset\L15-1748E-1247N_6993_3202_13\s1\s1_L15-1748E-1247N_6993_3202_13_2018_08.tif,datasets\sen12_mt_urbanmapping\multimodal_cd_dataset\L15-1748E-1247N_6993_3202_13\s2\s2_L15-1748E-1247N_6993_3202_13_2018_08.tif,datasets\sen12_mt_urbanmapping\multimodal_cd_dataset\L15-1748E-1247N_6993_3202_13\buildings\buildings_L15-1748E-1247N_6993_3202_13_2018_08.tif
L15-1748E-1247N_6993_3202_13,2018,9,2018_09,True,True,True,False,False,False,True,True,True,datasets\sen12_mt_urbanmapping\multimodal_cd_dataset\L15-1748E-1247N_6993_3202_13\s1\s1_L15-1748E-1247N_6993_3202_13_2018_09.tif,datasets\sen12_mt_urbanmapping\multimodal_cd_dataset\L15-1748E-1247N_6993_3202_13\s2\s2_L15-1748E-1247N_6993_3202_13_2018_09.tif,datasets\sen12_mt_urbanmapping\multimodal_cd_dataset\L15-1748E-1247N_6993_3202_13\buildings\buildings_L15-1748E-1247N_6993_3202_13_2018_09.tif
L15-1748E-1247N_6993_3202_13,2018,10,2018_10,True,True,True,False,False,False,True,True,True,datasets\sen12_mt_urbanmapping\multimodal_cd_dataset\L15-1748E-1247N_6993_3202_13\s1\s1_L15-1748E-1247N_6993_3202_13_2018_10.tif,datasets\sen12_mt_urbanmapping\multimodal_cd_dataset\L15-1748E-1247N_6993_3202_13\s2\s2_L15-1748E-1247N_6993_3202_13_2018_10.tif,datasets\sen12_mt_urbanmapping\multimodal_cd_dataset\L15-1748E-1247N_6993_3202_13\buildings\buildings_L15-1748E-1247N_6993_3202_13_2018_10.tif
L15-1748E-1247N_6993_3202_13,2018,11,2018_11,True,True,True,False,False,False,True,True,True,datasets\sen12_mt_urbanmapping\multimodal_cd_dataset\L15-1748E-1247N_6993_3202_13\s1\s1_L15-1748E-1247N_6993_3202_13_2018_11.tif,datasets\sen12_mt_urbanmapping\multimodal_cd_dataset\L15-1748E-1247N_6993_3202_13\s2\s2_L15-1748E-1247N_6993_3202_13_2018_11.tif,datasets\sen12_mt_urbanmapping\multimodal_cd_dataset\L15-1748E-1247N_6993_3202_13\buildings\buildings_L15-1748E-1247N_6993_3202_13_2018_11.tif
L15-1748E-1247N_6993_3202_13,2018,12,2018_12,True,True,True,False,False,False,True,True,True,datasets\sen12_mt_urbanmapping\multimodal_cd_dataset\L15-1748E-1247N_6993_3202_13\s1\s1_L15-1748E-1247N_6993_3202_13_2018_12.tif,datasets\sen12_mt_urbanmapping\multimodal_cd_dataset\L15-1748E-1247N_6993_3202_13\s2\s2_L15-1748E-1247N_6993_3202_13_2018_12.tif,datasets\sen12_mt_urbanmapping\multimodal_cd_dataset\L15-1748E-1247N_6993_3202_13\buildings\buildings_L15-1748E-1247N_6993_3202_13_2018_12.tif
L15-1748E-1247N_6993_3202_13,2019,1,2019_01,True,True,True,False,False,False,True,True,True,datasets\sen12_mt_urbanmapping\multimodal_cd_dataset\L15-1748E-1247N_6993_3202_13\s1\s1_L15-1748E-1247N_6993_3202_13_2019_01.tif,datasets\sen12_mt_urbanmapping\multimodal_cd_dataset\L15-1748E-1247N_6993_3202_13\s2\s2_L15-1748E-1247N_6993_3202_13_2019_01.tif,datasets\sen12_mt_urbanmapping\multimodal_cd_dataset\L15-1748E-1247N_6993_3202_13\buildings\buildings_L15-1748E-1247N_6993_3202_13_2019_01.tif
L15-1748E-1247N_6993_3202_13,2019,2,2019_02,True,True,True,False,False,False,True,True,True,datasets\sen12_mt_urbanmapping\multimodal_cd_dataset\L15-1748E-1247N_6993_3202_13\s1\s1_L15-1748E-1247N_6993_3202_13_2019_02.tif,datasets\sen12_mt_urbanmapping\multimodal_cd_dataset\L15-1748E-1247N_6993_3202_13\s2\s2_L15-1748E-1247N_6993_3202_13_2019_02.tif,datasets\sen12_mt_urbanmapping\multimodal_cd_dataset\L15-1748E-1247N_6993_3202_13\buildings\buildings_L15-1748E-1247N_6993_3202_13_2019_02.tif
L15-1748E-1247N_6993_3202_13,2019,3,2019_03,True,True,True,False,False,False,True,True,True,datasets\sen12_mt_urbanmapping\multimodal_cd_dataset\L15-1748E-1247N_6993_3202_13\s1\s1_L15-1748E-1247N_6993_3202_13_2019_03.tif,datasets\sen12_mt_urbanmapping\multimodal_cd_dataset\L15-1748E-1247N_6993_3202_13\s2\s2_L15-1748E-1247N_6993_3202_13_2019_03.tif,datasets\sen12_mt_urbanmapping\multimodal_cd_dataset\L15-1748E-1247N_6993_3202_13\buildings\buildings_L15-1748E-1247N_6993_3202_13_2019_03.tif
L15-1748E-1247N_6993_3202_13,2019,4,2019_04,True,True,True,False,False,False,True,True,True,datasets\sen12_mt_urbanmapping\multimodal_cd_dataset\L15-1748E-1247N_6993_3202_13\s1\s1_L15-1748E-1247N_6993_3202_13_2019_04.tif,datasets\sen12_mt_urbanmapping\multimodal_cd_dataset\L15-1748E-1247N_6993_3202_13\s2\s2_L15-1748E-1247N_6993_3202_13_2019_04.tif,datasets\sen12_mt_urbanmapping\multimodal_cd_dataset\L15-1748E-1247N_6993_3202_13\buildings\buildings_L15-1748E-1247N_6993_3202_13_2019_04.tif
L15-1748E-1247N_6993_3202_13,2019,5,2019_05,True,True,True,False,False,False,True,True,True,datasets\sen12_mt_urbanmapping\multimodal_cd_dataset\L15-1748E-1247N_6993_3202_13\s1\s1_L15-1748E-1247N_6993_3202_13_2019_05.tif,datasets\sen12_mt_urbanmapping\multimodal_cd_dataset\L15-1748E-1247N_6993_3202_13\s2\s2_L15-1748E-1247N_6993_3202_13_2019_05.tif,datasets\sen12_mt_urbanmapping\multimodal_cd_dataset\L15-1748E-1247N_6993_3202_13\buildings\buildings_L15-1748E-1247N_6993_3202_13_2019_05.tif
L15-1748E-1247N_6993_3202_13,2019,6,2019_06,True,False,True,False,False,True,True,True,True,datasets\sen12_mt_urbanmapping\multimodal_cd_dataset\L15-1748E-1247N_6993_3202_13\s1\s1_L15-1748E-1247N_6993_3202_13_2019_06.tif,datasets\sen12_mt_urbanmapping\multimodal_cd_dataset\L15-1748E-1247N_6993_3202_13\s2\s2_L15-1748E-1247N_6993_3202_13_2019_06.tif,datasets\sen12_mt_urbanmapping\multimodal_cd_dataset\L15-1748E-1247N_6993_3202_13\buildings\buildings_L15-1748E-1247N_6993_3202_13_2019_06.tif
L15-1748E-1247N_6993_3202_13,2019,7,2019_07,True,False,True,False,False,True,True,True,True,datasets\sen12_mt_urbanmapping\multimodal_cd_dataset\L15-1748E-1247N_6993_3202_13\s1\s1_L15-1748E-1247N_6993_3202_13_2019_07.tif,datasets\sen12_mt_urbanmapping\multimodal_cd_dataset\L15-1748E-1247N_6993_3202_13\s2\s2_L15-1748E-1247N_6993_3202_13_2019_07.tif,datasets\sen12_mt_urbanmapping\multimodal_cd_dataset\L15-1748E-1247N_6993_3202_13\buildings\buildings_L15-1748E-1247N_6993_3202_13_2019_07.tif
L15-1748E-1247N_6993_3202_13,2019,8,2019_08,True,False,True,True,False,True,True,True,True,datasets\sen12_mt_urbanmapping\multimodal_cd_dataset\L15-1748E-1247N_6993_3202_13\s1\s1_L15-1748E-1247N_6993_3202_13_2019_08.tif,datasets\sen12_mt_urbanmapping\multimodal_cd_dataset\L15-1748E-1247N_6993_3202_13\s2\s2_L15-1748E-1247N_6993_3202_13_2019_08.tif,datasets\sen12_mt_urbanmapping\multimodal_cd_dataset\L15-1748E-1247N_6993_3202_13\buildings\buildings_L15-1748E-1247N_6993_3202_13_2019_08.tif
L15-1748E-1247N_6993_3202_13,2019,9,2019_09,True,True,True,False,False,False,True,True,True,datasets\sen12_mt_urbanmapping\multimodal_cd_dataset\L15-1748E-1247N_6993_3202_13\s1\s1_L15-1748E-1247N_6993_3202_13_2019_09.tif,datasets\sen12_mt_urbanmapping\multimodal_cd_dataset\L15-1748E-1247N_6993_3202_13\s2\s2_L15-1748E-1247N_6993_3202_13_2019_09.tif,datasets\sen12_mt_urbanmapping\multimodal_cd_dataset\L15-1748E-1247N_6993_3202_13\buildings\buildings_L15-1748E-1247N_6993_3202_13_2019_09.tif
L15-1748E-1247N_6993_3202_13,2019,10,2019_10,True,True,True,False,False,False,True,True,True,datasets\sen12_mt_urbanmapping\multimodal_cd_dataset\L15-1748E-1247N_6993_3202_13\s1\s1_L15-1748E-1247N_6993_3202_13_2019_10.tif,datasets\sen12_mt_urbanmapping\multimodal_cd_dataset\L15-1748E-1247N_6993_3202_13\s2\s2_L15-1748E-1247N_6993_3202_13_2019_10.tif,datasets\sen12_mt_urbanmapping\multimodal_cd_dataset\L15-1748E-1247N_6993_3202_13\buildings\buildings_L15-1748E-1247N_6993_3202_13_2019_10.tif
L15-1748E-1247N_6993_3202_13,2019,11,2019_11,True,True,True,False,False,False,True,True,True,datasets\sen12_mt_urbanmapping\multimodal_cd_dataset\L15-1748E-1247N_6993_3202_13\s1\s1_L15-1748E-1247N_6993_3202_13_2019_11.tif,datasets\sen12_mt_urbanmapping\multimodal_cd_dataset\L15-1748E-1247N_6993_3202_13\s2\s2_L15-1748E-1247N_6993_3202_13_2019_11.tif,datasets\sen12_mt_urbanmapping\multimodal_cd_dataset\L15-1748E-1247N_6993_3202_13\buildings\buildings_L15-1748E-1247N_6993_3202_13_2019_11.tif
L15-1748E-1247N_6993_3202_13,2019,12,2019_12,True,True,True,False,False,False,True,True,True,datasets\sen12_mt_urbanmapping\multimodal_cd_dataset\L15-1748E-1247N_6993_3202_13\s1\s1_L15-1748E-1247N_6993_3202_13_2019_12.tif,datasets\sen12_mt_urbanmapping\multimodal_cd_dataset\L15-1748E-1247N_6993_3202_13\s2\s2_L15-1748E-1247N_6993_3202_13_2019_12.tif,datasets\sen12_mt_urbanmapping\multimodal_cd_dataset\L15-1748E-1247N_6993_3202_13\buildings\buildings_L15-1748E-1247N_6993_3202_13_2019_12.tif
L15-1748E-1247N_6993_3202_13,2020,1,2020_01,True,True,True,False,False,False,True,True,True,datasets\sen12_mt_urbanmapping\multimodal_cd_dataset\L15-1748E-1247N_6993_3202_13\s1\s1_L15-1748E-1247N_6993_3202_13_2020_01.tif,datasets\sen12_mt_urbanmapping\multimodal_cd_dataset\L15-1748E-1247N_6993_3202_13\s2\s2_L15-1748E-1247N_6993_3202_13_2020_01.tif,datasets\sen12_mt_urbanmapping\multimodal_cd_dataset\L15-1748E-1247N_6993_3202_13\buildings\buildings_L15-1748E-1247N_6993_3202_13_2020_01.tif
L15-1848E-0793N_7394_5018_13,2018,1,2018_01,True,True,True,False,False,False,True,True,True,datasets\sen12_mt_urbanmapping\multimodal_cd_dataset\L15-1848E-0793N_7394_5018_13\s1\s1_L15-1848E-0793N_7394_5018_13_2018_01.tif,datasets\sen12_mt_urbanmapping\multimodal_cd_dataset\L15-1848E-0793N_7394_5018_13\s2\s2_L15-1848E-0793N_7394_5018_13_2018_01.tif,datasets\sen12_mt_urbanmapping\multimodal_cd_dataset\L15-1848E-0793N_7394_5018_13\buildings\buildings_L15-1848E-0793N_7394_5018_13_2018_01.tif
L15-1848E-0793N_7394_5018_13,2018,2,2018_02,True,True,True,False,False,False,True,True,True,datasets\sen12_mt_urbanmapping\multimodal_cd_dataset\L15-1848E-0793N_7394_5018_13\s1\s1_L15-1848E-0793N_7394_5018_13_2018_02.tif,datasets\sen12_mt_urbanmapping\multimodal_cd_dataset\L15-1848E-0793N_7394_5018_13\s2\s2_L15-1848E-0793N_7394_5018_13_2018_02.tif,datasets\sen12_mt_urbanmapping\multimodal_cd_dataset\L15-1848E-0793N_7394_5018_13\buildings\buildings_L15-1848E-0793N_7394_5018_13_2018_02.tif
L15-1848E-0793N_7394_5018_13,2018,3,2018_03,True,True,True,True,False,False,True,True,True,datasets\sen12_mt_urbanmapping\multimodal_cd_dataset\L15-1848E-0793N_7394_5018_13\s1\s1_L15-1848E-0793N_7394_5018_13_2018_03.tif,datasets\sen12_mt_urbanmapping\multimodal_cd_dataset\L15-1848E-0793N_7394_5018_13\s2\s2_L15-1848E-0793N_7394_5018_13_2018_03.tif,datasets\sen12_mt_urbanmapping\multimodal_cd_dataset\L15-1848E-0793N_7394_5018_13\buildings\buildings_L15-1848E-0793N_7394_5018_13_2018_03.tif
L15-1848E-0793N_7394_5018_13,2018,4,2018_04,True,True,True,True,False,False,True,True,True,datasets\sen12_mt_urbanmapping\multimodal_cd_dataset\L15-1848E-0793N_7394_5018_13\s1\s1_L15-1848E-0793N_7394_5018_13_2018_04.tif,datasets\sen12_mt_urbanmapping\multimodal_cd_dataset\L15-1848E-0793N_7394_5018_13\s2\s2_L15-1848E-0793N_7394_5018_13_2018_04.tif,datasets\sen12_mt_urbanmapping\multimodal_cd_dataset\L15-1848E-0793N_7394_5018_13\buildings\buildings_L15-1848E-0793N_7394_5018_13_2018_04.tif
L15-1848E-0793N_7394_5018_13,2018,5,2018_05,True,True,True,True,False,False,True,True,True,datasets\sen12_mt_urbanmapping\multimodal_cd_dataset\L15-1848E-0793N_7394_5018_13\s1\s1_L15-1848E-0793N_7394_5018_13_2018_05.tif,datasets\sen12_mt_urbanmapping\multimodal_cd_dataset\L15-1848E-0793N_7394_5018_13\s2\s2_L15-1848E-0793N_7394_5018_13_2018_05.tif,datasets\sen12_mt_urbanmapping\multimodal_cd_dataset\L15-1848E-0793N_7394_5018_13\buildings\buildings_L15-1848E-0793N_7394_5018_13_2018_05.tif
L15-1848E-0793N_7394_5018_13,2018,6,2018_06,True,True,True,True,False,False,True,True,True,datasets\sen12_mt_urbanmapping\multimodal_cd_dataset\L15-1848E-0793N_7394_5018_13\s1\s1_L15-1848E-0793N_7394_5018_13_2018_06.tif,datasets\sen12_mt_urbanmapping\multimodal_cd_dataset\L15-1848E-0793N_7394_5018_13\s2\s2_L15-1848E-0793N_7394_5018_13_2018_06.tif,datasets\sen12_mt_urbanmapping\multimodal_cd_dataset\L15-1848E-0793N_7394_5018_13\buildings\buildings_L15-1848E-0793N_7394_5018_13_2018_06.tif
L15-1848E-0793N_7394_5018_13,2018,7,2018_07,True,True,True,True,False,False,True,True,True,datasets\sen12_mt_urbanmapping\multimodal_cd_dataset\L15-1848E-0793N_7394_5018_13\s1\s1_L15-1848E-0793N_7394_5018_13_2018_07.tif,datasets\sen12_mt_urbanmapping\multimodal_cd_dataset\L15-1848E-0793N_7394_5018_13\s2\s2_L15-1848E-0793N_7394_5018_13_2018_07.tif,datasets\sen12_mt_urbanmapping\multimodal_cd_dataset\L15-1848E-0793N_7394_5018_13\buildings\buildings_L15-1848E-0793N_7394_5018_13_2018_07.tif
L15-1848E-0793N_7394_5018_13,2018,8,2018_08,True,True,True,True,False,False,True,True,True,datasets\sen12_mt_urbanmapping\multimodal_cd_dataset\L15-1848E-0793N_7394_5018_13\s1\s1_L15-1848E-0793N_7394_5018_13_2018_08.tif,datasets\sen12_mt_urbanmapping\multimodal_cd_dataset\L15-1848E-0793N_7394_5018_13\s2\s2_L15-1848E-0793N_7394_5018_13_2018_08.tif,datasets\sen12_mt_urbanmapping\multimodal_cd_dataset\L15-1848E-0793N_7394_5018_13\buildings\buildings_L15-1848E-0793N_7394_5018_13_2018_08.tif
L15-1848E-0793N_7394_5018_13,2018,9,2018_09,True,True,True,True,False,False,True,True,True,datasets\sen12_mt_urbanmapping\multimodal_cd_dataset\L15-1848E-0793N_7394_5018_13\s1\s1_L15-1848E-0793N_7394_5018_13_2018_09.tif,datasets\sen12_mt_urbanmapping\multimodal_cd_dataset\L15-1848E-0793N_7394_5018_13\s2\s2_L15-1848E-0793N_7394_5018_13_2018_09.tif,datasets\sen12_mt_urbanmapping\multimodal_cd_dataset\L15-1848E-0793N_7394_5018_13\buildings\buildings_L15-1848E-0793N_7394_5018_13_2018_09.tif
L15-1848E-0793N_7394_5018_13,2018,10,2018_10,True,True,True,False,False,False,True,True,True,datasets\sen12_mt_urbanmapping\multimodal_cd_dataset\L15-1848E-0793N_7394_5018_13\s1\s1_L15-1848E-0793N_7394_5018_13_2018_10.tif,datasets\sen12_mt_urbanmapping\multimodal_cd_dataset\L15-1848E-0793N_7394_5018_13\s2\s2_L15-1848E-0793N_7394_5018_13_2018_10.tif,datasets\sen12_mt_urbanmapping\multimodal_cd_dataset\L15-1848E-0793N_7394_5018_13\buildings\buildings_L15-1848E-0793N_7394_5018_13_2018_10.tif
L15-1848E-0793N_7394_5018_13,2018,11,2018_11,True,True,True,False,False,False,True,True,True,datasets\sen12_mt_urbanmapping\multimodal_cd_dataset\L15-1848E-0793N_7394_5018_13\s1\s1_L15-1848E-0793N_7394_5018_13_2018_11.tif,datasets\sen12_mt_urbanmapping\multimodal_cd_dataset\L15-1848E-0793N_7394_5018_13\s2\s2_L15-1848E-0793N_7394_5018_13_2018_11.tif,datasets\sen12_mt_urbanmapping\multimodal_cd_dataset\L15-1848E-0793N_7394_5018_13\buildings\buildings_L15-1848E-0793N_7394_5018_13_2018_11.tif
L15-1848E-0793N_7394_5018_13,2018,12,2018_12,True,True,True,True,False,False,True,True,True,datasets\sen12_mt_urbanmapping\multimodal_cd_dataset\L15-1848E-0793N_7394_5018_13\s1\s1_L15-1848E-0793N_7394_5018_13_2018_12.tif,datasets\sen12_mt_urbanmapping\multimodal_cd_dataset\L15-1848E-0793N_7394_5018_13\s2\s2_L15-1848E-0793N_7394_5018_13_2018_12.tif,datasets\sen12_mt_urbanmapping\multimodal_cd_dataset\L15-1848E-0793N_7394_5018_13\buildings\buildings_L15-1848E-0793N_7394_5018_13_2018_12.tif
L15-1848E-0793N_7394_5018_13,2019,1,2019_01,True,True,True,False,False,False,True,True,True,datasets\sen12_mt_urbanmapping\multimodal_cd_dataset\L15-1848E-0793N_7394_5018_13\s1\s1_L15-1848E-0793N_7394_5018_13_2019_01.tif,datasets\sen12_mt_urbanmapping\multimodal_cd_dataset\L15-1848E-0793N_7394_5018_13\s2\s2_L15-1848E-0793N_7394_5018_13_2019_01.tif,datasets\sen12_mt_urbanmapping\multimodal_cd_dataset\L15-1848E-0793N_7394_5018_13\buildings\buildings_L15-1848E-0793N_7394_5018_13_2019_01.tif
L15-1848E-0793N_7394_5018_13,2019,2,2019_02,True,True,True,False,False,False,True,True,True,datasets\sen12_mt_urbanmapping\multimodal_cd_dataset\L15-1848E-0793N_7394_5018_13\s1\s1_L15-1848E-0793N_7394_5018_13_2019_02.tif,datasets\sen12_mt_urbanmapping\multimodal_cd_dataset\L15-1848E-0793N_7394_5018_13\s2\s2_L15-1848E-0793N_7394_5018_13_2019_02.tif,datasets\sen12_mt_urbanmapping\multimodal_cd_dataset\L15-1848E-0793N_7394_5018_13\buildings\buildings_L15-1848E-0793N_7394_5018_13_2019_02.tif
L15-1848E-0793N_7394_5018_13,2019,3,2019_03,True,True,True,False,False,False,True,True,True,datasets\sen12_mt_urbanmapping\multimodal_cd_dataset\L15-1848E-0793N_7394_5018_13\s1\s1_L15-1848E-0793N_7394_5018_13_2019_03.tif,datasets\sen12_mt_urbanmapping\multimodal_cd_dataset\L15-1848E-0793N_7394_5018_13\s2\s2_L15-1848E-0793N_7394_5018_13_2019_03.tif,datasets\sen12_mt_urbanmapping\multimodal_cd_dataset\L15-1848E-0793N_7394_5018_13\buildings\buildings_L15-1848E-0793N_7394_5018_13_2019_03.tif
L15-1848E-0793N_7394_5018_13,2019,4,2019_04,True,True,True,True,False,False,True,True,True,datasets\sen12_mt_urbanmapping\multimodal_cd_dataset\L15-1848E-0793N_7394_5018_13\s1\s1_L15-1848E-0793N_7394_5018_13_2019_04.tif,datasets\sen12_mt_urbanmapping\multimodal_cd_dataset\L15-1848E-0793N_7394_5018_13\s2\s2_L15-1848E-0793N_7394_5018_13_2019_04.tif,datasets\sen12_mt_urbanmapping\multimodal_cd_dataset\L15-1848E-0793N_7394_5018_13\buildings\buildings_L15-1848E-0793N_7394_5018_13_2019_04.tif
L15-1848E-0793N_7394_5018_13,2019,5,2019_05,True,True,True,True,False,False,True,True,True,datasets\sen12_mt_urbanmapping\multimodal_cd_dataset\L15-1848E-0793N_7394_5018_13\s1\s1_L15-1848E-0793N_7394_5018_13_2019_05.tif,datasets\sen12_mt_urbanmapping\multimodal_cd_dataset\L15-1848E-0793N_7394_5018_13\s2\s2_L15-1848E-0793N_7394_5018_13_2019_05.tif,datasets\sen12_mt_urbanmapping\multimodal_cd_dataset\L15-1848E-0793N_7394_5018_13\buildings\buildings_L15-1848E-0793N_7394_5018_13_2019_05.tif
L15-1848E-0793N_7394_5018_13,2019,6,2019_06,True,True,True,True,False,False,True,True,True,datasets\sen12_mt_urbanmapping\multimodal_cd_dataset\L15-1848E-0793N_7394_5018_13\s1\s1_L15-1848E-0793N_7394_5018_13_2019_06.tif,datasets\sen12_mt_urbanmapping\multimodal_cd_dataset\L15-1848E-0793N_7394_5018_13\s2\s2_L15-1848E-0793N_7394_5018_13_2019_06.tif,datasets\sen12_mt_urbanmapping\multimodal_cd_dataset\L15-1848E-0793N_7394_5018_13\buildings\buildings_L15-1848E-0793N_7394_5018_13_2019_06.tif
L15-1848E-0793N_7394_5018_13,2019,7,2019_07,True,True,True,True,False,False,True,True,True,datasets\sen12_mt_urbanmapping\multimodal_cd_dataset\L15-1848E-0793N_7394_5018_13\s1\s1_L15-1848E-0793N_7394_5018_13_2019_07.tif,datasets\sen12_mt_urbanmapping\multimodal_cd_dataset\L15-1848E-0793N_7394_5018_13\s2\s2_L15-1848E-0793N_7394_5018_13_2019_07.tif,datasets\sen12_mt_urbanmapping\multimodal_cd_dataset\L15-1848E-0793N_7394_5018_13\buildings\buildings_L15-1848E-0793N_7394_5018_13_2019_07.tif
L15-1848E-0793N_7394_5018_13,2019,8,2019_08,True,True,True,True,False,False,True,True,True,datasets\sen12_mt_urbanmapping\multimodal_cd_dataset\L15-1848E-0793N_7394_5018_13\s1\s1_L15-1848E-0793N_7394_5018_13_2019_08.tif,datasets\sen12_mt_urbanmapping\multimodal_cd_dataset\L15-1848E-0793N_7394_5018_13\s2\s2_L15-1848E-0793N_7394_5018_13_2019_08.tif,datasets\sen12_mt_urbanmapping\multimodal_cd_dataset\L15-1848E-0793N_7394_5018_13\buildings\buildings_L15-1848E-0793N_7394_5018_13_2019_08.tif
L15-1848E-0793N_7394_5018_13,2019,9,2019_09,True,True,True,True,False,False,True,True,True,datasets\sen12_mt_urbanmapping\multimodal_cd_dataset\L15-1848E-0793N_7394_5018_13\s1\s1_L15-1848E-0793N_7394_5018_13_2019_09.tif,datasets\sen12_mt_urbanmapping\multimodal_cd_dataset\L15-1848E-0793N_7394_5018_13\s2\s2_L15-1848E-0793N_7394_5018_13_2019_09.tif,datasets\sen12_mt_urbanmapping\multimodal_cd_dataset\L15-1848E-0793N_7394_5018_13\buildings\buildings_L15-1848E-0793N_7394_5018_13_2019_09.tif
L15-1848E-0793N_7394_5018_13,2019,10,2019_10,True,True,True,True,False,False,True,True,True,datasets\sen12_mt_urbanmapping\multimodal_cd_dataset\L15-1848E-0793N_7394_5018_13\s1\s1_L15-1848E-0793N_7394_5018_13_2019_10.tif,datasets\sen12_mt_urbanmapping\multimodal_cd_dataset\L15-1848E-0793N_7394_5018_13\s2\s2_L15-1848E-0793N_7394_5018_13_2019_10.tif,datasets\sen12_mt_urbanmapping\multimodal_cd_dataset\L15-1848E-0793N_7394_5018_13\buildings\buildings_L15-1848E-0793N_7394_5018_13_2019_10.tif
L15-1848E-0793N_7394_5018_13,2019,11,2019_11,True,True,True,True,False,False,True,True,True,datasets\sen12_mt_urbanmapping\multimodal_cd_dataset\L15-1848E-0793N_7394_5018_13\s1\s1_L15-1848E-0793N_7394_5018_13_2019_11.tif,datasets\sen12_mt_urbanmapping\multimodal_cd_dataset\L15-1848E-0793N_7394_5018_13\s2\s2_L15-1848E-0793N_7394_5018_13_2019_11.tif,datasets\sen12_mt_urbanmapping\multimodal_cd_dataset\L15-1848E-0793N_7394_5018_13\buildings\buildings_L15-1848E-0793N_7394_5018_13_2019_11.tif
L15-1848E-0793N_7394_5018_13,2019,12,2019_12,True,True,True,False,False,False,True,True,True,datasets\sen12_mt_urbanmapping\multimodal_cd_dataset\L15-1848E-0793N_7394_5018_13\s1\s1_L15-1848E-0793N_7394_5018_13_2019_12.tif,datasets\sen12_mt_urbanmapping\multimodal_cd_dataset\L15-1848E-0793N_7394_5018_13\s2\s2_L15-1848E-0793N_7394_5018_13_2019_12.tif,datasets\sen12_mt_urbanmapping\multimodal_cd_dataset\L15-1848E-0793N_7394_5018_13\buildings\buildings_L15-1848E-0793N_7394_5018_13_2019_12.tif
L15-1848E-0793N_7394_5018_13,2020,1,2020_01,True,True,True,False,False,False,True,True,True,datasets\sen12_mt_urbanmapping\multimodal_cd_dataset\L15-1848E-0793N_7394_5018_13\s1\s1_L15-1848E-0793N_7394_5018_13_2020_01.tif,datasets\sen12_mt_urbanmapping\multimodal_cd_dataset\L15-1848E-0793N_7394_5018_13\s2\s2_L15-1848E-0793N_7394_5018_13_2020_01.tif,datasets\sen12_mt_urbanmapping\multimodal_cd_dataset\L15-1848E-0793N_7394_5018_13\buildings\buildings_L15-1848E-0793N_7394_5018_13_2020_01.tif
L15-0369E-1244N_1479_3214_13,2018,2,2018_02,True,True,False,False,False,False,True,True,False,datasets\sen12_mt_urbanmapping\multimodal_cd_dataset\L15-0369E-1244N_1479_3214_13\s1\s1_L15-0369E-1244N_1479_3214_13_2018_02.tif,datasets\sen12_mt_urbanmapping\multimodal_cd_dataset\L15-0369E-1244N_1479_3214_13\s2\s2_L15-0369E-1244N_1479_3214_13_2018_02.tif,
L15-0369E-1244N_1479_3214_13,2018,3,2018_03,True,True,False,False,False,False,True,True,False,datasets\sen12_mt_urbanmapping\multimodal_cd_dataset\L15-0369E-1244N_1479_3214_13\s1\s1_L15-0369E-1244N_1479_3214_13_2018_03.tif,datasets\sen12_mt_urbanmapping\multimodal_cd_dataset\L15-0369E-1244N_1479_3214_13\s2\s2_L15-0369E-1244N_1479_3214_13_2018_03.tif,
L15-0369E-1244N_1479_3214_13,2018,4,2018_04,True,True,False,False,False,False,True,True,False,datasets\sen12_mt_urbanmapping\multimodal_cd_dataset\L15-0369E-1244N_1479_3214_13\s1\s1_L15-0369E-1244N_1479_3214_13_2018_04.tif,datasets\sen12_mt_urbanmapping\multimodal_cd_dataset\L15-0369E-1244N_1479_3214_13\s2\s2_L15-0369E-1244N_1479_3214_13_2018_04.tif,
L15-0369E-1244N_1479_3214_13,2018,5,2018_05,True,True,False,False,False,False,True,True,False,datasets\sen12_mt_urbanmapping\multimodal_cd_dataset\L15-0369E-1244N_1479_3214_13\s1\s1_L15-0369E-1244N_1479_3214_13_2018_05.tif,datasets\sen12_mt_urbanmapping\multimodal_cd_dataset\L15-0369E-1244N_1479_3214_13\s2\s2_L15-0369E-1244N_1479_3214_13_2018_05.tif,
L15-0369E-1244N_1479_3214_13,2018,6,2018_06,True,True,False,False,False,False,True,True,False,datasets\sen12_mt_urbanmapping\multimodal_cd_dataset\L15-0369E-1244N_1479_3214_13\s1\s1_L15-0369E-1244N_1479_3214_13_2018_06.tif,datasets\sen12_mt_urbanmapping\multimodal_cd_dataset\L15-0369E-1244N_1479_3214_13\s2\s2_L15-0369E-1244N_1479_3214_13_2018_06.tif,
L15-0369E-1244N_1479_3214_13,2018,7,2018_07,True,True,False,False,False,False,True,True,False,datasets\sen12_mt_urbanmapping\multimodal_cd_dataset\L15-0369E-1244N_1479_3214_13\s1\s1_L15-0369E-1244N_1479_3214_13_2018_07.tif,datasets\sen12_mt_urbanmapping\multimodal_cd_dataset\L15-0369E-1244N_1479_3214_13\s2\s2_L15-0369E-1244N_1479_3214_13_2018_07.tif,
L15-0369E-1244N_1479_3214_13,2018,8,2018_08,True,True,False,False,False,False,True,True,False,datasets\sen12_mt_urbanmapping\multimodal_cd_dataset\L15-0369E-1244N_1479_3214_13\s1\s1_L15-0369E-1244N_1479_3214_13_2018_08.tif,datasets\sen12_mt_urbanmapping\multimodal_cd_dataset\L15-0369E-1244N_1479_3214_13\s2\s2_L15-0369E-1244N_1479_3214_13_2018_08.tif,
L15-0369E-1244N_1479_3214_13,2018,9,2018_09,True,True,False,False,False,False,True,True,False,datasets\sen12_mt_urbanmapping\multimodal_cd_dataset\L15-0369E-1244N_1479_3214_13\s1\s1_L15-0369E-1244N_1479_3214_13_2018_09.tif,datasets\sen12_mt_urbanmapping\multimodal_cd_dataset\L15-0369E-1244N_1479_3214_13\s2\s2_L15-0369E-1244N_1479_3214_13_2018_09.tif,
L15-0369E-1244N_1479_3214_13,2018,10,2018_10,True,True,False,False,False,False,True,True,False,datasets\sen12_mt_urbanmapping\multimodal_cd_dataset\L15-0369E-1244N_1479_3214_13\s1\s1_L15-0369E-1244N_1479_3214_13_2018_10.tif,datasets\sen12_mt_urbanmapping\multimodal_cd_dataset\L15-0369E-1244N_1479_3214_13\s2\s2_L15-0369E-1244N_1479_3214_13_2018_10.tif,
L15-0369E-1244N_1479_3214_13,2018,11,2018_11,True,True,False,False,False,False,True,True,False,datasets\sen12_mt_urbanmapping\multimodal_cd_dataset\L15-0369E-1244N_1479_3214_13\s1\s1_L15-0369E-1244N_1479_3214_13_2018_11.tif,datasets\sen12_mt_urbanmapping\multimodal_cd_dataset\L15-0369E-1244N_1479_3214_13\s2\s2_L15-0369E-1244N_1479_3214_13_2018_11.tif,
L15-0369E-1244N_1479_3214_13,2018,12,2018_12,True,True,False,False,False,False,True,True,False,datasets\sen12_mt_urbanmapping\multimodal_cd_dataset\L15-0369E-1244N_1479_3214_13\s1\s1_L15-0369E-1244N_1479_3214_13_2018_12.tif,datasets\sen12_mt_urbanmapping\multimodal_cd_dataset\L15-0369E-1244N_1479_3214_13\s2\s2_L15-0369E-1244N_1479_3214_13_2018_12.tif,
L15-0369E-1244N_1479_3214_13,2019,1,2019_01,True,True,False,False,False,False,True,True,False,datasets\sen12_mt_urbanmapping\multimodal_cd_dataset\L15-0369E-1244N_1479_3214_13\s1\s1_L15-0369E-1244N_1479_3214_13_2019_01.tif,datasets\sen12_mt_urbanmapping\multimodal_cd_dataset\L15-0369E-1244N_1479_3214_13\s2\s2_L15-0369E-1244N_1479_3214_13_2019_01.tif,
L15-0369E-1244N_1479_3214_13,2019,2,2019_02,True,True,False,False,False,False,True,True,False,datasets\sen12_mt_urbanmapping\multimodal_cd_dataset\L15-0369E-1244N_1479_3214_13\s1\s1_L15-0369E-1244N_1479_3214_13_2019_02.tif,datasets\sen12_mt_urbanmapping\multimodal_cd_dataset\L15-0369E-1244N_1479_3214_13\s2\s2_L15-0369E-1244N_1479_3214_13_2019_02.tif,
L15-0369E-1244N_1479_3214_13,2019,3,2019_03,True,True,False,False,False,False,True,True,False,datasets\sen12_mt_urbanmapping\multimodal_cd_dataset\L15-0369E-1244N_1479_3214_13\s1\s1_L15-0369E-1244N_1479_3214_13_2019_03.tif,datasets\sen12_mt_urbanmapping\multimodal_cd_dataset\L15-0369E-1244N_1479_3214_13\s2\s2_L15-0369E-1244N_1479_3214_13_2019_03.tif,
L15-0369E-1244N_1479_3214_13,2019,4,2019_04,True,True,False,False,False,False,True,True,False,datasets\sen12_mt_urbanmapping\multimodal_cd_dataset\L15-0369E-1244N_1479_3214_13\s1\s1_L15-0369E-1244N_1479_3214_13_2019_04.tif,datasets\sen12_mt_urbanmapping\multimodal_cd_dataset\L15-0369E-1244N_1479_3214_13\s2\s2_L15-0369E-1244N_1479_3214_13_2019_04.tif,
L15-0369E-1244N_1479_3214_13,2019,5,2019_05,True,True,False,False,False,False,True,True,False,datasets\sen12_mt_urbanmapping\multimodal_cd_dataset\L15-0369E-1244N_1479_3214_13\s1\s1_L15-0369E-1244N_1479_3214_13_2019_05.tif,datasets\sen12_mt_urbanmapping\multimodal_cd_dataset\L15-0369E-1244N_1479_3214_13\s2\s2_L15-0369E-1244N_1479_3214_13_2019_05.tif,
L15-0369E-1244N_1479_3214_13,2019,6,2019_06,True,True,False,False,False,False,True,True,False,datasets\sen12_mt_urbanmapping\multimodal_cd_dataset\L15-0369E-1244N_1479_3214_13\s1\s1_L15-0369E-1244N_1479_3214_13_2019_06.tif,datasets\sen12_mt_urbanmapping\multimodal_cd_dataset\L15-0369E-1244N_1479_3214_13\s2\s2_L15-0369E-1244N_1479_3214_13_2019_06.tif,
L15-0369E-1244N_1479_3214_13,2019,7,2019_07,True,True,False,False,False,False,True,True,False,datasets\sen12_mt_urbanmapping\multimodal_cd_dataset\L15-0369E-1244N_1479_3214_13\s1\s1_L15-0369E-1244N_1479_3214_13_2019_07.tif,datasets\sen12_mt_urbanmapping\multimodal_cd_dataset\L15-0369E-1244N_1479_3214_13\s2\s2_L15-0369E-1244N_1479_3214_13_2019_07.tif,
L15-0369E-1244N_1479_3214_13,2019,8,2019_08,True,True,False,False,False,False,True,True,False,datasets\sen12_mt_urbanmapping\multimodal_cd_dataset\L15-0369E-1244N_1479_3214_13\s1\s1_L15-0369E-1244N_1479_3214_13_2019_08.tif,datasets\sen12_mt_urbanmapping\multimodal_cd_dataset\L15-0369E-1244N_1479_3214_13\s2\s2_L15-0369E-1244N_1479_3214_13_2019_08.tif,
L15-0369E-1244N_1479_3214_13,2019,9,2019_09,True,True,False,False,False,False,True,True,False,datasets\sen12_mt_urbanmapping\multimodal_cd_dataset\L15-0369E-1244N_1479_3214_13\s1\s1_L15-0369E-1244N_1479_3214_13_2019_09.tif,datasets\sen12_mt_urbanmapping\multimodal_cd_dataset\L15-0369E-1244N_1479_3214_13\s2\s2_L15-0369E-1244N_1479_3214_13_2019_09.tif,
L15-0369E-1244N_1479_3214_13,2019,10,2019_10,True,True,False,False,False,False,True,True,False,datasets\sen12_mt_urbanmapping\multimodal_cd_dataset\L15-0369E-1244N_1479_3214_13\s1\s1_L15-0369E-1244N_1479_3214_13_2019_10.tif,datasets\sen12_mt_urbanmapping\multimodal_cd_dataset\L15-0369E-1244N_1479_3214_13\s2\s2_L15-0369E-1244N_1479_3214_13_2019_10.tif,
L15-0369E-1244N_1479_3214_13,2019,11,2019_11,True,True,False,False,False,False,True,True,False,datasets\sen12_mt_urbanmapping\multimodal_cd_dataset\L15-0369E-1244N_1479_3214_13\s1\s1_L15-0369E-1244N_1479_3214_13_2019_11.tif,datasets\sen12_mt_urbanmapping\multimodal_cd_dataset\L15-0369E-1244N_1479_3214_13\s2\s2_L15-0369E-1244N_1479_3214_13_2019_11.tif,
L15-0369E-1244N_1479_3214_13,2019,12,2019_12,True,True,False,False,False,False,True,True,False,datasets\sen12_mt_urbanmapping\multimodal_cd_dataset\L15-0369E-1244N_1479_3214_13\s1\s1_L15-0369E-1244N_1479_3214_13_2019_12.tif,datasets\sen12_mt_urbanmapping\multimodal_cd_dataset\L15-0369E-1244N_1479_3214_13\s2\s2_L15-0369E-1244N_1479_3214_13_2019_12.tif,
L15-0369E-1244N_1479_3214_13,2020,1,2020_01,True,True,False,False,False,False,True,True,False,datasets\sen12_mt_urbanmapping\multimodal_cd_dataset\L15-0369E-1244N_1479_3214_13\s1\s1_L15-0369E-1244N_1479_3214_13_2020_01.tif,datasets\sen12_mt_urbanmapping\multimodal_cd_dataset\L15-0369E-1244N_1479_3214_13\s2\s2_L15-0369E-1244N_1479_3214_13_2020_01.tif,
L15-0391E-1219N_1567_3314_13,2018,1,2018_01,True,True,False,False,False,False,True,True,False,datasets\sen12_mt_urbanmapping\multimodal_cd_dataset\L15-0391E-1219N_1567_3314_13\s1\s1_L15-0391E-1219N_1567_3314_13_2018_01.tif,datasets\sen12_mt_urbanmapping\multimodal_cd_dataset\L15-0391E-1219N_1567_3314_13\s2\s2_L15-0391E-1219N_1567_3314_13_2018_01.tif,
L15-0391E-1219N_1567_3314_13,2018,2,2018_02,True,True,False,False,False,False,True,True,False,datasets\sen12_mt_urbanmapping\multimodal_cd_dataset\L15-0391E-1219N_1567_3314_13\s1\s1_L15-0391E-1219N_1567_3314_13_2018_02.tif,datasets\sen12_mt_urbanmapping\multimodal_cd_dataset\L15-0391E-1219N_1567_3314_13\s2\s2_L15-0391E-1219N_1567_3314_13_2018_02.tif,
L15-0391E-1219N_1567_3314_13,2018,3,2018_03,True,True,False,False,False,False,True,True,False,datasets\sen12_mt_urbanmapping\multimodal_cd_dataset\L15-0391E-1219N_1567_3314_13\s1\s1_L15-0391E-1219N_1567_3314_13_2018_03.tif,datasets\sen12_mt_urbanmapping\multimodal_cd_dataset\L15-0391E-1219N_1567_3314_13\s2\s2_L15-0391E-1219N_1567_3314_13_2018_03.tif,
L15-0391E-1219N_1567_3314_13,2018,4,2018_04,True,True,False,False,False,False,True,True,False,datasets\sen12_mt_urbanmapping\multimodal_cd_dataset\L15-0391E-1219N_1567_3314_13\s1\s1_L15-0391E-1219N_1567_3314_13_2018_04.tif,datasets\sen12_mt_urbanmapping\multimodal_cd_dataset\L15-0391E-1219N_1567_3314_13\s2\s2_L15-0391E-1219N_1567_3314_13_2018_04.tif,
L15-0391E-1219N_1567_3314_13,2018,5,2018_05,True,True,False,False,False,False,True,True,False,datasets\sen12_mt_urbanmapping\multimodal_cd_dataset\L15-0391E-1219N_1567_3314_13\s1\s1_L15-0391E-1219N_1567_3314_13_2018_05.tif,datasets\sen12_mt_urbanmapping\multimodal_cd_dataset\L15-0391E-1219N_1567_3314_13\s2\s2_L15-0391E-1219N_1567_3314_13_2018_05.tif,
L15-0391E-1219N_1567_3314_13,2018,6,2018_06,True,True,False,False,False,False,True,True,False,datasets\sen12_mt_urbanmapping\multimodal_cd_dataset\L15-0391E-1219N_1567_3314_13\s1\s1_L15-0391E-1219N_1567_3314_13_2018_06.tif,datasets\sen12_mt_urbanmapping\multimodal_cd_dataset\L15-0391E-1219N_1567_3314_13\s2\s2_L15-0391E-1219N_1567_3314_13_2018_06.tif,
L15-0391E-1219N_1567_3314_13,2018,7,2018_07,True,True,False,False,False,False,True,True,False,datasets\sen12_mt_urbanmapping\multimodal_cd_dataset\L15-0391E-1219N_1567_3314_13\s1\s1_L15-0391E-1219N_1567_3314_13_2018_07.tif,datasets\sen12_mt_urbanmapping\multimodal_cd_dataset\L15-0391E-1219N_1567_3314_13\s2\s2_L15-0391E-1219N_1567_3314_13_2018_07.tif,
L15-0391E-1219N_1567_3314_13,2018,8,2018_08,True,True,False,False,False,False,True,True,False,datasets\sen12_mt_urbanmapping\multimodal_cd_dataset\L15-0391E-1219N_1567_3314_13\s1\s1_L15-0391E-1219N_1567_3314_13_2018_08.tif,datasets\sen12_mt_urbanmapping\multimodal_cd_dataset\L15-0391E-1219N_1567_3314_13\s2\s2_L15-0391E-1219N_1567_3314_13_2018_08.tif,
L15-0391E-1219N_1567_3314_13,2018,9,2018_09,True,True,False,False,False,False,True,True,False,datasets\sen12_mt_urbanmapping\multimodal_cd_dataset\L15-0391E-1219N_1567_3314_13\s1\s1_L15-0391E-1219N_1567_3314_13_2018_09.tif,datasets\sen12_mt_urbanmapping\multimodal_cd_dataset\L15-0391E-1219N_1567_3314_13\s2\s2_L15-0391E-1219N_1567_3314_13_2018_09.tif,
L15-0391E-1219N_1567_3314_13,2018,10,2018_10,True,True,False,False,False,False,True,True,False,datasets\sen12_mt_urbanmapping\multimodal_cd_dataset\L15-0391E-1219N_1567_3314_13\s1\s1_L15-0391E-1219N_1567_3314_13_2018_10.tif,datasets\sen12_mt_urbanmapping\multimodal_cd_dataset\L15-0391E-1219N_1567_3314_13\s2\s2_L15-0391E-1219N_1567_3314_13_2018_10.tif,
L15-0391E-1219N_1567_3314_13,2018,11,2018_11,True,True,False,False,False,False,True,True,False,datasets\sen12_mt_urbanmapping\multimodal_cd_dataset\L15-0391E-1219N_1567_3314_13\s1\s1_L15-0391E-1219N_1567_3314_13_2018_11.tif,datasets\sen12_mt_urbanmapping\multimodal_cd_dataset\L15-0391E-1219N_1567_3314_13\s2\s2_L15-0391E-1219N_1567_3314_13_2018_11.tif,
L15-0391E-1219N_1567_3314_13,2018,12,2018_12,True,True,False,False,False,False,True,True,False,datasets\sen12_mt_urbanmapping\multimodal_cd_dataset\L15-0391E-1219N_1567_3314_13\s1\s1_L15-0391E-1219N_1567_3314_13_2018_12.tif,datasets\sen12_mt_urbanmapping\multimodal_cd_dataset\L15-0391E-1219N_1567_3314_13\s2\s2_L15-0391E-1219N_1567_3314_13_2018_12.tif,
L15-0391E-1219N_1567_3314_13,2019,1,2019_01,True,True,False,False,False,False,True,True,False,datasets\sen12_mt_urbanmapping\multimodal_cd_dataset\L15-0391E-1219N_1567_3314_13\s1\s1_L15-0391E-1219N_1567_3314_13_2019_01.tif,datasets\sen12_mt_urbanmapping\multimodal_cd_dataset\L15-0391E-1219N_1567_3314_13\s2\s2_L15-0391E-1219N_1567_3314_13_2019_01.tif,
L15-0391E-1219N_1567_3314_13,2019,2,2019_02,True,False,False,False,False,True,True,True,False,datasets\sen12_mt_urbanmapping\multimodal_cd_dataset\L15-0391E-1219N_1567_3314_13\s1\s1_L15-0391E-1219N_1567_3314_13_2019_02.tif,datasets\sen12_mt_urbanmapping\multimodal_cd_dataset\L15-0391E-1219N_1567_3314_13\s2\s2_L15-0391E-1219N_1567_3314_13_2019_02.tif,
L15-0391E-1219N_1567_3314_13,2019,3,2019_03,True,True,False,False,False,False,True,True,False,datasets\sen12_mt_urbanmapping\multimodal_cd_dataset\L15-0391E-1219N_1567_3314_13\s1\s1_L15-0391E-1219N_1567_3314_13_2019_03.tif,datasets\sen12_mt_urbanmapping\multimodal_cd_dataset\L15-0391E-1219N_1567_3314_13\s2\s2_L15-0391E-1219N_1567_3314_13_2019_03.tif,
L15-0391E-1219N_1567_3314_13,2019,4,2019_04,True,True,False,False,False,False,True,True,False,datasets\sen12_mt_urbanmapping\multimodal_cd_dataset\L15-0391E-1219N_1567_3314_13\s1\s1_L15-0391E-1219N_1567_3314_13_2019_04.tif,datasets\sen12_mt_urbanmapping\multimodal_cd_dataset\L15-0391E-1219N_1567_3314_13\s2\s2_L15-0391E-1219N_1567_3314_13_2019_04.tif,
L15-0391E-1219N_1567_3314_13,2019,5,2019_05,True,True,False,False,False,False,True,True,False,datasets\sen12_mt_urbanmapping\multimodal_cd_dataset\L15-0391E-1219N_1567_3314_13\s1\s1_L15-0391E-1219N_1567_3314_13_2019_05.tif,datasets\sen12_mt_urbanmapping\multimodal_cd_dataset\L15-0391E-1219N_1567_3314_13\s2\s2_L15-0391E-1219N_1567_3314_13_2019_05.tif,
L15-0391E-1219N_1567_3314_13,2019,6,2019_06,True,True,False,False,False,False,True,True,False,datasets\sen12_mt_urbanmapping\multimodal_cd_dataset\L15-0391E-1219N_1567_3314_13\s1\s1_L15-0391E-1219N_1567_3314_13_2019_06.tif,datasets\sen12_mt_urbanmapping\multimodal_cd_dataset\L15-0391E-1219N_1567_3314_13\s2\s2_L15-0391E-1219N_1567_3314_13_2019_06.tif,
L15-0391E-1219N_1567_3314_13,2019,7,2019_07,True,True,False,False,False,False,True,True,False,datasets\sen12_mt_urbanmapping\multimodal_cd_dataset\L15-0391E-1219N_1567_3314_13\s1\s1_L15-0391E-1219N_1567_3314_13_2019_07.tif,datasets\sen12_mt_urbanmapping\multimodal_cd_dataset\L15-0391E-1219N_1567_3314_13\s2\s2_L15-0391E-1219N_1567_3314_13_2019_07.tif,
L15-0391E-1219N_1567_3314_13,2019,8,2019_08,True,True,False,False,False,False,True,True,False,datasets\sen12_mt_urbanmapping\multimodal_cd_dataset\L15-0391E-1219N_1567_3314_13\s1\s1_L15-0391E-1219N_1567_3314_13_2019_08.tif,datasets\sen12_mt_urbanmapping\multimodal_cd_dataset\L15-0391E-1219N_1567_3314_13\s2\s2_L15-0391E-1219N_1567_3314_13_2019_08.tif,
L15-0391E-1219N_1567_3314_13,2019,9,2019_09,True,True,False,False,False,False,True,True,False,datasets\sen12_mt_urbanmapping\multimodal_cd_dataset\L15-0391E-1219N_1567_3314_13\s1\s1_L15-0391E-1219N_1567_3314_13_2019_09.tif,datasets\sen12_mt_urbanmapping\multimodal_cd_dataset\L15-0391E-1219N_1567_3314_13\s2\s2_L15-0391E-1219N_1567_3314_13_2019_09.tif,
L15-0391E-1219N_1567_3314_13,2019,10,2019_10,True,True,False,False,False,False,True,True,False,datasets\sen12_mt_urbanmapping\multimodal_cd_dataset\L15-0391E-1219N_1567_3314_13\s1\s1_L15-0391E-1219N_1567_3314_13_2019_10.tif,datasets\sen12_mt_urbanmapping\multimodal_cd_dataset\L15-0391E-1219N_1567_3314_13\s2\s2_L15-0391E-1219N_1567_3314_13_2019_10.tif,
L15-0391E-1219N_1567_3314_13,2019,11,2019_11,True,True,False,False,False,False,True,True,False,datasets\sen12_mt_urbanmapping\multimodal_cd_dataset\L15-0391E-1219N_1567_3314_13\s1\s1_L15-0391E-1219N_1567_3314_13_2019_11.tif,datasets\sen12_mt_urbanmapping\multimodal_cd_dataset\L15-0391E-1219N_1567_3314_13\s2\s2_L15-0391E-1219N_1567_3314_13_2019_11.tif,
L15-0391E-1219N_1567_3314_13,2019,12,2019_12,True,True,False,False,False,False,True,True,False,datasets\sen12_mt_urbanmapping\multimodal_cd_dataset\L15-0391E-1219N_1567_3314_13\s1\s1_L15-0391E-1219N_1567_3314_13_2019_12.tif,datasets\sen12_mt_urbanmapping\multimodal_cd_dataset\L15-0391E-1219N_1567_3314_13\s2\s2_L15-0391E-1219N_1567_3314_13_2019_12.tif,
L15-0391E-1219N_1567_3314_13,2020,1,2020_01,True,True,False,False,False,False,True,True,False,datasets\sen12_mt_urbanmapping\multimodal_cd_dataset\L15-0391E-1219N_1567_3314_13\s1\s1_L15-0391E-1219N_1567_3314_13_2020_01.tif,datasets\sen12_mt_urbanmapping\multimodal_cd_dataset\L15-0391E-1219N_1567_3314_13\s2\s2_L15-0391E-1219N_1567_3314_13_2020_01.tif,
L15-0509E-1108N_2037_3758_13,2018,2,2018_02,True,True,False,False,False,False,True,True,False,datasets\sen12_mt_urbanmapping\multimodal_cd_dataset\L15-0509E-1108N_2037_3758_13\s1\s1_L15-0509E-1108N_2037_3758_13_2018_02.tif,datasets\sen12_mt_urbanmapping\multimodal_cd_dataset\L15-0509E-1108N_2037_3758_13\s2\s2_L15-0509E-1108N_2037_3758_13_2018_02.tif,
L15-0509E-1108N_2037_3758_13,2018,3,2018_03,True,True,False,False,False,False,True,True,False,datasets\sen12_mt_urbanmapping\multimodal_cd_dataset\L15-0509E-1108N_2037_3758_13\s1\s1_L15-0509E-1108N_2037_3758_13_2018_03.tif,datasets\sen12_mt_urbanmapping\multimodal_cd_dataset\L15-0509E-1108N_2037_3758_13\s2\s2_L15-0509E-1108N_2037_3758_13_2018_03.tif,
L15-0509E-1108N_2037_3758_13,2018,4,2018_04,True,True,False,False,False,False,True,True,False,datasets\sen12_mt_urbanmapping\multimodal_cd_dataset\L15-0509E-1108N_2037_3758_13\s1\s1_L15-0509E-1108N_2037_3758_13_2018_04.tif,datasets\sen12_mt_urbanmapping\multimodal_cd_dataset\L15-0509E-1108N_2037_3758_13\s2\s2_L15-0509E-1108N_2037_3758_13_2018_04.tif,
L15-0509E-1108N_2037_3758_13,2018,5,2018_05,True,False,False,False,False,True,True,True,False,datasets\sen12_mt_urbanmapping\multimodal_cd_dataset\L15-0509E-1108N_2037_3758_13\s1\s1_L15-0509E-1108N_2037_3758_13_2018_05.tif,datasets\sen12_mt_urbanmapping\multimodal_cd_dataset\L15-0509E-1108N_2037_3758_13\s2\s2_L15-0509E-1108N_2037_3758_13_2018_05.tif,
L15-0509E-1108N_2037_3758_13,2018,6,2018_06,True,False,False,False,False,True,True,True,False,datasets\sen12_mt_urbanmapping\multimodal_cd_dataset\L15-0509E-1108N_2037_3758_13\s1\s1_L15-0509E-1108N_2037_3758_13_2018_06.tif,datasets\sen12_mt_urbanmapping\multimodal_cd_dataset\L15-0509E-1108N_2037_3758_13\s2\s2_L15-0509E-1108N_2037_3758_13_2018_06.tif,
L15-0509E-1108N_2037_3758_13,2018,7,2018_07,True,False,False,False,False,True,True,True,False,datasets\sen12_mt_urbanmapping\multimodal_cd_dataset\L15-0509E-1108N_2037_3758_13\s1\s1_L15-0509E-1108N_2037_3758_13_2018_07.tif,datasets\sen12_mt_urbanmapping\multimodal_cd_dataset\L15-0509E-1108N_2037_3758_13\s2\s2_L15-0509E-1108N_2037_3758_13_2018_07.tif,
L15-0509E-1108N_2037_3758_13,2018,10,2018_10,True,False,False,False,False,True,True,True,False,datasets\sen12_mt_urbanmapping\multimodal_cd_dataset\L15-0509E-1108N_2037_3758_13\s1\s1_L15-0509E-1108N_2037_3758_13_2018_10.tif,datasets\sen12_mt_urbanmapping\multimodal_cd_dataset\L15-0509E-1108N_2037_3758_13\s2\s2_L15-0509E-1108N_2037_3758_13_2018_10.tif,
L15-0509E-1108N_2037_3758_13,2018,11,2018_11,True,False,False,False,False,True,True,True,False,datasets\sen12_mt_urbanmapping\multimodal_cd_dataset\L15-0509E-1108N_2037_3758_13\s1\s1_L15-0509E-1108N_2037_3758_13_2018_11.tif,datasets\sen12_mt_urbanmapping\multimodal_cd_dataset\L15-0509E-1108N_2037_3758_13\s2\s2_L15-0509E-1108N_2037_3758_13_2018_11.tif,
L15-0509E-1108N_2037_3758_13,2018,12,2018_12,True,True,False,False,False,False,True,True,False,datasets\sen12_mt_urbanmapping\multimodal_cd_dataset\L15-0509E-1108N_2037_3758_13\s1\s1_L15-0509E-1108N_2037_3758_13_2018_12.tif,datasets\sen12_mt_urbanmapping\multimodal_cd_dataset\L15-0509E-1108N_2037_3758_13\s2\s2_L15-0509E-1108N_2037_3758_13_2018_12.tif,
L15-0509E-1108N_2037_3758_13,2019,1,2019_01,True,False,False,False,False,True,True,True,False,datasets\sen12_mt_urbanmapping\multimodal_cd_dataset\L15-0509E-1108N_2037_3758_13\s1\s1_L15-0509E-1108N_2037_3758_13_2019_01.tif,datasets\sen12_mt_urbanmapping\multimodal_cd_dataset\L15-0509E-1108N_2037_3758_13\s2\s2_L15-0509E-1108N_2037_3758_13_2019_01.tif,
L15-0509E-1108N_2037_3758_13,2019,2,2019_02,True,False,False,False,False,True,True,True,False,datasets\sen12_mt_urbanmapping\multimodal_cd_dataset\L15-0509E-1108N_2037_3758_13\s1\s1_L15-0509E-1108N_2037_3758_13_2019_02.tif,datasets\sen12_mt_urbanmapping\multimodal_cd_dataset\L15-0509E-1108N_2037_3758_13\s2\s2_L15-0509E-1108N_2037_3758_13_2019_02.tif,
L15-0509E-1108N_2037_3758_13,2019,3,2019_03,True,False,False,False,False,True,True,True,False,datasets\sen12_mt_urbanmapping\multimodal_cd_dataset\L15-0509E-1108N_2037_3758_13\s1\s1_L15-0509E-1108N_2037_3758_13_2019_03.tif,datasets\sen12_mt_urbanmapping\multimodal_cd_dataset\L15-0509E-1108N_2037_3758_13\s2\s2_L15-0509E-1108N_2037_3758_13_2019_03.tif,
L15-0509E-1108N_2037_3758_13,2019,4,2019_04,True,False,False,False,False,True,True,True,False,datasets\sen12_mt_urbanmapping\multimodal_cd_dataset\L15-0509E-1108N_2037_3758_13\s1\s1_L15-0509E-1108N_2037_3758_13_2019_04.tif,datasets\sen12_mt_urbanmapping\multimodal_cd_dataset\L15-0509E-1108N_2037_3758_13\s2\s2_L15-0509E-1108N_2037_3758_13_2019_04.tif,
L15-0509E-1108N_2037_3758_13,2019,7,2019_07,True,False,False,False,False,True,True,True,False,datasets\sen12_mt_urbanmapping\multimodal_cd_dataset\L15-0509E-1108N_2037_3758_13\s1\s1_L15-0509E-1108N_2037_3758_13_2019_07.tif,datasets\sen12_mt_urbanmapping\multimodal_cd_dataset\L15-0509E-1108N_2037_3758_13\s2\s2_L15-0509E-1108N_2037_3758_13_2019_07.tif,
L15-0509E-1108N_2037_3758_13,2019,8,2019_08,True,False,False,False,False,True,True,True,False,datasets\sen12_mt_urbanmapping\multimodal_cd_dataset\L15-0509E-1108N_2037_3758_13\s1\s1_L15-0509E-1108N_2037_3758_13_2019_08.tif,datasets\sen12_mt_urbanmapping\multimodal_cd_dataset\L15-0509E-1108N_2037_3758_13\s2\s2_L15-0509E-1108N_2037_3758_13_2019_08.tif,
L15-0509E-1108N_2037_3758_13,2019,9,2019_09,True,True,False,False,False,False,True,True,False,datasets\sen12_mt_urbanmapping\multimodal_cd_dataset\L15-0509E-1108N_2037_3758_13\s1\s1_L15-0509E-1108N_2037_3758_13_2019_09.tif,datasets\sen12_mt_urbanmapping\multimodal_cd_dataset\L15-0509E-1108N_2037_3758_13\s2\s2_L15-0509E-1108N_2037_3758_13_2019_09.tif,
L15-0509E-1108N_2037_3758_13,2019,10,2019_10,True,False,False,False,False,True,True,True,False,datasets\sen12_mt_urbanmapping\multimodal_cd_dataset\L15-0509E-1108N_2037_3758_13\s1\s1_L15-0509E-1108N_2037_3758_13_2019_10.tif,datasets\sen12_mt_urbanmapping\multimodal_cd_dataset\L15-0509E-1108N_2037_3758_13\s2\s2_L15-0509E-1108N_2037_3758_13_2019_10.tif,
L15-0509E-1108N_2037_3758_13,2019,11,2019_11,True,False,False,False,False,True,True,True,False,datasets\sen12_mt_urbanmapping\multimodal_cd_dataset\L15-0509E-1108N_2037_3758_13\s1\s1_L15-0509E-1108N_2037_3758_13_2019_11.tif,datasets\sen12_mt_urbanmapping\multimodal_cd_dataset\L15-0509E-1108N_2037_3758_13\s2\s2_L15-0509E-1108N_2037_3758_13_2019_11.tif,
L15-0509E-1108N_2037_3758_13,2019,12,2019_12,True,True,False,False,False,False,True,True,False,datasets\sen12_mt_urbanmapping\multimodal_cd_dataset\L15-0509E-1108N_2037_3758_13\s1\s1_L15-0509E-1108N_2037_3758_13_2019_12.tif,datasets\sen12_mt_urbanmapping\multimodal_cd_dataset\L15-0509E-1108N_2037_3758_13\s2\s2_L15-0509E-1108N_2037_3758_13_2019_12.tif,
L15-0509E-1108N_2037_3758_13,2020,1,2020_01,True,False,False,False,False,True,True,True,False,datasets\sen12_mt_urbanmapping\multimodal_cd_dataset\L15-0509E-1108N_2037_3758_13\s1\s1_L15-0509E-1108N_2037_3758_13_2020_01.tif,datasets\sen12_mt_urbanmapping\multimodal_cd_dataset\L15-0509E-1108N_2037_3758_13\s2\s2_L15-0509E-1108N_2037_3758_13_2020_01.tif,
L15-0571E-1302N_2284_2983_13,2018,3,2018_03,True,True,False,False,False,False,True,True,False,datasets\sen12_mt_urbanmapping\multimodal_cd_dataset\L15-0571E-1302N_2284_2983_13\s1\s1_L15-0571E-1302N_2284_2983_13_2018_03.tif,datasets\sen12_mt_urbanmapping\multimodal_cd_dataset\L15-0571E-1302N_2284_2983_13\s2\s2_L15-0571E-1302N_2284_2983_13_2018_03.tif,
L15-0571E-1302N_2284_2983_13,2018,4,2018_04,True,True,False,False,False,False,True,True,False,datasets\sen12_mt_urbanmapping\multimodal_cd_dataset\L15-0571E-1302N_2284_2983_13\s1\s1_L15-0571E-1302N_2284_2983_13_2018_04.tif,datasets\sen12_mt_urbanmapping\multimodal_cd_dataset\L15-0571E-1302N_2284_2983_13\s2\s2_L15-0571E-1302N_2284_2983_13_2018_04.tif,
L15-0571E-1302N_2284_2983_13,2018,5,2018_05,True,True,False,False,False,False,True,True,False,datasets\sen12_mt_urbanmapping\multimodal_cd_dataset\L15-0571E-1302N_2284_2983_13\s1\s1_L15-0571E-1302N_2284_2983_13_2018_05.tif,datasets\sen12_mt_urbanmapping\multimodal_cd_dataset\L15-0571E-1302N_2284_2983_13\s2\s2_L15-0571E-1302N_2284_2983_13_2018_05.tif,
L15-0571E-1302N_2284_2983_13,2018,6,2018_06,True,True,False,False,False,False,True,True,False,datasets\sen12_mt_urbanmapping\multimodal_cd_dataset\L15-0571E-1302N_2284_2983_13\s1\s1_L15-0571E-1302N_2284_2983_13_2018_06.tif,datasets\sen12_mt_urbanmapping\multimodal_cd_dataset\L15-0571E-1302N_2284_2983_13\s2\s2_L15-0571E-1302N_2284_2983_13_2018_06.tif,
L15-0571E-1302N_2284_2983_13,2018,7,2018_07,True,False,False,False,False,True,True,True,False,datasets\sen12_mt_urbanmapping\multimodal_cd_dataset\L15-0571E-1302N_2284_2983_13\s1\s1_L15-0571E-1302N_2284_2983_13_2018_07.tif,datasets\sen12_mt_urbanmapping\multimodal_cd_dataset\L15-0571E-1302N_2284_2983_13\s2\s2_L15-0571E-1302N_2284_2983_13_2018_07.tif,
L15-0571E-1302N_2284_2983_13,2018,8,2018_08,True,False,False,False,False,True,True,True,False,datasets\sen12_mt_urbanmapping\multimodal_cd_dataset\L15-0571E-1302N_2284_2983_13\s1\s1_L15-0571E-1302N_2284_2983_13_2018_08.tif,datasets\sen12_mt_urbanmapping\multimodal_cd_dataset\L15-0571E-1302N_2284_2983_13\s2\s2_L15-0571E-1302N_2284_2983_13_2018_08.tif,
L15-0571E-1302N_2284_2983_13,2018,9,2018_09,True,True,False,False,False,False,True,True,False,datasets\sen12_mt_urbanmapping\multimodal_cd_dataset\L15-0571E-1302N_2284_2983_13\s1\s1_L15-0571E-1302N_2284_2983_13_2018_09.tif,datasets\sen12_mt_urbanmapping\multimodal_cd_dataset\L15-0571E-1302N_2284_2983_13\s2\s2_L15-0571E-1302N_2284_2983_13_2018_09.tif,
L15-0571E-1302N_2284_2983_13,2018,10,2018_10,True,True,False,False,False,False,True,True,False,datasets\sen12_mt_urbanmapping\multimodal_cd_dataset\L15-0571E-1302N_2284_2983_13\s1\s1_L15-0571E-1302N_2284_2983_13_2018_10.tif,datasets\sen12_mt_urbanmapping\multimodal_cd_dataset\L15-0571E-1302N_2284_2983_13\s2\s2_L15-0571E-1302N_2284_2983_13_2018_10.tif,
L15-0571E-1302N_2284_2983_13,2018,11,2018_11,True,False,False,False,False,True,True,True,False,datasets\sen12_mt_urbanmapping\multimodal_cd_dataset\L15-0571E-1302N_2284_2983_13\s1\s1_L15-0571E-1302N_2284_2983_13_2018_11.tif,datasets\sen12_mt_urbanmapping\multimodal_cd_dataset\L15-0571E-1302N_2284_2983_13\s2\s2_L15-0571E-1302N_2284_2983_13_2018_11.tif,
L15-0571E-1302N_2284_2983_13,2018,12,2018_12,True,False,False,False,False,True,True,True,False,datasets\sen12_mt_urbanmapping\multimodal_cd_dataset\L15-0571E-1302N_2284_2983_13\s1\s1_L15-0571E-1302N_2284_2983_13_2018_12.tif,datasets\sen12_mt_urbanmapping\multimodal_cd_dataset\L15-0571E-1302N_2284_2983_13\s2\s2_L15-0571E-1302N_2284_2983_13_2018_12.tif,
L15-0571E-1302N_2284_2983_13,2019,3,2019_03,True,True,False,False,False,False,True,True,False,datasets\sen12_mt_urbanmapping\multimodal_cd_dataset\L15-0571E-1302N_2284_2983_13\s1\s1_L15-0571E-1302N_2284_2983_13_2019_03.tif,datasets\sen12_mt_urbanmapping\multimodal_cd_dataset\L15-0571E-1302N_2284_2983_13\s2\s2_L15-0571E-1302N_2284_2983_13_2019_03.tif,
L15-0571E-1302N_2284_2983_13,2019,4,2019_04,True,False,False,False,False,True,True,True,False,datasets\sen12_mt_urbanmapping\multimodal_cd_dataset\L15-0571E-1302N_2284_2983_13\s1\s1_L15-0571E-1302N_2284_2983_13_2019_04.tif,datasets\sen12_mt_urbanmapping\multimodal_cd_dataset\L15-0571E-1302N_2284_2983_13\s2\s2_L15-0571E-1302N_2284_2983_13_2019_04.tif,
L15-0571E-1302N_2284_2983_13,2019,5,2019_05,True,True,False,False,False,False,True,True,False,datasets\sen12_mt_urbanmapping\multimodal_cd_dataset\L15-0571E-1302N_2284_2983_13\s1\s1_L15-0571E-1302N_2284_2983_13_2019_05.tif,datasets\sen12_mt_urbanmapping\multimodal_cd_dataset\L15-0571E-1302N_2284_2983_13\s2\s2_L15-0571E-1302N_2284_2983_13_2019_05.tif,
L15-0571E-1302N_2284_2983_13,2019,6,2019_06,True,True,False,False,False,False,True,True,False,datasets\sen12_mt_urbanmapping\multimodal_cd_dataset\L15-0571E-1302N_2284_2983_13\s1\s1_L15-0571E-1302N_2284_2983_13_2019_06.tif,datasets\sen12_mt_urbanmapping\multimodal_cd_dataset\L15-0571E-1302N_2284_2983_13\s2\s2_L15-0571E-1302N_2284_2983_13_2019_06.tif,
L15-0571E-1302N_2284_2983_13,2019,7,2019_07,True,True,False,False,False,False,True,True,False,datasets\sen12_mt_urbanmapping\multimodal_cd_dataset\L15-0571E-1302N_2284_2983_13\s1\s1_L15-0571E-1302N_2284_2983_13_2019_07.tif,datasets\sen12_mt_urbanmapping\multimodal_cd_dataset\L15-0571E-1302N_2284_2983_13\s2\s2_L15-0571E-1302N_2284_2983_13_2019_07.tif,
L15-0571E-1302N_2284_2983_13,2019,8,2019_08,True,False,False,False,False,True,True,True,False,datasets\sen12_mt_urbanmapping\multimodal_cd_dataset\L15-0571E-1302N_2284_2983_13\s1\s1_L15-0571E-1302N_2284_2983_13_2019_08.tif,datasets\sen12_mt_urbanmapping\multimodal_cd_dataset\L15-0571E-1302N_2284_2983_13\s2\s2_L15-0571E-1302N_2284_2983_13_2019_08.tif,
L15-0571E-1302N_2284_2983_13,2019,9,2019_09,True,True,False,False,False,False,True,True,False,datasets\sen12_mt_urbanmapping\multimodal_cd_dataset\L15-0571E-1302N_2284_2983_13\s1\s1_L15-0571E-1302N_2284_2983_13_2019_09.tif,datasets\sen12_mt_urbanmapping\multimodal_cd_dataset\L15-0571E-1302N_2284_2983_13\s2\s2_L15-0571E-1302N_2284_2983_13_2019_09.tif,
L15-0571E-1302N_2284_2983_13,2019,10,2019_10,True,True,False,False,False,False,True,True,False,datasets\sen12_mt_urbanmapping\multimodal_cd_dataset\L15-0571E-1302N_2284_2983_13\s1\s1_L15-0571E-1302N_2284_2983_13_2019_10.tif,datasets\sen12_mt_urbanmapping\multimodal_cd_dataset\L15-0571E-1302N_2284_2983_13\s2\s2_L15-0571E-1302N_2284_2983_13_2019_10.tif,
L15-0571E-1302N_2284_2983_13,2019,11,2019_11,True,True,False,False,False,False,True,True,False,datasets\sen12_mt_urbanmapping\multimodal_cd_dataset\L15-0571E-1302N_2284_2983_13\s1\s1_L15-0571E-1302N_2284_2983_13_2019_11.tif,datasets\sen12_mt_urbanmapping\multimodal_cd_dataset\L15-0571E-1302N_2284_2983_13\s2\s2_L15-0571E-1302N_2284_2983_13_2019_11.tif,
L15-0697E-0874N_2789_4694_13,2018,1,2018_01,True,False,False,False,False,True,True,True,False,datasets\sen12_mt_urbanmapping\multimodal_cd_dataset\L15-0697E-0874N_2789_4694_13\s1\s1_L15-0697E-0874N_2789_4694_13_2018_01.tif,datasets\sen12_mt_urbanmapping\multimodal_cd_dataset\L15-0697E-0874N_2789_4694_13\s2\s2_L15-0697E-0874N_2789_4694_13_2018_01.tif,
L15-0697E-0874N_2789_4694_13,2018,2,2018_02,True,True,False,False,False,False,True,True,False,datasets\sen12_mt_urbanmapping\multimodal_cd_dataset\L15-0697E-0874N_2789_4694_13\s1\s1_L15-0697E-0874N_2789_4694_13_2018_02.tif,datasets\sen12_mt_urbanmapping\multimodal_cd_dataset\L15-0697E-0874N_2789_4694_13\s2\s2_L15-0697E-0874N_2789_4694_13_2018_02.tif,
L15-0697E-0874N_2789_4694_13,2018,3,2018_03,True,True,False,False,False,False,True,True,False,datasets\sen12_mt_urbanmapping\multimodal_cd_dataset\L15-0697E-0874N_2789_4694_13\s1\s1_L15-0697E-0874N_2789_4694_13_2018_03.tif,datasets\sen12_mt_urbanmapping\multimodal_cd_dataset\L15-0697E-0874N_2789_4694_13\s2\s2_L15-0697E-0874N_2789_4694_13_2018_03.tif,
L15-0697E-0874N_2789_4694_13,2018,4,2018_04,True,True,False,False,False,False,True,True,False,datasets\sen12_mt_urbanmapping\multimodal_cd_dataset\L15-0697E-0874N_2789_4694_13\s1\s1_L15-0697E-0874N_2789_4694_13_2018_04.tif,datasets\sen12_mt_urbanmapping\multimodal_cd_dataset\L15-0697E-0874N_2789_4694_13\s2\s2_L15-0697E-0874N_2789_4694_13_2018_04.tif,
L15-0697E-0874N_2789_4694_13,2018,5,2018_05,True,True,False,False,False,False,True,True,False,datasets\sen12_mt_urbanmapping\multimodal_cd_dataset\L15-0697E-0874N_2789_4694_13\s1\s1_L15-0697E-0874N_2789_4694_13_2018_05.tif,datasets\sen12_mt_urbanmapping\multimodal_cd_dataset\L15-0697E-0874N_2789_4694_13\s2\s2_L15-0697E-0874N_2789_4694_13_2018_05.tif,
L15-0697E-0874N_2789_4694_13,2018,6,2018_06,True,True,False,False,False,False,True,True,False,datasets\sen12_mt_urbanmapping\multimodal_cd_dataset\L15-0697E-0874N_2789_4694_13\s1\s1_L15-0697E-0874N_2789_4694_13_2018_06.tif,datasets\sen12_mt_urbanmapping\multimodal_cd_dataset\L15-0697E-0874N_2789_4694_13\s2\s2_L15-0697E-0874N_2789_4694_13_2018_06.tif,
L15-0697E-0874N_2789_4694_13,2018,7,2018_07,True,True,False,False,False,False,True,True,False,datasets\sen12_mt_urbanmapping\multimodal_cd_dataset\L15-0697E-0874N_2789_4694_13\s1\s1_L15-0697E-0874N_2789_4694_13_2018_07.tif,datasets\sen12_mt_urbanmapping\multimodal_cd_dataset\L15-0697E-0874N_2789_4694_13\s2\s2_L15-0697E-0874N_2789_4694_13_2018_07.tif,
L15-0697E-0874N_2789_4694_13,2018,8,2018_08,True,True,False,False,False,False,True,True,False,datasets\sen12_mt_urbanmapping\multimodal_cd_dataset\L15-0697E-0874N_2789_4694_13\s1\s1_L15-0697E-0874N_2789_4694_13_2018_08.tif,datasets\sen12_mt_urbanmapping\multimodal_cd_dataset\L15-0697E-0874N_2789_4694_13\s2\s2_L15-0697E-0874N_2789_4694_13_2018_08.tif,
L15-0697E-0874N_2789_4694_13,2018,9,2018_09,True,True,False,False,False,False,True,True,False,datasets\sen12_mt_urbanmapping\multimodal_cd_dataset\L15-0697E-0874N_2789_4694_13\s1\s1_L15-0697E-0874N_2789_4694_13_2018_09.tif,datasets\sen12_mt_urbanmapping\multimodal_cd_dataset\L15-0697E-0874N_2789_4694_13\s2\s2_L15-0697E-0874N_2789_4694_13_2018_09.tif,
L15-0697E-0874N_2789_4694_13,2018,10,2018_10,True,False,False,False,False,True,True,True,False,datasets\sen12_mt_urbanmapping\multimodal_cd_dataset\L15-0697E-0874N_2789_4694_13\s1\s1_L15-0697E-0874N_2789_4694_13_2018_10.tif,datasets\sen12_mt_urbanmapping\multimodal_cd_dataset\L15-0697E-0874N_2789_4694_13\s2\s2_L15-0697E-0874N_2789_4694_13_2018_10.tif,
L15-0697E-0874N_2789_4694_13,2018,11,2018_11,True,True,False,False,False,False,True,True,False,datasets\sen12_mt_urbanmapping\multimodal_cd_dataset\L15-0697E-0874N_2789_4694_13\s1\s1_L15-0697E-0874N_2789_4694_13_2018_11.tif,datasets\sen12_mt_urbanmapping\multimodal_cd_dataset\L15-0697E-0874N_2789_4694_13\s2\s2_L15-0697E-0874N_2789_4694_13_2018_11.tif,
L15-0697E-0874N_2789_4694_13,2018,12,2018_12,True,True,False,False,False,False,True,True,False,datasets\sen12_mt_urbanmapping\multimodal_cd_dataset\L15-0697E-0874N_2789_4694_13\s1\s1_L15-0697E-0874N_2789_4694_13_2018_12.tif,datasets\sen12_mt_urbanmapping\multimodal_cd_dataset\L15-0697E-0874N_2789_4694_13\s2\s2_L15-0697E-0874N_2789_4694_13_2018_12.tif,
L15-0697E-0874N_2789_4694_13,2019,1,2019_01,True,False,False,False,False,True,True,True,False,datasets\sen12_mt_urbanmapping\multimodal_cd_dataset\L15-0697E-0874N_2789_4694_13\s1\s1_L15-0697E-0874N_2789_4694_13_2019_01.tif,datasets\sen12_mt_urbanmapping\multimodal_cd_dataset\L15-0697E-0874N_2789_4694_13\s2\s2_L15-0697E-0874N_2789_4694_13_2019_01.tif,
L15-0697E-0874N_2789_4694_13,2019,2,2019_02,True,True,False,False,False,False,True,True,False,datasets\sen12_mt_urbanmapping\multimodal_cd_dataset\L15-0697E-0874N_2789_4694_13\s1\s1_L15-0697E-0874N_2789_4694_13_2019_02.tif,datasets\sen12_mt_urbanmapping\multimodal_cd_dataset\L15-0697E-0874N_2789_4694_13\s2\s2_L15-0697E-0874N_2789_4694_13_2019_02.tif,
L15-0697E-0874N_2789_4694_13,2019,3,2019_03,True,True,False,False,False,False,True,True,False,datasets\sen12_mt_urbanmapping\multimodal_cd_dataset\L15-0697E-0874N_2789_4694_13\s1\s1_L15-0697E-0874N_2789_4694_13_2019_03.tif,datasets\sen12_mt_urbanmapping\multimodal_cd_dataset\L15-0697E-0874N_2789_4694_13\s2\s2_L15-0697E-0874N_2789_4694_13_2019_03.tif,
L15-0697E-0874N_2789_4694_13,2019,4,2019_04,True,True,False,False,False,False,True,True,False,datasets\sen12_mt_urbanmapping\multimodal_cd_dataset\L15-0697E-0874N_2789_4694_13\s1\s1_L15-0697E-0874N_2789_4694_13_2019_04.tif,datasets\sen12_mt_urbanmapping\multimodal_cd_dataset\L15-0697E-0874N_2789_4694_13\s2\s2_L15-0697E-0874N_2789_4694_13_2019_04.tif,
L15-0697E-0874N_2789_4694_13,2019,5,2019_05,True,False,False,False,False,True,True,True,False,datasets\sen12_mt_urbanmapping\multimodal_cd_dataset\L15-0697E-0874N_2789_4694_13\s1\s1_L15-0697E-0874N_2789_4694_13_2019_05.tif,datasets\sen12_mt_urbanmapping\multimodal_cd_dataset\L15-0697E-0874N_2789_4694_13\s2\s2_L15-0697E-0874N_2789_4694_13_2019_05.tif,
L15-0697E-0874N_2789_4694_13,2019,6,2019_06,False,True,False,False,True,False,False,True,False,,datasets\sen12_mt_urbanmapping\multimodal_cd_dataset\L15-0697E-0874N_2789_4694_13\s2\s2_L15-0697E-0874N_2789_4694_13_2019_06.tif,
L15-0697E-0874N_2789_4694_13,2019,7,2019_07,False,True,False,False,True,False,False,True,False,,datasets\sen12_mt_urbanmapping\multimodal_cd_dataset\L15-0697E-0874N_2789_4694_13\s2\s2_L15-0697E-0874N_2789_4694_13_2019_07.tif,
L15-0697E-0874N_2789_4694_13,2019,8,2019_08,False,True,False,False,True,False,False,True,False,,datasets\sen12_mt_urbanmapping\multimodal_cd_dataset\L15-0697E-0874N_2789_4694_13\s2\s2_L15-0697E-0874N_2789_4694_13_2019_08.tif,
L15-0697E-0874N_2789_4694_13,2019,9,2019_09,False,True,False,False,True,False,False,True,False,,datasets\sen12_mt_urbanmapping\multimodal_cd_dataset\L15-0697E-0874N_2789_4694_13\s2\s2_L15-0697E-0874N_2789_4694_13_2019_09.tif,
L15-0697E-0874N_2789_4694_13,2019,10,2019_10,True,True,False,False,False,False,True,True,False,datasets\sen12_mt_urbanmapping\multimodal_cd_dataset\L15-0697E-0874N_2789_4694_13\s1\s1_L15-0697E-0874N_2789_4694_13_2019_10.tif,datasets\sen12_mt_urbanmapping\multimodal_cd_dataset\L15-0697E-0874N_2789_4694_13\s2\s2_L15-0697E-0874N_2789_4694_13_2019_10.tif,
L15-0697E-0874N_2789_4694_13,2019,11,2019_11,True,True,False,False,False,False,True,True,False,datasets\sen12_mt_urbanmapping\multimodal_cd_dataset\L15-0697E-0874N_2789_4694_13\s1\s1_L15-0697E-0874N_2789_4694_13_2019_11.tif,datasets\sen12_mt_urbanmapping\multimodal_cd_dataset\L15-0697E-0874N_2789_4694_13\s2\s2_L15-0697E-0874N_2789_4694_13_2019_11.tif,
L15-0697E-0874N_2789_4694_13,2019,12,2019_12,True,False,False,False,False,True,True,True,False,datasets\sen12_mt_urbanmapping\multimodal_cd_dataset\L15-0697E-0874N_2789_4694_13\s1\s1_L15-0697E-0874N_2789_4694_13_2019_12.tif,datasets\sen12_mt_urbanmapping\multimodal_cd_dataset\L15-0697E-0874N_2789_4694_13\s2\s2_L15-0697E-0874N_2789_4694_13_2019_12.tif,
L15-0697E-0874N_2789_4694_13,2020,1,2020_01,True,True,False,False,False,False,True,True,False,datasets\sen12_mt_urbanmapping\multimodal_cd_dataset\L15-0697E-0874N_2789_4694_13\s1\s1_L15-0697E-0874N_2789_4694_13_2020_01.tif,datasets\sen12_mt_urbanmapping\multimodal_cd_dataset\L15-0697E-0874N_2789_4694_13\s2\s2_L15-0697E-0874N_2789_4694_13_2020_01.tif,
L15-0744E-0927N_2979_4481_13,2018,1,2018_01,True,True,False,False,False,False,True,True,False,datasets\sen12_mt_urbanmapping\multimodal_cd_dataset\L15-0744E-0927N_2979_4481_13\s1\s1_L15-0744E-0927N_2979_4481_13_2018_01.tif,datasets\sen12_mt_urbanmapping\multimodal_cd_dataset\L15-0744E-0927N_2979_4481_13\s2\s2_L15-0744E-0927N_2979_4481_13_2018_01.tif,
L15-0744E-0927N_2979_4481_13,2018,2,2018_02,True,True,False,False,False,False,True,True,False,datasets\sen12_mt_urbanmapping\multimodal_cd_dataset\L15-0744E-0927N_2979_4481_13\s1\s1_L15-0744E-0927N_2979_4481_13_2018_02.tif,datasets\sen12_mt_urbanmapping\multimodal_cd_dataset\L15-0744E-0927N_2979_4481_13\s2\s2_L15-0744E-0927N_2979_4481_13_2018_02.tif,
L15-0744E-0927N_2979_4481_13,2018,3,2018_03,True,True,False,False,False,False,True,True,False,datasets\sen12_mt_urbanmapping\multimodal_cd_dataset\L15-0744E-0927N_2979_4481_13\s1\s1_L15-0744E-0927N_2979_4481_13_2018_03.tif,datasets\sen12_mt_urbanmapping\multimodal_cd_dataset\L15-0744E-0927N_2979_4481_13\s2\s2_L15-0744E-0927N_2979_4481_13_2018_03.tif,
L15-0744E-0927N_2979_4481_13,2018,4,2018_04,True,True,False,False,False,False,True,True,False,datasets\sen12_mt_urbanmapping\multimodal_cd_dataset\L15-0744E-0927N_2979_4481_13\s1\s1_L15-0744E-0927N_2979_4481_13_2018_04.tif,datasets\sen12_mt_urbanmapping\multimodal_cd_dataset\L15-0744E-0927N_2979_4481_13\s2\s2_L15-0744E-0927N_2979_4481_13_2018_04.tif,
L15-0744E-0927N_2979_4481_13,2018,5,2018_05,True,True,False,False,False,False,True,True,False,datasets\sen12_mt_urbanmapping\multimodal_cd_dataset\L15-0744E-0927N_2979_4481_13\s1\s1_L15-0744E-0927N_2979_4481_13_2018_05.tif,datasets\sen12_mt_urbanmapping\multimodal_cd_dataset\L15-0744E-0927N_2979_4481_13\s2\s2_L15-0744E-0927N_2979_4481_13_2018_05.tif,
L15-0744E-0927N_2979_4481_13,2018,6,2018_06,True,True,False,False,False,False,True,True,False,datasets\sen12_mt_urbanmapping\multimodal_cd_dataset\L15-0744E-0927N_2979_4481_13\s1\s1_L15-0744E-0927N_2979_4481_13_2018_06.tif,datasets\sen12_mt_urbanmapping\multimodal_cd_dataset\L15-0744E-0927N_2979_4481_13\s2\s2_L15-0744E-0927N_2979_4481_13_2018_06.tif,
L15-0744E-0927N_2979_4481_13,2018,7,2018_07,True,True,False,False,False,False,True,True,False,datasets\sen12_mt_urbanmapping\multimodal_cd_dataset\L15-0744E-0927N_2979_4481_13\s1\s1_L15-0744E-0927N_2979_4481_13_2018_07.tif,datasets\sen12_mt_urbanmapping\multimodal_cd_dataset\L15-0744E-0927N_2979_4481_13\s2\s2_L15-0744E-0927N_2979_4481_13_2018_07.tif,
L15-0744E-0927N_2979_4481_13,2018,8,2018_08,True,True,False,False,False,False,True,True,False,datasets\sen12_mt_urbanmapping\multimodal_cd_dataset\L15-0744E-0927N_2979_4481_13\s1\s1_L15-0744E-0927N_2979_4481_13_2018_08.tif,datasets\sen12_mt_urbanmapping\multimodal_cd_dataset\L15-0744E-0927N_2979_4481_13\s2\s2_L15-0744E-0927N_2979_4481_13_2018_08.tif,
L15-0744E-0927N_2979_4481_13,2018,9,2018_09,True,True,False,False,False,False,True,True,False,datasets\sen12_mt_urbanmapping\multimodal_cd_dataset\L15-0744E-0927N_2979_4481_13\s1\s1_L15-0744E-0927N_2979_4481_13_2018_09.tif,datasets\sen12_mt_urbanmapping\multimodal_cd_dataset\L15-0744E-0927N_2979_4481_13\s2\s2_L15-0744E-0927N_2979_4481_13_2018_09.tif,
L15-0744E-0927N_2979_4481_13,2018,10,2018_10,True,False,False,False,False,True,True,True,False,datasets\sen12_mt_urbanmapping\multimodal_cd_dataset\L15-0744E-0927N_2979_4481_13\s1\s1_L15-0744E-0927N_2979_4481_13_2018_10.tif,datasets\sen12_mt_urbanmapping\multimodal_cd_dataset\L15-0744E-0927N_2979_4481_13\s2\s2_L15-0744E-0927N_2979_4481_13_2018_10.tif,
L15-0744E-0927N_2979_4481_13,2018,11,2018_11,True,False,False,False,False,True,True,True,False,datasets\sen12_mt_urbanmapping\multimodal_cd_dataset\L15-0744E-0927N_2979_4481_13\s1\s1_L15-0744E-0927N_2979_4481_13_2018_11.tif,datasets\sen12_mt_urbanmapping\multimodal_cd_dataset\L15-0744E-0927N_2979_4481_13\s2\s2_L15-0744E-0927N_2979_4481_13_2018_11.tif,
L15-0744E-0927N_2979_4481_13,2018,12,2018_12,True,True,False,False,False,False,True,True,False,datasets\sen12_mt_urbanmapping\multimodal_cd_dataset\L15-0744E-0927N_2979_4481_13\s1\s1_L15-0744E-0927N_2979_4481_13_2018_12.tif,datasets\sen12_mt_urbanmapping\multimodal_cd_dataset\L15-0744E-0927N_2979_4481_13\s2\s2_L15-0744E-0927N_2979_4481_13_2018_12.tif,
L15-0744E-0927N_2979_4481_13,2019,1,2019_01,True,True,False,False,False,False,True,True,False,datasets\sen12_mt_urbanmapping\multimodal_cd_dataset\L15-0744E-0927N_2979_4481_13\s1\s1_L15-0744E-0927N_2979_4481_13_2019_01.tif,datasets\sen12_mt_urbanmapping\multimodal_cd_dataset\L15-0744E-0927N_2979_4481_13\s2\s2_L15-0744E-0927N_2979_4481_13_2019_01.tif,
L15-0744E-0927N_2979_4481_13,2019,2,2019_02,True,True,False,False,False,False,True,True,False,datasets\sen12_mt_urbanmapping\multimodal_cd_dataset\L15-0744E-0927N_2979_4481_13\s1\s1_L15-0744E-0927N_2979_4481_13_2019_02.tif,datasets\sen12_mt_urbanmapping\multimodal_cd_dataset\L15-0744E-0927N_2979_4481_13\s2\s2_L15-0744E-0927N_2979_4481_13_2019_02.tif,
L15-0744E-0927N_2979_4481_13,2019,3,2019_03,True,True,False,False,False,False,True,True,False,datasets\sen12_mt_urbanmapping\multimodal_cd_dataset\L15-0744E-0927N_2979_4481_13\s1\s1_L15-0744E-0927N_2979_4481_13_2019_03.tif,datasets\sen12_mt_urbanmapping\multimodal_cd_dataset\L15-0744E-0927N_2979_4481_13\s2\s2_L15-0744E-0927N_2979_4481_13_2019_03.tif,
L15-0744E-0927N_2979_4481_13,2019,4,2019_04,True,True,False,False,False,False,True,True,False,datasets\sen12_mt_urbanmapping\multimodal_cd_dataset\L15-0744E-0927N_2979_4481_13\s1\s1_L15-0744E-0927N_2979_4481_13_2019_04.tif,datasets\sen12_mt_urbanmapping\multimodal_cd_dataset\L15-0744E-0927N_2979_4481_13\s2\s2_L15-0744E-0927N_2979_4481_13_2019_04.tif,
L15-0744E-0927N_2979_4481_13,2019,5,2019_05,True,True,False,False,False,False,True,True,False,datasets\sen12_mt_urbanmapping\multimodal_cd_dataset\L15-0744E-0927N_2979_4481_13\s1\s1_L15-0744E-0927N_2979_4481_13_2019_05.tif,datasets\sen12_mt_urbanmapping\multimodal_cd_dataset\L15-0744E-0927N_2979_4481_13\s2\s2_L15-0744E-0927N_2979_4481_13_2019_05.tif,
L15-0744E-0927N_2979_4481_13,2019,6,2019_06,True,True,False,False,False,False,True,True,False,datasets\sen12_mt_urbanmapping\multimodal_cd_dataset\L15-0744E-0927N_2979_4481_13\s1\s1_L15-0744E-0927N_2979_4481_13_2019_06.tif,datasets\sen12_mt_urbanmapping\multimodal_cd_dataset\L15-0744E-0927N_2979_4481_13\s2\s2_L15-0744E-0927N_2979_4481_13_2019_06.tif,
L15-0744E-0927N_2979_4481_13,2019,7,2019_07,True,True,False,False,False,False,True,True,False,datasets\sen12_mt_urbanmapping\multimodal_cd_dataset\L15-0744E-0927N_2979_4481_13\s1\s1_L15-0744E-0927N_2979_4481_13_2019_07.tif,datasets\sen12_mt_urbanmapping\multimodal_cd_dataset\L15-0744E-0927N_2979_4481_13\s2\s2_L15-0744E-0927N_2979_4481_13_2019_07.tif,
L15-0744E-0927N_2979_4481_13,2019,8,2019_08,True,True,False,False,False,False,True,True,False,datasets\sen12_mt_urbanmapping\multimodal_cd_dataset\L15-0744E-0927N_2979_4481_13\s1\s1_L15-0744E-0927N_2979_4481_13_2019_08.tif,datasets\sen12_mt_urbanmapping\multimodal_cd_dataset\L15-0744E-0927N_2979_4481_13\s2\s2_L15-0744E-0927N_2979_4481_13_2019_08.tif,
L15-0744E-0927N_2979_4481_13,2019,9,2019_09,True,True,False,False,False,False,True,True,False,datasets\sen12_mt_urbanmapping\multimodal_cd_dataset\L15-0744E-0927N_2979_4481_13\s1\s1_L15-0744E-0927N_2979_4481_13_2019_09.tif,datasets\sen12_mt_urbanmapping\multimodal_cd_dataset\L15-0744E-0927N_2979_4481_13\s2\s2_L15-0744E-0927N_2979_4481_13_2019_09.tif,
L15-0744E-0927N_2979_4481_13,2019,10,2019_10,True,True,False,False,False,False,True,True,False,datasets\sen12_mt_urbanmapping\multimodal_cd_dataset\L15-0744E-0927N_2979_4481_13\s1\s1_L15-0744E-0927N_2979_4481_13_2019_10.tif,datasets\sen12_mt_urbanmapping\multimodal_cd_dataset\L15-0744E-0927N_2979_4481_13\s2\s2_L15-0744E-0927N_2979_4481_13_2019_10.tif,
L15-0744E-0927N_2979_4481_13,2019,11,2019_11,True,True,False,False,False,False,True,True,False,datasets\sen12_mt_urbanmapping\multimodal_cd_dataset\L15-0744E-0927N_2979_4481_13\s1\s1_L15-0744E-0927N_2979_4481_13_2019_11.tif,datasets\sen12_mt_urbanmapping\multimodal_cd_dataset\L15-0744E-0927N_2979_4481_13\s2\s2_L15-0744E-0927N_2979_4481_13_2019_11.tif,
L15-0744E-0927N_2979_4481_13,2019,12,2019_12,True,True,False,False,False,False,True,True,False,datasets\sen12_mt_urbanmapping\multimodal_cd_dataset\L15-0744E-0927N_2979_4481_13\s1\s1_L15-0744E-0927N_2979_4481_13_2019_12.tif,datasets\sen12_mt_urbanmapping\multimodal_cd_dataset\L15-0744E-0927N_2979_4481_13\s2\s2_L15-0744E-0927N_2979_4481_13_2019_12.tif,
L15-0744E-0927N_2979_4481_13,2020,1,2020_01,True,True,False,False,False,False,True,True,False,datasets\sen12_mt_urbanmapping\multimodal_cd_dataset\L15-0744E-0927N_2979_4481_13\s1\s1_L15-0744E-0927N_2979_4481_13_2020_01.tif,datasets\sen12_mt_urbanmapping\multimodal_cd_dataset\L15-0744E-0927N_2979_4481_13\s2\s2_L15-0744E-0927N_2979_4481_13_2020_01.tif,
L15-1031E-1300N_4127_2991_13,2018,1,2018_01,True,False,False,False,False,True,True,True,False,datasets\sen12_mt_urbanmapping\multimodal_cd_dataset\L15-1031E-1300N_4127_2991_13\s1\s1_L15-1031E-1300N_4127_2991_13_2018_01.tif,datasets\sen12_mt_urbanmapping\multimodal_cd_dataset\L15-1031E-1300N_4127_2991_13\s2\s2_L15-1031E-1300N_4127_2991_13_2018_01.tif,
L15-1031E-1300N_4127_2991_13,2018,2,2018_02,True,True,False,False,False,False,True,True,False,datasets\sen12_mt_urbanmapping\multimodal_cd_dataset\L15-1031E-1300N_4127_2991_13\s1\s1_L15-1031E-1300N_4127_2991_13_2018_02.tif,datasets\sen12_mt_urbanmapping\multimodal_cd_dataset\L15-1031E-1300N_4127_2991_13\s2\s2_L15-1031E-1300N_4127_2991_13_2018_02.tif,
L15-1031E-1300N_4127_2991_13,2018,3,2018_03,True,False,False,False,False,True,True,True,False,datasets\sen12_mt_urbanmapping\multimodal_cd_dataset\L15-1031E-1300N_4127_2991_13\s1\s1_L15-1031E-1300N_4127_2991_13_2018_03.tif,datasets\sen12_mt_urbanmapping\multimodal_cd_dataset\L15-1031E-1300N_4127_2991_13\s2\s2_L15-1031E-1300N_4127_2991_13_2018_03.tif,
L15-1031E-1300N_4127_2991_13,2018,4,2018_04,True,True,False,False,False,False,True,True,False,datasets\sen12_mt_urbanmapping\multimodal_cd_dataset\L15-1031E-1300N_4127_2991_13\s1\s1_L15-1031E-1300N_4127_2991_13_2018_04.tif,datasets\sen12_mt_urbanmapping\multimodal_cd_dataset\L15-1031E-1300N_4127_2991_13\s2\s2_L15-1031E-1300N_4127_2991_13_2018_04.tif,
L15-1031E-1300N_4127_2991_13,2018,5,2018_05,True,True,False,False,False,False,True,True,False,datasets\sen12_mt_urbanmapping\multimodal_cd_dataset\L15-1031E-1300N_4127_2991_13\s1\s1_L15-1031E-1300N_4127_2991_13_2018_05.tif,datasets\sen12_mt_urbanmapping\multimodal_cd_dataset\L15-1031E-1300N_4127_2991_13\s2\s2_L15-1031E-1300N_4127_2991_13_2018_05.tif,
L15-1031E-1300N_4127_2991_13,2018,6,2018_06,True,True,False,False,False,False,True,True,False,datasets\sen12_mt_urbanmapping\multimodal_cd_dataset\L15-1031E-1300N_4127_2991_13\s1\s1_L15-1031E-1300N_4127_2991_13_2018_06.tif,datasets\sen12_mt_urbanmapping\multimodal_cd_dataset\L15-1031E-1300N_4127_2991_13\s2\s2_L15-1031E-1300N_4127_2991_13_2018_06.tif,
L15-1031E-1300N_4127_2991_13,2018,7,2018_07,True,True,False,False,False,False,True,True,False,datasets\sen12_mt_urbanmapping\multimodal_cd_dataset\L15-1031E-1300N_4127_2991_13\s1\s1_L15-1031E-1300N_4127_2991_13_2018_07.tif,datasets\sen12_mt_urbanmapping\multimodal_cd_dataset\L15-1031E-1300N_4127_2991_13\s2\s2_L15-1031E-1300N_4127_2991_13_2018_07.tif,
L15-1031E-1300N_4127_2991_13,2018,8,2018_08,True,True,False,False,False,False,True,True,False,datasets\sen12_mt_urbanmapping\multimodal_cd_dataset\L15-1031E-1300N_4127_2991_13\s1\s1_L15-1031E-1300N_4127_2991_13_2018_08.tif,datasets\sen12_mt_urbanmapping\multimodal_cd_dataset\L15-1031E-1300N_4127_2991_13\s2\s2_L15-1031E-1300N_4127_2991_13_2018_08.tif,
L15-1031E-1300N_4127_2991_13,2018,9,2018_09,True,True,False,False,False,False,True,True,False,datasets\sen12_mt_urbanmapping\multimodal_cd_dataset\L15-1031E-1300N_4127_2991_13\s1\s1_L15-1031E-1300N_4127_2991_13_2018_09.tif,datasets\sen12_mt_urbanmapping\multimodal_cd_dataset\L15-1031E-1300N_4127_2991_13\s2\s2_L15-1031E-1300N_4127_2991_13_2018_09.tif,
L15-1031E-1300N_4127_2991_13,2018,10,2018_10,True,True,False,False,False,False,True,True,False,datasets\sen12_mt_urbanmapping\multimodal_cd_dataset\L15-1031E-1300N_4127_2991_13\s1\s1_L15-1031E-1300N_4127_2991_13_2018_10.tif,datasets\sen12_mt_urbanmapping\multimodal_cd_dataset\L15-1031E-1300N_4127_2991_13\s2\s2_L15-1031E-1300N_4127_2991_13_2018_10.tif,
L15-1031E-1300N_4127_2991_13,2018,11,2018_11,True,True,False,False,False,False,True,True,False,datasets\sen12_mt_urbanmapping\multimodal_cd_dataset\L15-1031E-1300N_4127_2991_13\s1\s1_L15-1031E-1300N_4127_2991_13_2018_11.tif,datasets\sen12_mt_urbanmapping\multimodal_cd_dataset\L15-1031E-1300N_4127_2991_13\s2\s2_L15-1031E-1300N_4127_2991_13_2018_11.tif,
L15-1031E-1300N_4127_2991_13,2018,12,2018_12,True,True,False,False,False,False,True,True,False,datasets\sen12_mt_urbanmapping\multimodal_cd_dataset\L15-1031E-1300N_4127_2991_13\s1\s1_L15-1031E-1300N_4127_2991_13_2018_12.tif,datasets\sen12_mt_urbanmapping\multimodal_cd_dataset\L15-1031E-1300N_4127_2991_13\s2\s2_L15-1031E-1300N_4127_2991_13_2018_12.tif,
L15-1031E-1300N_4127_2991_13,2019,1,2019_01,True,True,False,False,False,False,True,True,False,datasets\sen12_mt_urbanmapping\multimodal_cd_dataset\L15-1031E-1300N_4127_2991_13\s1\s1_L15-1031E-1300N_4127_2991_13_2019_01.tif,datasets\sen12_mt_urbanmapping\multimodal_cd_dataset\L15-1031E-1300N_4127_2991_13\s2\s2_L15-1031E-1300N_4127_2991_13_2019_01.tif,
L15-1031E-1300N_4127_2991_13,2019,2,2019_02,True,True,False,False,False,False,True,True,False,datasets\sen12_mt_urbanmapping\multimodal_cd_dataset\L15-1031E-1300N_4127_2991_13\s1\s1_L15-1031E-1300N_4127_2991_13_2019_02.tif,datasets\sen12_mt_urbanmapping\multimodal_cd_dataset\L15-1031E-1300N_4127_2991_13\s2\s2_L15-1031E-1300N_4127_2991_13_2019_02.tif,
L15-1031E-1300N_4127_2991_13,2019,3,2019_03,True,True,False,False,False,False,True,True,False,datasets\sen12_mt_urbanmapping\multimodal_cd_dataset\L15-1031E-1300N_4127_2991_13\s1\s1_L15-1031E-1300N_4127_2991_13_2019_03.tif,datasets\sen12_mt_urbanmapping\multimodal_cd_dataset\L15-1031E-1300N_4127_2991_13\s2\s2_L15-1031E-1300N_4127_2991_13_2019_03.tif,
L15-1031E-1300N_4127_2991_13,2019,4,2019_04,True,False,False,False,False,True,True,True,False,datasets\sen12_mt_urbanmapping\multimodal_cd_dataset\L15-1031E-1300N_4127_2991_13\s1\s1_L15-1031E-1300N_4127_2991_13_2019_04.tif,datasets\sen12_mt_urbanmapping\multimodal_cd_dataset\L15-1031E-1300N_4127_2991_13\s2\s2_L15-1031E-1300N_4127_2991_13_2019_04.tif,
L15-1031E-1300N_4127_2991_13,2019,5,2019_05,True,True,False,False,False,False,True,True,False,datasets\sen12_mt_urbanmapping\multimodal_cd_dataset\L15-1031E-1300N_4127_2991_13\s1\s1_L15-1031E-1300N_4127_2991_13_2019_05.tif,datasets\sen12_mt_urbanmapping\multimodal_cd_dataset\L15-1031E-1300N_4127_2991_13\s2\s2_L15-1031E-1300N_4127_2991_13_2019_05.tif,
L15-1031E-1300N_4127_2991_13,2019,6,2019_06,True,False,False,False,False,True,True,True,False,datasets\sen12_mt_urbanmapping\multimodal_cd_dataset\L15-1031E-1300N_4127_2991_13\s1\s1_L15-1031E-1300N_4127_2991_13_2019_06.tif,datasets\sen12_mt_urbanmapping\multimodal_cd_dataset\L15-1031E-1300N_4127_2991_13\s2\s2_L15-1031E-1300N_4127_2991_13_2019_06.tif,
L15-1031E-1300N_4127_2991_13,2019,7,2019_07,True,True,False,False,False,False,True,True,False,datasets\sen12_mt_urbanmapping\multimodal_cd_dataset\L15-1031E-1300N_4127_2991_13\s1\s1_L15-1031E-1300N_4127_2991_13_2019_07.tif,datasets\sen12_mt_urbanmapping\multimodal_cd_dataset\L15-1031E-1300N_4127_2991_13\s2\s2_L15-1031E-1300N_4127_2991_13_2019_07.tif,
L15-1031E-1300N_4127_2991_13,2019,8,2019_08,True,True,False,False,False,False,True,True,False,datasets\sen12_mt_urbanmapping\multimodal_cd_dataset\L15-1031E-1300N_4127_2991_13\s1\s1_L15-1031E-1300N_4127_2991_13_2019_08.tif,datasets\sen12_mt_urbanmapping\multimodal_cd_dataset\L15-1031E-1300N_4127_2991_13\s2\s2_L15-1031E-1300N_4127_2991_13_2019_08.tif,
L15-1031E-1300N_4127_2991_13,2019,9,2019_09,True,True,False,False,False,False,True,True,False,datasets\sen12_mt_urbanmapping\multimodal_cd_dataset\L15-1031E-1300N_4127_2991_13\s1\s1_L15-1031E-1300N_4127_2991_13_2019_09.tif,datasets\sen12_mt_urbanmapping\multimodal_cd_dataset\L15-1031E-1300N_4127_2991_13\s2\s2_L15-1031E-1300N_4127_2991_13_2019_09.tif,
L15-1031E-1300N_4127_2991_13,2019,10,2019_10,True,True,False,False,False,False,True,True,False,datasets\sen12_mt_urbanmapping\multimodal_cd_dataset\L15-1031E-1300N_4127_2991_13\s1\s1_L15-1031E-1300N_4127_2991_13_2019_10.tif,datasets\sen12_mt_urbanmapping\multimodal_cd_dataset\L15-1031E-1300N_4127_2991_13\s2\s2_L15-1031E-1300N_4127_2991_13_2019_10.tif,
L15-1031E-1300N_4127_2991_13,2019,12,2019_12,True,False,False,False,False,True,True,True,False,datasets\sen12_mt_urbanmapping\multimodal_cd_dataset\L15-1031E-1300N_4127_2991_13\s1\s1_L15-1031E-1300N_4127_2991_13_2019_12.tif,datasets\sen12_mt_urbanmapping\multimodal_cd_dataset\L15-1031E-1300N_4127_2991_13\s2\s2_L15-1031E-1300N_4127_2991_13_2019_12.tif,
L15-1031E-1300N_4127_2991_13,2020,1,2020_01,True,True,False,False,False,False,True,True,False,datasets\sen12_mt_urbanmapping\multimodal_cd_dataset\L15-1031E-1300N_4127_2991_13\s1\s1_L15-1031E-1300N_4127_2991_13_2020_01.tif,datasets\sen12_mt_urbanmapping\multimodal_cd_dataset\L15-1031E-1300N_4127_2991_13\s2\s2_L15-1031E-1300N_4127_2991_13_2020_01.tif,
L15-1129E-0819N_4517_4915_13,2018,1,2018_01,True,True,False,False,False,False,True,True,False,datasets\sen12_mt_urbanmapping\multimodal_cd_dataset\L15-1129E-0819N_4517_4915_13\s1\s1_L15-1129E-0819N_4517_4915_13_2018_01.tif,datasets\sen12_mt_urbanmapping\multimodal_cd_dataset\L15-1129E-0819N_4517_4915_13\s2\s2_L15-1129E-0819N_4517_4915_13_2018_01.tif,
L15-1129E-0819N_4517_4915_13,2018,2,2018_02,True,True,False,False,False,False,True,True,False,datasets\sen12_mt_urbanmapping\multimodal_cd_dataset\L15-1129E-0819N_4517_4915_13\s1\s1_L15-1129E-0819N_4517_4915_13_2018_02.tif,datasets\sen12_mt_urbanmapping\multimodal_cd_dataset\L15-1129E-0819N_4517_4915_13\s2\s2_L15-1129E-0819N_4517_4915_13_2018_02.tif,
L15-1129E-0819N_4517_4915_13,2018,3,2018_03,True,True,False,False,False,False,True,True,False,datasets\sen12_mt_urbanmapping\multimodal_cd_dataset\L15-1129E-0819N_4517_4915_13\s1\s1_L15-1129E-0819N_4517_4915_13_2018_03.tif,datasets\sen12_mt_urbanmapping\multimodal_cd_dataset\L15-1129E-0819N_4517_4915_13\s2\s2_L15-1129E-0819N_4517_4915_13_2018_03.tif,
L15-1129E-0819N_4517_4915_13,2018,4,2018_04,True,True,False,False,False,False,True,True,False,datasets\sen12_mt_urbanmapping\multimodal_cd_dataset\L15-1129E-0819N_4517_4915_13\s1\s1_L15-1129E-0819N_4517_4915_13_2018_04.tif,datasets\sen12_mt_urbanmapping\multimodal_cd_dataset\L15-1129E-0819N_4517_4915_13\s2\s2_L15-1129E-0819N_4517_4915_13_2018_04.tif,
L15-1129E-0819N_4517_4915_13,2018,5,2018_05,True,True,False,False,False,False,True,True,False,datasets\sen12_mt_urbanmapping\multimodal_cd_dataset\L15-1129E-0819N_4517_4915_13\s1\s1_L15-1129E-0819N_4517_4915_13_2018_05.tif,datasets\sen12_mt_urbanmapping\multimodal_cd_dataset\L15-1129E-0819N_4517_4915_13\s2\s2_L15-1129E-0819N_4517_4915_13_2018_05.tif,
L15-1129E-0819N_4517_4915_13,2018,6,2018_06,True,True,False,False,False,False,True,True,False,datasets\sen12_mt_urbanmapping\multimodal_cd_dataset\L15-1129E-0819N_4517_4915_13\s1\s1_L15-1129E-0819N_4517_4915_13_2018_06.tif,datasets\sen12_mt_urbanmapping\multimodal_cd_dataset\L15-1129E-0819N_4517_4915_13\s2\s2_L15-1129E-0819N_4517_4915_13_2018_06.tif,
L15-1129E-0819N_4517_4915_13,2018,7,2018_07,True,True,False,False,False,False,True,True,False,datasets\sen12_mt_urbanmapping\multimodal_cd_dataset\L15-1129E-0819N_4517_4915_13\s1\s1_L15-1129E-0819N_4517_4915_13_2018_07.tif,datasets\sen12_mt_urbanmapping\multimodal_cd_dataset\L15-1129E-0819N_4517_4915_13\s2\s2_L15-1129E-0819N_4517_4915_13_2018_07.tif,
L15-1129E-0819N_4517_4915_13,2018,8,2018_08,True,True,False,False,False,False,True,True,False,datasets\sen12_mt_urbanmapping\multimodal_cd_dataset\L15-1129E-0819N_4517_4915_13\s1\s1_L15-1129E-0819N_4517_4915_13_2018_08.tif,datasets\sen12_mt_urbanmapping\multimodal_cd_dataset\L15-1129E-0819N_4517_4915_13\s2\s2_L15-1129E-0819N_4517_4915_13_2018_08.tif,
L15-1129E-0819N_4517_4915_13,2018,9,2018_09,True,True,False,False,False,False,True,True,False,datasets\sen12_mt_urbanmapping\multimodal_cd_dataset\L15-1129E-0819N_4517_4915_13\s1\s1_L15-1129E-0819N_4517_4915_13_2018_09.tif,datasets\sen12_mt_urbanmapping\multimodal_cd_dataset\L15-1129E-0819N_4517_4915_13\s2\s2_L15-1129E-0819N_4517_4915_13_2018_09.tif,
L15-1129E-0819N_4517_4915_13,2018,10,2018_10,True,True,False,False,False,False,True,True,False,datasets\sen12_mt_urbanmapping\multimodal_cd_dataset\L15-1129E-0819N_4517_4915_13\s1\s1_L15-1129E-0819N_4517_4915_13_2018_10.tif,datasets\sen12_mt_urbanmapping\multimodal_cd_dataset\L15-1129E-0819N_4517_4915_13\s2\s2_L15-1129E-0819N_4517_4915_13_2018_10.tif,
L15-1129E-0819N_4517_4915_13,2018,11,2018_11,True,True,False,False,False,False,True,True,False,datasets\sen12_mt_urbanmapping\multimodal_cd_dataset\L15-1129E-0819N_4517_4915_13\s1\s1_L15-1129E-0819N_4517_4915_13_2018_11.tif,datasets\sen12_mt_urbanmapping\multimodal_cd_dataset\L15-1129E-0819N_4517_4915_13\s2\s2_L15-1129E-0819N_4517_4915_13_2018_11.tif,
L15-1129E-0819N_4517_4915_13,2018,12,2018_12,True,True,False,False,False,False,True,True,False,datasets\sen12_mt_urbanmapping\multimodal_cd_dataset\L15-1129E-0819N_4517_4915_13\s1\s1_L15-1129E-0819N_4517_4915_13_2018_12.tif,datasets\sen12_mt_urbanmapping\multimodal_cd_dataset\L15-1129E-0819N_4517_4915_13\s2\s2_L15-1129E-0819N_4517_4915_13_2018_12.tif,
L15-1129E-0819N_4517_4915_13,2019,1,2019_01,True,True,False,False,False,False,True,True,False,datasets\sen12_mt_urbanmapping\multimodal_cd_dataset\L15-1129E-0819N_4517_4915_13\s1\s1_L15-1129E-0819N_4517_4915_13_2019_01.tif,datasets\sen12_mt_urbanmapping\multimodal_cd_dataset\L15-1129E-0819N_4517_4915_13\s2\s2_L15-1129E-0819N_4517_4915_13_2019_01.tif,
L15-1129E-0819N_4517_4915_13,2019,2,2019_02,True,True,False,False,False,False,True,True,False,datasets\sen12_mt_urbanmapping\multimodal_cd_dataset\L15-1129E-0819N_4517_4915_13\s1\s1_L15-1129E-0819N_4517_4915_13_2019_02.tif,datasets\sen12_mt_urbanmapping\multimodal_cd_dataset\L15-1129E-0819N_4517_4915_13\s2\s2_L15-1129E-0819N_4517_4915_13_2019_02.tif,
L15-1129E-0819N_4517_4915_13,2019,3,2019_03,True,True,False,False,False,False,True,True,False,datasets\sen12_mt_urbanmapping\multimodal_cd_dataset\L15-1129E-0819N_4517_4915_13\s1\s1_L15-1129E-0819N_4517_4915_13_2019_03.tif,datasets\sen12_mt_urbanmapping\multimodal_cd_dataset\L15-1129E-0819N_4517_4915_13\s2\s2_L15-1129E-0819N_4517_4915_13_2019_03.tif,
L15-1129E-0819N_4517_4915_13,2019,4,2019_04,True,True,False,False,False,False,True,True,False,datasets\sen12_mt_urbanmapping\multimodal_cd_dataset\L15-1129E-0819N_4517_4915_13\s1\s1_L15-1129E-0819N_4517_4915_13_2019_04.tif,datasets\sen12_mt_urbanmapping\multimodal_cd_dataset\L15-1129E-0819N_4517_4915_13\s2\s2_L15-1129E-0819N_4517_4915_13_2019_04.tif,
L15-1129E-0819N_4517_4915_13,2019,5,2019_05,True,True,False,False,False,False,True,True,False,datasets\sen12_mt_urbanmapping\multimodal_cd_dataset\L15-1129E-0819N_4517_4915_13\s1\s1_L15-1129E-0819N_4517_4915_13_2019_05.tif,datasets\sen12_mt_urbanmapping\multimodal_cd_dataset\L15-1129E-0819N_4517_4915_13\s2\s2_L15-1129E-0819N_4517_4915_13_2019_05.tif,
L15-1129E-0819N_4517_4915_13,2019,6,2019_06,True,True,False,False,False,False,True,True,False,datasets\sen12_mt_urbanmapping\multimodal_cd_dataset\L15-1129E-0819N_4517_4915_13\s1\s1_L15-1129E-0819N_4517_4915_13_2019_06.tif,datasets\sen12_mt_urbanmapping\multimodal_cd_dataset\L15-1129E-0819N_4517_4915_13\s2\s2_L15-1129E-0819N_4517_4915_13_2019_06.tif,
L15-1129E-0819N_4517_4915_13,2019,7,2019_07,True,True,False,False,False,False,True,True,False,datasets\sen12_mt_urbanmapping\multimodal_cd_dataset\L15-1129E-0819N_4517_4915_13\s1\s1_L15-1129E-0819N_4517_4915_13_2019_07.tif,datasets\sen12_mt_urbanmapping\multimodal_cd_dataset\L15-1129E-0819N_4517_4915_13\s2\s2_L15-1129E-0819N_4517_4915_13_2019_07.tif,
L15-1129E-0819N_4517_4915_13,2019,8,2019_08,True,True,False,False,False,False,True,True,False,datasets\sen12_mt_urbanmapping\multimodal_cd_dataset\L15-1129E-0819N_4517_4915_13\s1\s1_L15-1129E-0819N_4517_4915_13_2019_08.tif,datasets\sen12_mt_urbanmapping\multimodal_cd_dataset\L15-1129E-0819N_4517_4915_13\s2\s2_L15-1129E-0819N_4517_4915_13_2019_08.tif,
L15-1129E-0819N_4517_4915_13,2019,9,2019_09,True,True,False,False,False,False,True,True,False,datasets\sen12_mt_urbanmapping\multimodal_cd_dataset\L15-1129E-0819N_4517_4915_13\s1\s1_L15-1129E-0819N_4517_4915_13_2019_09.tif,datasets\sen12_mt_urbanmapping\multimodal_cd_dataset\L15-1129E-0819N_4517_4915_13\s2\s2_L15-1129E-0819N_4517_4915_13_2019_09.tif,
L15-1129E-0819N_4517_4915_13,2019,10,2019_10,True,True,False,False,False,False,True,True,False,datasets\sen12_mt_urbanmapping\multimodal_cd_dataset\L15-1129E-0819N_4517_4915_13\s1\s1_L15-1129E-0819N_4517_4915_13_2019_10.tif,datasets\sen12_mt_urbanmapping\multimodal_cd_dataset\L15-1129E-0819N_4517_4915_13\s2\s2_L15-1129E-0819N_4517_4915_13_2019_10.tif,
L15-1129E-0819N_4517_4915_13,2019,11,2019_11,True,True,False,False,False,False,True,True,False,datasets\sen12_mt_urbanmapping\multimodal_cd_dataset\L15-1129E-0819N_4517_4915_13\s1\s1_L15-1129E-0819N_4517_4915_13_2019_11.tif,datasets\sen12_mt_urbanmapping\multimodal_cd_dataset\L15-1129E-0819N_4517_4915_13\s2\s2_L15-1129E-0819N_4517_4915_13_2019_11.tif,
L15-1129E-0819N_4517_4915_13,2019,12,2019_12,True,True,False,False,False,False,True,True,False,datasets\sen12_mt_urbanmapping\multimodal_cd_dataset\L15-1129E-0819N_4517_4915_13\s1\s1_L15-1129E-0819N_4517_4915_13_2019_12.tif,datasets\sen12_mt_urbanmapping\multimodal_cd_dataset\L15-1129E-0819N_4517_4915_13\s2\s2_L15-1129E-0819N_4517_4915_13_2019_12.tif,
L15-1129E-0819N_4517_4915_13,2020,1,2020_01,True,True,False,False,False,False,True,True,False,datasets\sen12_mt_urbanmapping\multimodal_cd_dataset\L15-1129E-0819N_4517_4915_13\s1\s1_L15-1129E-0819N_4517_4915_13_2020_01.tif,datasets\sen12_mt_urbanmapping\multimodal_cd_dataset\L15-1129E-0819N_4517_4915_13\s2\s2_L15-1129E-0819N_4517_4915_13_2020_01.tif,
L15-1203E-1203N_4815_3379_13,2017,7,2017_07,True,True,False,False,False,False,True,True,False,datasets\sen12_mt_urbanmapping\multimodal_cd_dataset\L15-1203E-1203N_4815_3379_13\s1\s1_L15-1203E-1203N_4815_3379_13_2017_07.tif,datasets\sen12_mt_urbanmapping\multimodal_cd_dataset\L15-1203E-1203N_4815_3379_13\s2\s2_L15-1203E-1203N_4815_3379_13_2017_07.tif,
L15-1203E-1203N_4815_3379_13,2017,8,2017_08,True,True,False,False,False,False,True,True,False,datasets\sen12_mt_urbanmapping\multimodal_cd_dataset\L15-1203E-1203N_4815_3379_13\s1\s1_L15-1203E-1203N_4815_3379_13_2017_08.tif,datasets\sen12_mt_urbanmapping\multimodal_cd_dataset\L15-1203E-1203N_4815_3379_13\s2\s2_L15-1203E-1203N_4815_3379_13_2017_08.tif,
L15-1203E-1203N_4815_3379_13,2017,9,2017_09,True,True,False,False,False,False,True,True,False,datasets\sen12_mt_urbanmapping\multimodal_cd_dataset\L15-1203E-1203N_4815_3379_13\s1\s1_L15-1203E-1203N_4815_3379_13_2017_09.tif,datasets\sen12_mt_urbanmapping\multimodal_cd_dataset\L15-1203E-1203N_4815_3379_13\s2\s2_L15-1203E-1203N_4815_3379_13_2017_09.tif,
L15-1203E-1203N_4815_3379_13,2017,10,2017_10,True,True,False,False,False,False,True,True,False,datasets\sen12_mt_urbanmapping\multimodal_cd_dataset\L15-1203E-1203N_4815_3379_13\s1\s1_L15-1203E-1203N_4815_3379_13_2017_10.tif,datasets\sen12_mt_urbanmapping\multimodal_cd_dataset\L15-1203E-1203N_4815_3379_13\s2\s2_L15-1203E-1203N_4815_3379_13_2017_10.tif,
L15-1203E-1203N_4815_3379_13,2017,11,2017_11,True,True,False,False,False,False,True,True,False,datasets\sen12_mt_urbanmapping\multimodal_cd_dataset\L15-1203E-1203N_4815_3379_13\s1\s1_L15-1203E-1203N_4815_3379_13_2017_11.tif,datasets\sen12_mt_urbanmapping\multimodal_cd_dataset\L15-1203E-1203N_4815_3379_13\s2\s2_L15-1203E-1203N_4815_3379_13_2017_11.tif,
L15-1203E-1203N_4815_3379_13,2018,1,2018_01,True,True,False,False,False,False,True,True,False,datasets\sen12_mt_urbanmapping\multimodal_cd_dataset\L15-1203E-1203N_4815_3379_13\s1\s1_L15-1203E-1203N_4815_3379_13_2018_01.tif,datasets\sen12_mt_urbanmapping\multimodal_cd_dataset\L15-1203E-1203N_4815_3379_13\s2\s2_L15-1203E-1203N_4815_3379_13_2018_01.tif,
L15-1203E-1203N_4815_3379_13,2018,2,2018_02,True,True,False,False,False,False,True,True,False,datasets\sen12_mt_urbanmapping\multimodal_cd_dataset\L15-1203E-1203N_4815_3379_13\s1\s1_L15-1203E-1203N_4815_3379_13_2018_02.tif,datasets\sen12_mt_urbanmapping\multimodal_cd_dataset\L15-1203E-1203N_4815_3379_13\s2\s2_L15-1203E-1203N_4815_3379_13_2018_02.tif,
L15-1203E-1203N_4815_3379_13,2018,3,2018_03,True,True,False,False,False,False,True,True,False,datasets\sen12_mt_urbanmapping\multimodal_cd_dataset\L15-1203E-1203N_4815_3379_13\s1\s1_L15-1203E-1203N_4815_3379_13_2018_03.tif,datasets\sen12_mt_urbanmapping\multimodal_cd_dataset\L15-1203E-1203N_4815_3379_13\s2\s2_L15-1203E-1203N_4815_3379_13_2018_03.tif,
L15-1203E-1203N_4815_3379_13,2018,4,2018_04,True,True,False,False,False,False,True,True,False,datasets\sen12_mt_urbanmapping\multimodal_cd_dataset\L15-1203E-1203N_4815_3379_13\s1\s1_L15-1203E-1203N_4815_3379_13_2018_04.tif,datasets\sen12_mt_urbanmapping\multimodal_cd_dataset\L15-1203E-1203N_4815_3379_13\s2\s2_L15-1203E-1203N_4815_3379_13_2018_04.tif,
L15-1203E-1203N_4815_3379_13,2018,5,2018_05,True,True,False,False,False,False,True,True,False,datasets\sen12_mt_urbanmapping\multimodal_cd_dataset\L15-1203E-1203N_4815_3379_13\s1\s1_L15-1203E-1203N_4815_3379_13_2018_05.tif,datasets\sen12_mt_urbanmapping\multimodal_cd_dataset\L15-1203E-1203N_4815_3379_13\s2\s2_L15-1203E-1203N_4815_3379_13_2018_05.tif,
L15-1203E-1203N_4815_3379_13,2018,6,2018_06,True,True,False,False,False,False,True,True,False,datasets\sen12_mt_urbanmapping\multimodal_cd_dataset\L15-1203E-1203N_4815_3379_13\s1\s1_L15-1203E-1203N_4815_3379_13_2018_06.tif,datasets\sen12_mt_urbanmapping\multimodal_cd_dataset\L15-1203E-1203N_4815_3379_13\s2\s2_L15-1203E-1203N_4815_3379_13_2018_06.tif,
L15-1203E-1203N_4815_3379_13,2018,7,2018_07,True,True,False,False,False,False,True,True,False,datasets\sen12_mt_urbanmapping\multimodal_cd_dataset\L15-1203E-1203N_4815_3379_13\s1\s1_L15-1203E-1203N_4815_3379_13_2018_07.tif,datasets\sen12_mt_urbanmapping\multimodal_cd_dataset\L15-1203E-1203N_4815_3379_13\s2\s2_L15-1203E-1203N_4815_3379_13_2018_07.tif,
L15-1203E-1203N_4815_3379_13,2018,8,2018_08,True,True,False,False,False,False,True,True,False,datasets\sen12_mt_urbanmapping\multimodal_cd_dataset\L15-1203E-1203N_4815_3379_13\s1\s1_L15-1203E-1203N_4815_3379_13_2018_08.tif,datasets\sen12_mt_urbanmapping\multimodal_cd_dataset\L15-1203E-1203N_4815_3379_13\s2\s2_L15-1203E-1203N_4815_3379_13_2018_08.tif,
L15-1203E-1203N_4815_3379_13,2018,9,2018_09,True,True,False,False,False,False,True,True,False,datasets\sen12_mt_urbanmapping\multimodal_cd_dataset\L15-1203E-1203N_4815_3379_13\s1\s1_L15-1203E-1203N_4815_3379_13_2018_09.tif,datasets\sen12_mt_urbanmapping\multimodal_cd_dataset\L15-1203E-1203N_4815_3379_13\s2\s2_L15-1203E-1203N_4815_3379_13_2018_09.tif,
L15-1203E-1203N_4815_3379_13,2018,10,2018_10,True,True,False,False,False,False,True,True,False,datasets\sen12_mt_urbanmapping\multimodal_cd_dataset\L15-1203E-1203N_4815_3379_13\s1\s1_L15-1203E-1203N_4815_3379_13_2018_10.tif,datasets\sen12_mt_urbanmapping\multimodal_cd_dataset\L15-1203E-1203N_4815_3379_13\s2\s2_L15-1203E-1203N_4815_3379_13_2018_10.tif,
L15-1203E-1203N_4815_3379_13,2018,11,2018_11,True,True,False,False,False,False,True,True,False,datasets\sen12_mt_urbanmapping\multimodal_cd_dataset\L15-1203E-1203N_4815_3379_13\s1\s1_L15-1203E-1203N_4815_3379_13_2018_11.tif,datasets\sen12_mt_urbanmapping\multimodal_cd_dataset\L15-1203E-1203N_4815_3379_13\s2\s2_L15-1203E-1203N_4815_3379_13_2018_11.tif,
L15-1203E-1203N_4815_3379_13,2018,12,2018_12,True,True,False,False,False,False,True,True,False,datasets\sen12_mt_urbanmapping\multimodal_cd_dataset\L15-1203E-1203N_4815_3379_13\s1\s1_L15-1203E-1203N_4815_3379_13_2018_12.tif,datasets\sen12_mt_urbanmapping\multimodal_cd_dataset\L15-1203E-1203N_4815_3379_13\s2\s2_L15-1203E-1203N_4815_3379_13_2018_12.tif,
L15-1203E-1203N_4815_3379_13,2019,1,2019_01,True,True,False,False,False,False,True,True,False,datasets\sen12_mt_urbanmapping\multimodal_cd_dataset\L15-1203E-1203N_4815_3379_13\s1\s1_L15-1203E-1203N_4815_3379_13_2019_01.tif,datasets\sen12_mt_urbanmapping\multimodal_cd_dataset\L15-1203E-1203N_4815_3379_13\s2\s2_L15-1203E-1203N_4815_3379_13_2019_01.tif,
L15-1203E-1203N_4815_3379_13,2019,2,2019_02,True,True,False,False,False,False,True,True,False,datasets\sen12_mt_urbanmapping\multimodal_cd_dataset\L15-1203E-1203N_4815_3379_13\s1\s1_L15-1203E-1203N_4815_3379_13_2019_02.tif,datasets\sen12_mt_urbanmapping\multimodal_cd_dataset\L15-1203E-1203N_4815_3379_13\s2\s2_L15-1203E-1203N_4815_3379_13_2019_02.tif,
L15-1203E-1203N_4815_3379_13,2019,3,2019_03,True,True,False,False,False,False,True,True,False,datasets\sen12_mt_urbanmapping\multimodal_cd_dataset\L15-1203E-1203N_4815_3379_13\s1\s1_L15-1203E-1203N_4815_3379_13_2019_03.tif,datasets\sen12_mt_urbanmapping\multimodal_cd_dataset\L15-1203E-1203N_4815_3379_13\s2\s2_L15-1203E-1203N_4815_3379_13_2019_03.tif,
L15-1203E-1203N_4815_3379_13,2019,4,2019_04,True,True,False,False,False,False,True,True,False,datasets\sen12_mt_urbanmapping\multimodal_cd_dataset\L15-1203E-1203N_4815_3379_13\s1\s1_L15-1203E-1203N_4815_3379_13_2019_04.tif,datasets\sen12_mt_urbanmapping\multimodal_cd_dataset\L15-1203E-1203N_4815_3379_13\s2\s2_L15-1203E-1203N_4815_3379_13_2019_04.tif,
L15-1203E-1203N_4815_3379_13,2019,5,2019_05,True,True,False,False,False,False,True,True,False,datasets\sen12_mt_urbanmapping\multimodal_cd_dataset\L15-1203E-1203N_4815_3379_13\s1\s1_L15-1203E-1203N_4815_3379_13_2019_05.tif,datasets\sen12_mt_urbanmapping\multimodal_cd_dataset\L15-1203E-1203N_4815_3379_13\s2\s2_L15-1203E-1203N_4815_3379_13_2019_05.tif,
L15-1203E-1203N_4815_3379_13,2019,6,2019_06,True,True,False,False,False,False,True,True,False,datasets\sen12_mt_urbanmapping\multimodal_cd_dataset\L15-1203E-1203N_4815_3379_13\s1\s1_L15-1203E-1203N_4815_3379_13_2019_06.tif,datasets\sen12_mt_urbanmapping\multimodal_cd_dataset\L15-1203E-1203N_4815_3379_13\s2\s2_L15-1203E-1203N_4815_3379_13_2019_06.tif,
L15-1203E-1203N_4815_3379_13,2019,7,2019_07,True,True,False,False,False,False,True,True,False,datasets\sen12_mt_urbanmapping\multimodal_cd_dataset\L15-1203E-1203N_4815_3379_13\s1\s1_L15-1203E-1203N_4815_3379_13_2019_07.tif,datasets\sen12_mt_urbanmapping\multimodal_cd_dataset\L15-1203E-1203N_4815_3379_13\s2\s2_L15-1203E-1203N_4815_3379_13_2019_07.tif,
L15-1203E-1203N_4815_3379_13,2019,8,2019_08,True,True,False,False,False,False,True,True,False,datasets\sen12_mt_urbanmapping\multimodal_cd_dataset\L15-1203E-1203N_4815_3379_13\s1\s1_L15-1203E-1203N_4815_3379_13_2019_08.tif,datasets\sen12_mt_urbanmapping\multimodal_cd_dataset\L15-1203E-1203N_4815_3379_13\s2\s2_L15-1203E-1203N_4815_3379_13_2019_08.tif,
L15-1203E-1203N_4815_3379_13,2019,9,2019_09,True,True,False,False,False,False,True,True,False,datasets\sen12_mt_urbanmapping\multimodal_cd_dataset\L15-1203E-1203N_4815_3379_13\s1\s1_L15-1203E-1203N_4815_3379_13_2019_09.tif,datasets\sen12_mt_urbanmapping\multimodal_cd_dataset\L15-1203E-1203N_4815_3379_13\s2\s2_L15-1203E-1203N_4815_3379_13_2019_09.tif,
L15-1213E-1238N_4852_3239_13,2018,3,2018_03,True,True,False,False,False,False,True,True,False,datasets\sen12_mt_urbanmapping\multimodal_cd_dataset\L15-1213E-1238N_4852_3239_13\s1\s1_L15-1213E-1238N_4852_3239_13_2018_03.tif,datasets\sen12_mt_urbanmapping\multimodal_cd_dataset\L15-1213E-1238N_4852_3239_13\s2\s2_L15-1213E-1238N_4852_3239_13_2018_03.tif,
L15-1213E-1238N_4852_3239_13,2018,4,2018_04,True,True,False,False,False,False,True,True,False,datasets\sen12_mt_urbanmapping\multimodal_cd_dataset\L15-1213E-1238N_4852_3239_13\s1\s1_L15-1213E-1238N_4852_3239_13_2018_04.tif,datasets\sen12_mt_urbanmapping\multimodal_cd_dataset\L15-1213E-1238N_4852_3239_13\s2\s2_L15-1213E-1238N_4852_3239_13_2018_04.tif,
L15-1213E-1238N_4852_3239_13,2018,5,2018_05,True,True,False,False,False,False,True,True,False,datasets\sen12_mt_urbanmapping\multimodal_cd_dataset\L15-1213E-1238N_4852_3239_13\s1\s1_L15-1213E-1238N_4852_3239_13_2018_05.tif,datasets\sen12_mt_urbanmapping\multimodal_cd_dataset\L15-1213E-1238N_4852_3239_13\s2\s2_L15-1213E-1238N_4852_3239_13_2018_05.tif,
L15-1213E-1238N_4852_3239_13,2018,6,2018_06,True,True,False,False,False,False,True,True,False,datasets\sen12_mt_urbanmapping\multimodal_cd_dataset\L15-1213E-1238N_4852_3239_13\s1\s1_L15-1213E-1238N_4852_3239_13_2018_06.tif,datasets\sen12_mt_urbanmapping\multimodal_cd_dataset\L15-1213E-1238N_4852_3239_13\s2\s2_L15-1213E-1238N_4852_3239_13_2018_06.tif,
L15-1213E-1238N_4852_3239_13,2018,7,2018_07,True,True,False,False,False,False,True,True,False,datasets\sen12_mt_urbanmapping\multimodal_cd_dataset\L15-1213E-1238N_4852_3239_13\s1\s1_L15-1213E-1238N_4852_3239_13_2018_07.tif,datasets\sen12_mt_urbanmapping\multimodal_cd_dataset\L15-1213E-1238N_4852_3239_13\s2\s2_L15-1213E-1238N_4852_3239_13_2018_07.tif,
L15-1213E-1238N_4852_3239_13,2018,8,2018_08,True,True,False,False,False,False,True,True,False,datasets\sen12_mt_urbanmapping\multimodal_cd_dataset\L15-1213E-1238N_4852_3239_13\s1\s1_L15-1213E-1238N_4852_3239_13_2018_08.tif,datasets\sen12_mt_urbanmapping\multimodal_cd_dataset\L15-1213E-1238N_4852_3239_13\s2\s2_L15-1213E-1238N_4852_3239_13_2018_08.tif,
L15-1213E-1238N_4852_3239_13,2018,9,2018_09,True,True,False,False,False,False,True,True,False,datasets\sen12_mt_urbanmapping\multimodal_cd_dataset\L15-1213E-1238N_4852_3239_13\s1\s1_L15-1213E-1238N_4852_3239_13_2018_09.tif,datasets\sen12_mt_urbanmapping\multimodal_cd_dataset\L15-1213E-1238N_4852_3239_13\s2\s2_L15-1213E-1238N_4852_3239_13_2018_09.tif,
L15-1213E-1238N_4852_3239_13,2018,10,2018_10,True,True,False,False,False,False,True,True,False,datasets\sen12_mt_urbanmapping\multimodal_cd_dataset\L15-1213E-1238N_4852_3239_13\s1\s1_L15-1213E-1238N_4852_3239_13_2018_10.tif,datasets\sen12_mt_urbanmapping\multimodal_cd_dataset\L15-1213E-1238N_4852_3239_13\s2\s2_L15-1213E-1238N_4852_3239_13_2018_10.tif,
L15-1213E-1238N_4852_3239_13,2018,11,2018_11,True,True,False,False,False,False,True,True,False,datasets\sen12_mt_urbanmapping\multimodal_cd_dataset\L15-1213E-1238N_4852_3239_13\s1\s1_L15-1213E-1238N_4852_3239_13_2018_11.tif,datasets\sen12_mt_urbanmapping\multimodal_cd_dataset\L15-1213E-1238N_4852_3239_13\s2\s2_L15-1213E-1238N_4852_3239_13_2018_11.tif,
L15-1213E-1238N_4852_3239_13,2018,12,2018_12,True,True,False,False,False,False,True,True,False,datasets\sen12_mt_urbanmapping\multimodal_cd_dataset\L15-1213E-1238N_4852_3239_13\s1\s1_L15-1213E-1238N_4852_3239_13_2018_12.tif,datasets\sen12_mt_urbanmapping\multimodal_cd_dataset\L15-1213E-1238N_4852_3239_13\s2\s2_L15-1213E-1238N_4852_3239_13_2018_12.tif,
L15-1213E-1238N_4852_3239_13,2019,1,2019_01,True,True,False,False,False,False,True,True,False,datasets\sen12_mt_urbanmapping\multimodal_cd_dataset\L15-1213E-1238N_4852_3239_13\s1\s1_L15-1213E-1238N_4852_3239_13_2019_01.tif,datasets\sen12_mt_urbanmapping\multimodal_cd_dataset\L15-1213E-1238N_4852_3239_13\s2\s2_L15-1213E-1238N_4852_3239_13_2019_01.tif,
L15-1213E-1238N_4852_3239_13,2019,2,2019_02,True,True,False,False,False,False,True,True,False,datasets\sen12_mt_urbanmapping\multimodal_cd_dataset\L15-1213E-1238N_4852_3239_13\s1\s1_L15-1213E-1238N_4852_3239_13_2019_02.tif,datasets\sen12_mt_urbanmapping\multimodal_cd_dataset\L15-1213E-1238N_4852_3239_13\s2\s2_L15-1213E-1238N_4852_3239_13_2019_02.tif,
L15-1213E-1238N_4852_3239_13,2019,3,2019_03,True,True,False,False,False,False,True,True,False,datasets\sen12_mt_urbanmapping\multimodal_cd_dataset\L15-1213E-1238N_4852_3239_13\s1\s1_L15-1213E-1238N_4852_3239_13_2019_03.tif,datasets\sen12_mt_urbanmapping\multimodal_cd_dataset\L15-1213E-1238N_4852_3239_13\s2\s2_L15-1213E-1238N_4852_3239_13_2019_03.tif,
L15-1213E-1238N_4852_3239_13,2019,4,2019_04,True,True,False,False,False,False,True,True,False,datasets\sen12_mt_urbanmapping\multimodal_cd_dataset\L15-1213E-1238N_4852_3239_13\s1\s1_L15-1213E-1238N_4852_3239_13_2019_04.tif,datasets\sen12_mt_urbanmapping\multimodal_cd_dataset\L15-1213E-1238N_4852_3239_13\s2\s2_L15-1213E-1238N_4852_3239_13_2019_04.tif,
L15-1213E-1238N_4852_3239_13,2019,5,2019_05,True,True,False,False,False,False,True,True,False,datasets\sen12_mt_urbanmapping\multimodal_cd_dataset\L15-1213E-1238N_4852_3239_13\s1\s1_L15-1213E-1238N_4852_3239_13_2019_05.tif,datasets\sen12_mt_urbanmapping\multimodal_cd_dataset\L15-1213E-1238N_4852_3239_13\s2\s2_L15-1213E-1238N_4852_3239_13_2019_05.tif,
L15-1213E-1238N_4852_3239_13,2019,6,2019_06,True,True,False,False,False,False,True,True,False,datasets\sen12_mt_urbanmapping\multimodal_cd_dataset\L15-1213E-1238N_4852_3239_13\s1\s1_L15-1213E-1238N_4852_3239_13_2019_06.tif,datasets\sen12_mt_urbanmapping\multimodal_cd_dataset\L15-1213E-1238N_4852_3239_13\s2\s2_L15-1213E-1238N_4852_3239_13_2019_06.tif,
L15-1213E-1238N_4852_3239_13,2019,7,2019_07,True,True,False,False,False,False,True,True,False,datasets\sen12_mt_urbanmapping\multimodal_cd_dataset\L15-1213E-1238N_4852_3239_13\s1\s1_L15-1213E-1238N_4852_3239_13_2019_07.tif,datasets\sen12_mt_urbanmapping\multimodal_cd_dataset\L15-1213E-1238N_4852_3239_13\s2\s2_L15-1213E-1238N_4852_3239_13_2019_07.tif,
L15-1213E-1238N_4852_3239_13,2019,8,2019_08,True,True,False,False,False,False,True,True,False,datasets\sen12_mt_urbanmapping\multimodal_cd_dataset\L15-1213E-1238N_4852_3239_13\s1\s1_L15-1213E-1238N_4852_3239_13_2019_08.tif,datasets\sen12_mt_urbanmapping\multimodal_cd_dataset\L15-1213E-1238N_4852_3239_13\s2\s2_L15-1213E-1238N_4852_3239_13_2019_08.tif,
L15-1213E-1238N_4852_3239_13,2019,9,2019_09,True,True,False,False,False,False,True,True,False,datasets\sen12_mt_urbanmapping\multimodal_cd_dataset\L15-1213E-1238N_4852_3239_13\s1\s1_L15-1213E-1238N_4852_3239_13_2019_09.tif,datasets\sen12_mt_urbanmapping\multimodal_cd_dataset\L15-1213E-1238N_4852_3239_13\s2\s2_L15-1213E-1238N_4852_3239_13_2019_09.tif,
L15-1213E-1238N_4852_3239_13,2019,10,2019_10,True,True,False,False,False,False,True,True,False,datasets\sen12_mt_urbanmapping\multimodal_cd_dataset\L15-1213E-1238N_4852_3239_13\s1\s1_L15-1213E-1238N_4852_3239_13_2019_10.tif,datasets\sen12_mt_urbanmapping\multimodal_cd_dataset\L15-1213E-1238N_4852_3239_13\s2\s2_L15-1213E-1238N_4852_3239_13_2019_10.tif,
L15-1213E-1238N_4852_3239_13,2019,12,2019_12,True,True,False,False,False,False,True,True,False,datasets\sen12_mt_urbanmapping\multimodal_cd_dataset\L15-1213E-1238N_4852_3239_13\s1\s1_L15-1213E-1238N_4852_3239_13_2019_12.tif,datasets\sen12_mt_urbanmapping\multimodal_cd_dataset\L15-1213E-1238N_4852_3239_13\s2\s2_L15-1213E-1238N_4852_3239_13_2019_12.tif,
L15-1249E-1167N_4999_3521_13,2018,1,2018_01,True,True,False,False,False,False,True,True,False,datasets\sen12_mt_urbanmapping\multimodal_cd_dataset\L15-1249E-1167N_4999_3521_13\s1\s1_L15-1249E-1167N_4999_3521_13_2018_01.tif,datasets\sen12_mt_urbanmapping\multimodal_cd_dataset\L15-1249E-1167N_4999_3521_13\s2\s2_L15-1249E-1167N_4999_3521_13_2018_01.tif,
L15-1249E-1167N_4999_3521_13,2018,2,2018_02,True,False,False,False,False,True,True,True,False,datasets\sen12_mt_urbanmapping\multimodal_cd_dataset\L15-1249E-1167N_4999_3521_13\s1\s1_L15-1249E-1167N_4999_3521_13_2018_02.tif,datasets\sen12_mt_urbanmapping\multimodal_cd_dataset\L15-1249E-1167N_4999_3521_13\s2\s2_L15-1249E-1167N_4999_3521_13_2018_02.tif,
L15-1249E-1167N_4999_3521_13,2018,3,2018_03,True,True,False,False,False,False,True,True,False,datasets\sen12_mt_urbanmapping\multimodal_cd_dataset\L15-1249E-1167N_4999_3521_13\s1\s1_L15-1249E-1167N_4999_3521_13_2018_03.tif,datasets\sen12_mt_urbanmapping\multimodal_cd_dataset\L15-1249E-1167N_4999_3521_13\s2\s2_L15-1249E-1167N_4999_3521_13_2018_03.tif,
L15-1249E-1167N_4999_3521_13,2018,4,2018_04,True,False,False,False,False,True,True,True,False,datasets\sen12_mt_urbanmapping\multimodal_cd_dataset\L15-1249E-1167N_4999_3521_13\s1\s1_L15-1249E-1167N_4999_3521_13_2018_04.tif,datasets\sen12_mt_urbanmapping\multimodal_cd_dataset\L15-1249E-1167N_4999_3521_13\s2\s2_L15-1249E-1167N_4999_3521_13_2018_04.tif,
L15-1249E-1167N_4999_3521_13,2018,5,2018_05,True,False,False,False,False,True,True,True,False,datasets\sen12_mt_urbanmapping\multimodal_cd_dataset\L15-1249E-1167N_4999_3521_13\s1\s1_L15-1249E-1167N_4999_3521_13_2018_05.tif,datasets\sen12_mt_urbanmapping\multimodal_cd_dataset\L15-1249E-1167N_4999_3521_13\s2\s2_L15-1249E-1167N_4999_3521_13_2018_05.tif,
L15-1249E-1167N_4999_3521_13,2018,6,2018_06,True,False,False,False,False,True,True,True,False,datasets\sen12_mt_urbanmapping\multimodal_cd_dataset\L15-1249E-1167N_4999_3521_13\s1\s1_L15-1249E-1167N_4999_3521_13_2018_06.tif,datasets\sen12_mt_urbanmapping\multimodal_cd_dataset\L15-1249E-1167N_4999_3521_13\s2\s2_L15-1249E-1167N_4999_3521_13_2018_06.tif,
L15-1249E-1167N_4999_3521_13,2018,7,2018_07,True,False,False,False,False,True,True,True,False,datasets\sen12_mt_urbanmapping\multimodal_cd_dataset\L15-1249E-1167N_4999_3521_13\s1\s1_L15-1249E-1167N_4999_3521_13_2018_07.tif,datasets\sen12_mt_urbanmapping\multimodal_cd_dataset\L15-1249E-1167N_4999_3521_13\s2\s2_L15-1249E-1167N_4999_3521_13_2018_07.tif,
L15-1249E-1167N_4999_3521_13,2018,8,2018_08,True,False,False,False,False,True,True,True,False,datasets\sen12_mt_urbanmapping\multimodal_cd_dataset\L15-1249E-1167N_4999_3521_13\s1\s1_L15-1249E-1167N_4999_3521_13_2018_08.tif,datasets\sen12_mt_urbanmapping\multimodal_cd_dataset\L15-1249E-1167N_4999_3521_13\s2\s2_L15-1249E-1167N_4999_3521_13_2018_08.tif,
L15-1249E-1167N_4999_3521_13,2018,9,2018_09,True,False,False,False,False,True,True,True,False,datasets\sen12_mt_urbanmapping\multimodal_cd_dataset\L15-1249E-1167N_4999_3521_13\s1\s1_L15-1249E-1167N_4999_3521_13_2018_09.tif,datasets\sen12_mt_urbanmapping\multimodal_cd_dataset\L15-1249E-1167N_4999_3521_13\s2\s2_L15-1249E-1167N_4999_3521_13_2018_09.tif,
L15-1249E-1167N_4999_3521_13,2018,10,2018_10,True,True,False,False,False,False,True,True,False,datasets\sen12_mt_urbanmapping\multimodal_cd_dataset\L15-1249E-1167N_4999_3521_13\s1\s1_L15-1249E-1167N_4999_3521_13_2018_10.tif,datasets\sen12_mt_urbanmapping\multimodal_cd_dataset\L15-1249E-1167N_4999_3521_13\s2\s2_L15-1249E-1167N_4999_3521_13_2018_10.tif,
L15-1249E-1167N_4999_3521_13,2018,11,2018_11,True,False,False,False,False,True,True,True,False,datasets\sen12_mt_urbanmapping\multimodal_cd_dataset\L15-1249E-1167N_4999_3521_13\s1\s1_L15-1249E-1167N_4999_3521_13_2018_11.tif,datasets\sen12_mt_urbanmapping\multimodal_cd_dataset\L15-1249E-1167N_4999_3521_13\s2\s2_L15-1249E-1167N_4999_3521_13_2018_11.tif,
L15-1249E-1167N_4999_3521_13,2018,12,2018_12,True,True,False,False,False,False,True,True,False,datasets\sen12_mt_urbanmapping\multimodal_cd_dataset\L15-1249E-1167N_4999_3521_13\s1\s1_L15-1249E-1167N_4999_3521_13_2018_12.tif,datasets\sen12_mt_urbanmapping\multimodal_cd_dataset\L15-1249E-1167N_4999_3521_13\s2\s2_L15-1249E-1167N_4999_3521_13_2018_12.tif,
L15-1249E-1167N_4999_3521_13,2019,1,2019_01,True,False,False,False,False,True,True,True,False,datasets\sen12_mt_urbanmapping\multimodal_cd_dataset\L15-1249E-1167N_4999_3521_13\s1\s1_L15-1249E-1167N_4999_3521_13_2019_01.tif,datasets\sen12_mt_urbanmapping\multimodal_cd_dataset\L15-1249E-1167N_4999_3521_13\s2\s2_L15-1249E-1167N_4999_3521_13_2019_01.tif,
L15-1249E-1167N_4999_3521_13,2019,2,2019_02,True,False,False,False,False,True,True,True,False,datasets\sen12_mt_urbanmapping\multimodal_cd_dataset\L15-1249E-1167N_4999_3521_13\s1\s1_L15-1249E-1167N_4999_3521_13_2019_02.tif,datasets\sen12_mt_urbanmapping\multimodal_cd_dataset\L15-1249E-1167N_4999_3521_13\s2\s2_L15-1249E-1167N_4999_3521_13_2019_02.tif,
L15-1249E-1167N_4999_3521_13,2019,3,2019_03,True,True,False,False,False,False,True,True,False,datasets\sen12_mt_urbanmapping\multimodal_cd_dataset\L15-1249E-1167N_4999_3521_13\s1\s1_L15-1249E-1167N_4999_3521_13_2019_03.tif,datasets\sen12_mt_urbanmapping\multimodal_cd_dataset\L15-1249E-1167N_4999_3521_13\s2\s2_L15-1249E-1167N_4999_3521_13_2019_03.tif,
L15-1249E-1167N_4999_3521_13,2019,4,2019_04,True,False,False,False,False,True,True,True,False,datasets\sen12_mt_urbanmapping\multimodal_cd_dataset\L15-1249E-1167N_4999_3521_13\s1\s1_L15-1249E-1167N_4999_3521_13_2019_04.tif,datasets\sen12_mt_urbanmapping\multimodal_cd_dataset\L15-1249E-1167N_4999_3521_13\s2\s2_L15-1249E-1167N_4999_3521_13_2019_04.tif,
L15-1249E-1167N_4999_3521_13,2019,5,2019_05,True,False,False,False,False,True,True,True,False,datasets\sen12_mt_urbanmapping\multimodal_cd_dataset\L15-1249E-1167N_4999_3521_13\s1\s1_L15-1249E-1167N_4999_3521_13_2019_05.tif,datasets\sen12_mt_urbanmapping\multimodal_cd_dataset\L15-1249E-1167N_4999_3521_13\s2\s2_L15-1249E-1167N_4999_3521_13_2019_05.tif,
L15-1249E-1167N_4999_3521_13,2019,6,2019_06,True,True,False,False,False,False,True,True,False,datasets\sen12_mt_urbanmapping\multimodal_cd_dataset\L15-1249E-1167N_4999_3521_13\s1\s1_L15-1249E-1167N_4999_3521_13_2019_06.tif,datasets\sen12_mt_urbanmapping\multimodal_cd_dataset\L15-1249E-1167N_4999_3521_13\s2\s2_L15-1249E-1167N_4999_3521_13_2019_06.tif,
L15-1249E-1167N_4999_3521_13,2019,7,2019_07,True,True,False,False,False,False,True,True,False,datasets\sen12_mt_urbanmapping\multimodal_cd_dataset\L15-1249E-1167N_4999_3521_13\s1\s1_L15-1249E-1167N_4999_3521_13_2019_07.tif,datasets\sen12_mt_urbanmapping\multimodal_cd_dataset\L15-1249E-1167N_4999_3521_13\s2\s2_L15-1249E-1167N_4999_3521_13_2019_07.tif,
L15-1249E-1167N_4999_3521_13,2019,8,2019_08,True,True,False,False,False,False,True,True,False,datasets\sen12_mt_urbanmapping\multimodal_cd_dataset\L15-1249E-1167N_4999_3521_13\s1\s1_L15-1249E-1167N_4999_3521_13_2019_08.tif,datasets\sen12_mt_urbanmapping\multimodal_cd_dataset\L15-1249E-1167N_4999_3521_13\s2\s2_L15-1249E-1167N_4999_3521_13_2019_08.tif,
L15-1249E-1167N_4999_3521_13,2019,9,2019_09,True,True,False,False,False,False,True,True,False,datasets\sen12_mt_urbanmapping\multimodal_cd_dataset\L15-1249E-1167N_4999_3521_13\s1\s1_L15-1249E-1167N_4999_3521_13_2019_09.tif,datasets\sen12_mt_urbanmapping\multimodal_cd_dataset\L15-1249E-1167N_4999_3521_13\s2\s2_L15-1249E-1167N_4999_3521_13_2019_09.tif,
L15-1249E-1167N_4999_3521_13,2019,10,2019_10,True,True,False,False,False,False,True,True,False,datasets\sen12_mt_urbanmapping\multimodal_cd_dataset\L15-1249E-1167N_4999_3521_13\s1\s1_L15-1249E-1167N_4999_3521_13_2019_10.tif,datasets\sen12_mt_urbanmapping\multimodal_cd_dataset\L15-1249E-1167N_4999_3521_13\s2\s2_L15-1249E-1167N_4999_3521_13_2019_10.tif,
L15-1249E-1167N_4999_3521_13,2019,11,2019_11,True,True,False,False,False,False,True,True,False,datasets\sen12_mt_urbanmapping\multimodal_cd_dataset\L15-1249E-1167N_4999_3521_13\s1\s1_L15-1249E-1167N_4999_3521_13_2019_11.tif,datasets\sen12_mt_urbanmapping\multimodal_cd_dataset\L15-1249E-1167N_4999_3521_13\s2\s2_L15-1249E-1167N_4999_3521_13_2019_11.tif,
L15-1249E-1167N_4999_3521_13,2019,12,2019_12,True,True,False,False,False,False,True,True,False,datasets\sen12_mt_urbanmapping\multimodal_cd_dataset\L15-1249E-1167N_4999_3521_13\s1\s1_L15-1249E-1167N_4999_3521_13_2019_12.tif,datasets\sen12_mt_urbanmapping\multimodal_cd_dataset\L15-1249E-1167N_4999_3521_13\s2\s2_L15-1249E-1167N_4999_3521_13_2019_12.tif,
L15-1249E-1167N_4999_3521_13,2020,1,2020_01,True,True,False,False,False,False,True,True,False,datasets\sen12_mt_urbanmapping\multimodal_cd_dataset\L15-1249E-1167N_4999_3521_13\s1\s1_L15-1249E-1167N_4999_3521_13_2020_01.tif,datasets\sen12_mt_urbanmapping\multimodal_cd_dataset\L15-1249E-1167N_4999_3521_13\s2\s2_L15-1249E-1167N_4999_3521_13_2020_01.tif,
L15-1281E-1035N_5125_4049_13,2018,1,2018_01,True,True,False,False,False,False,True,True,False,datasets\sen12_mt_urbanmapping\multimodal_cd_dataset\L15-1281E-1035N_5125_4049_13\s1\s1_L15-1281E-1035N_5125_4049_13_2018_01.tif,datasets\sen12_mt_urbanmapping\multimodal_cd_dataset\L15-1281E-1035N_5125_4049_13\s2\s2_L15-1281E-1035N_5125_4049_13_2018_01.tif,
L15-1281E-1035N_5125_4049_13,2018,2,2018_02,True,False,False,False,False,True,True,True,False,datasets\sen12_mt_urbanmapping\multimodal_cd_dataset\L15-1281E-1035N_5125_4049_13\s1\s1_L15-1281E-1035N_5125_4049_13_2018_02.tif,datasets\sen12_mt_urbanmapping\multimodal_cd_dataset\L15-1281E-1035N_5125_4049_13\s2\s2_L15-1281E-1035N_5125_4049_13_2018_02.tif,
L15-1281E-1035N_5125_4049_13,2018,3,2018_03,True,True,False,False,False,False,True,True,False,datasets\sen12_mt_urbanmapping\multimodal_cd_dataset\L15-1281E-1035N_5125_4049_13\s1\s1_L15-1281E-1035N_5125_4049_13_2018_03.tif,datasets\sen12_mt_urbanmapping\multimodal_cd_dataset\L15-1281E-1035N_5125_4049_13\s2\s2_L15-1281E-1035N_5125_4049_13_2018_03.tif,
L15-1281E-1035N_5125_4049_13,2018,4,2018_04,True,True,False,False,False,False,True,True,False,datasets\sen12_mt_urbanmapping\multimodal_cd_dataset\L15-1281E-1035N_5125_4049_13\s1\s1_L15-1281E-1035N_5125_4049_13_2018_04.tif,datasets\sen12_mt_urbanmapping\multimodal_cd_dataset\L15-1281E-1035N_5125_4049_13\s2\s2_L15-1281E-1035N_5125_4049_13_2018_04.tif,
L15-1281E-1035N_5125_4049_13,2018,5,2018_05,True,True,False,False,False,False,True,True,False,datasets\sen12_mt_urbanmapping\multimodal_cd_dataset\L15-1281E-1035N_5125_4049_13\s1\s1_L15-1281E-1035N_5125_4049_13_2018_05.tif,datasets\sen12_mt_urbanmapping\multimodal_cd_dataset\L15-1281E-1035N_5125_4049_13\s2\s2_L15-1281E-1035N_5125_4049_13_2018_05.tif,
L15-1281E-1035N_5125_4049_13,2018,8,2018_08,True,True,False,False,False,False,True,True,False,datasets\sen12_mt_urbanmapping\multimodal_cd_dataset\L15-1281E-1035N_5125_4049_13\s1\s1_L15-1281E-1035N_5125_4049_13_2018_08.tif,datasets\sen12_mt_urbanmapping\multimodal_cd_dataset\L15-1281E-1035N_5125_4049_13\s2\s2_L15-1281E-1035N_5125_4049_13_2018_08.tif,
L15-1281E-1035N_5125_4049_13,2018,10,2018_10,True,True,False,False,False,False,True,True,False,datasets\sen12_mt_urbanmapping\multimodal_cd_dataset\L15-1281E-1035N_5125_4049_13\s1\s1_L15-1281E-1035N_5125_4049_13_2018_10.tif,datasets\sen12_mt_urbanmapping\multimodal_cd_dataset\L15-1281E-1035N_5125_4049_13\s2\s2_L15-1281E-1035N_5125_4049_13_2018_10.tif,
L15-1281E-1035N_5125_4049_13,2018,11,2018_11,True,True,False,False,False,False,True,True,False,datasets\sen12_mt_urbanmapping\multimodal_cd_dataset\L15-1281E-1035N_5125_4049_13\s1\s1_L15-1281E-1035N_5125_4049_13_2018_11.tif,datasets\sen12_mt_urbanmapping\multimodal_cd_dataset\L15-1281E-1035N_5125_4049_13\s2\s2_L15-1281E-1035N_5125_4049_13_2018_11.tif,
L15-1281E-1035N_5125_4049_13,2018,12,2018_12,True,True,False,False,False,False,True,True,False,datasets\sen12_mt_urbanmapping\multimodal_cd_dataset\L15-1281E-1035N_5125_4049_13\s1\s1_L15-1281E-1035N_5125_4049_13_2018_12.tif,datasets\sen12_mt_urbanmapping\multimodal_cd_dataset\L15-1281E-1035N_5125_4049_13\s2\s2_L15-1281E-1035N_5125_4049_13_2018_12.tif,
L15-1281E-1035N_5125_4049_13,2019,1,2019_01,True,True,False,False,False,False,True,True,False,datasets\sen12_mt_urbanmapping\multimodal_cd_dataset\L15-1281E-1035N_5125_4049_13\s1\s1_L15-1281E-1035N_5125_4049_13_2019_01.tif,datasets\sen12_mt_urbanmapping\multimodal_cd_dataset\L15-1281E-1035N_5125_4049_13\s2\s2_L15-1281E-1035N_5125_4049_13_2019_01.tif,
L15-1281E-1035N_5125_4049_13,2019,2,2019_02,True,True,False,False,False,False,True,True,False,datasets\sen12_mt_urbanmapping\multimodal_cd_dataset\L15-1281E-1035N_5125_4049_13\s1\s1_L15-1281E-1035N_5125_4049_13_2019_02.tif,datasets\sen12_mt_urbanmapping\multimodal_cd_dataset\L15-1281E-1035N_5125_4049_13\s2\s2_L15-1281E-1035N_5125_4049_13_2019_02.tif,
L15-1281E-1035N_5125_4049_13,2019,3,2019_03,True,True,False,False,False,False,True,True,False,datasets\sen12_mt_urbanmapping\multimodal_cd_dataset\L15-1281E-1035N_5125_4049_13\s1\s1_L15-1281E-1035N_5125_4049_13_2019_03.tif,datasets\sen12_mt_urbanmapping\multimodal_cd_dataset\L15-1281E-1035N_5125_4049_13\s2\s2_L15-1281E-1035N_5125_4049_13_2019_03.tif,
L15-1281E-1035N_5125_4049_13,2019,4,2019_04,True,True,False,False,False,False,True,True,False,datasets\sen12_mt_urbanmapping\multimodal_cd_dataset\L15-1281E-1035N_5125_4049_13\s1\s1_L15-1281E-1035N_5125_4049_13_2019_04.tif,datasets\sen12_mt_urbanmapping\multimodal_cd_dataset\L15-1281E-1035N_5125_4049_13\s2\s2_L15-1281E-1035N_5125_4049_13_2019_04.tif,
L15-1281E-1035N_5125_4049_13,2019,7,2019_07,True,True,False,False,False,False,True,True,False,datasets\sen12_mt_urbanmapping\multimodal_cd_dataset\L15-1281E-1035N_5125_4049_13\s1\s1_L15-1281E-1035N_5125_4049_13_2019_07.tif,datasets\sen12_mt_urbanmapping\multimodal_cd_dataset\L15-1281E-1035N_5125_4049_13\s2\s2_L15-1281E-1035N_5125_4049_13_2019_07.tif,
L15-1281E-1035N_5125_4049_13,2019,8,2019_08,True,True,False,False,False,False,True,True,False,datasets\sen12_mt_urbanmapping\multimodal_cd_dataset\L15-1281E-1035N_5125_4049_13\s1\s1_L15-1281E-1035N_5125_4049_13_2019_08.tif,datasets\sen12_mt_urbanmapping\multimodal_cd_dataset\L15-1281E-1035N_5125_4049_13\s2\s2_L15-1281E-1035N_5125_4049_13_2019_08.tif,
L15-1281E-1035N_5125_4049_13,2019,10,2019_10,True,True,False,False,False,False,True,True,False,datasets\sen12_mt_urbanmapping\multimodal_cd_dataset\L15-1281E-1035N_5125_4049_13\s1\s1_L15-1281E-1035N_5125_4049_13_2019_10.tif,datasets\sen12_mt_urbanmapping\multimodal_cd_dataset\L15-1281E-1035N_5125_4049_13\s2\s2_L15-1281E-1035N_5125_4049_13_2019_10.tif,
L15-1281E-1035N_5125_4049_13,2019,11,2019_11,True,True,False,False,False,False,True,True,False,datasets\sen12_mt_urbanmapping\multimodal_cd_dataset\L15-1281E-1035N_5125_4049_13\s1\s1_L15-1281E-1035N_5125_4049_13_2019_11.tif,datasets\sen12_mt_urbanmapping\multimodal_cd_dataset\L15-1281E-1035N_5125_4049_13\s2\s2_L15-1281E-1035N_5125_4049_13_2019_11.tif,
L15-1281E-1035N_5125_4049_13,2019,12,2019_12,True,True,False,False,False,False,True,True,False,datasets\sen12_mt_urbanmapping\multimodal_cd_dataset\L15-1281E-1035N_5125_4049_13\s1\s1_L15-1281E-1035N_5125_4049_13_2019_12.tif,datasets\sen12_mt_urbanmapping\multimodal_cd_dataset\L15-1281E-1035N_5125_4049_13\s2\s2_L15-1281E-1035N_5125_4049_13_2019_12.tif,
L15-1281E-1035N_5125_4049_13,2020,1,2020_01,True,True,False,False,False,False,True,True,False,datasets\sen12_mt_urbanmapping\multimodal_cd_dataset\L15-1281E-1035N_5125_4049_13\s1\s1_L15-1281E-1035N_5125_4049_13_2020_01.tif,datasets\sen12_mt_urbanmapping\multimodal_cd_dataset\L15-1281E-1035N_5125_4049_13\s2\s2_L15-1281E-1035N_5125_4049_13_2020_01.tif,
L15-1438E-1227N_5753_3282_13,2018,1,2018_01,True,True,False,False,False,False,True,True,False,datasets\sen12_mt_urbanmapping\multimodal_cd_dataset\L15-1438E-1227N_5753_3282_13\s1\s1_L15-1438E-1227N_5753_3282_13_2018_01.tif,datasets\sen12_mt_urbanmapping\multimodal_cd_dataset\L15-1438E-1227N_5753_3282_13\s2\s2_L15-1438E-1227N_5753_3282_13_2018_01.tif,
L15-1438E-1227N_5753_3282_13,2018,2,2018_02,True,True,False,False,False,False,True,True,False,datasets\sen12_mt_urbanmapping\multimodal_cd_dataset\L15-1438E-1227N_5753_3282_13\s1\s1_L15-1438E-1227N_5753_3282_13_2018_02.tif,datasets\sen12_mt_urbanmapping\multimodal_cd_dataset\L15-1438E-1227N_5753_3282_13\s2\s2_L15-1438E-1227N_5753_3282_13_2018_02.tif,
L15-1438E-1227N_5753_3282_13,2018,3,2018_03,True,True,False,False,False,False,True,True,False,datasets\sen12_mt_urbanmapping\multimodal_cd_dataset\L15-1438E-1227N_5753_3282_13\s1\s1_L15-1438E-1227N_5753_3282_13_2018_03.tif,datasets\sen12_mt_urbanmapping\multimodal_cd_dataset\L15-1438E-1227N_5753_3282_13\s2\s2_L15-1438E-1227N_5753_3282_13_2018_03.tif,
L15-1438E-1227N_5753_3282_13,2018,4,2018_04,True,True,False,False,False,False,True,True,False,datasets\sen12_mt_urbanmapping\multimodal_cd_dataset\L15-1438E-1227N_5753_3282_13\s1\s1_L15-1438E-1227N_5753_3282_13_2018_04.tif,datasets\sen12_mt_urbanmapping\multimodal_cd_dataset\L15-1438E-1227N_5753_3282_13\s2\s2_L15-1438E-1227N_5753_3282_13_2018_04.tif,
L15-1438E-1227N_5753_3282_13,2018,5,2018_05,True,True,False,False,False,False,True,True,False,datasets\sen12_mt_urbanmapping\multimodal_cd_dataset\L15-1438E-1227N_5753_3282_13\s1\s1_L15-1438E-1227N_5753_3282_13_2018_05.tif,datasets\sen12_mt_urbanmapping\multimodal_cd_dataset\L15-1438E-1227N_5753_3282_13\s2\s2_L15-1438E-1227N_5753_3282_13_2018_05.tif,
L15-1438E-1227N_5753_3282_13,2018,6,2018_06,True,True,False,False,False,False,True,True,False,datasets\sen12_mt_urbanmapping\multimodal_cd_dataset\L15-1438E-1227N_5753_3282_13\s1\s1_L15-1438E-1227N_5753_3282_13_2018_06.tif,datasets\sen12_mt_urbanmapping\multimodal_cd_dataset\L15-1438E-1227N_5753_3282_13\s2\s2_L15-1438E-1227N_5753_3282_13_2018_06.tif,
L15-1438E-1227N_5753_3282_13,2018,7,2018_07,True,True,False,False,False,False,True,True,False,datasets\sen12_mt_urbanmapping\multimodal_cd_dataset\L15-1438E-1227N_5753_3282_13\s1\s1_L15-1438E-1227N_5753_3282_13_2018_07.tif,datasets\sen12_mt_urbanmapping\multimodal_cd_dataset\L15-1438E-1227N_5753_3282_13\s2\s2_L15-1438E-1227N_5753_3282_13_2018_07.tif,
L15-1438E-1227N_5753_3282_13,2018,8,2018_08,True,False,False,False,False,True,True,True,False,datasets\sen12_mt_urbanmapping\multimodal_cd_dataset\L15-1438E-1227N_5753_3282_13\s1\s1_L15-1438E-1227N_5753_3282_13_2018_08.tif,datasets\sen12_mt_urbanmapping\multimodal_cd_dataset\L15-1438E-1227N_5753_3282_13\s2\s2_L15-1438E-1227N_5753_3282_13_2018_08.tif,
L15-1438E-1227N_5753_3282_13,2018,9,2018_09,True,True,False,False,False,False,True,True,False,datasets\sen12_mt_urbanmapping\multimodal_cd_dataset\L15-1438E-1227N_5753_3282_13\s1\s1_L15-1438E-1227N_5753_3282_13_2018_09.tif,datasets\sen12_mt_urbanmapping\multimodal_cd_dataset\L15-1438E-1227N_5753_3282_13\s2\s2_L15-1438E-1227N_5753_3282_13_2018_09.tif,
L15-1438E-1227N_5753_3282_13,2018,10,2018_10,True,True,False,False,False,False,True,True,False,datasets\sen12_mt_urbanmapping\multimodal_cd_dataset\L15-1438E-1227N_5753_3282_13\s1\s1_L15-1438E-1227N_5753_3282_13_2018_10.tif,datasets\sen12_mt_urbanmapping\multimodal_cd_dataset\L15-1438E-1227N_5753_3282_13\s2\s2_L15-1438E-1227N_5753_3282_13_2018_10.tif,
L15-1438E-1227N_5753_3282_13,2018,11,2018_11,True,True,False,False,False,False,True,True,False,datasets\sen12_mt_urbanmapping\multimodal_cd_dataset\L15-1438E-1227N_5753_3282_13\s1\s1_L15-1438E-1227N_5753_3282_13_2018_11.tif,datasets\sen12_mt_urbanmapping\multimodal_cd_dataset\L15-1438E-1227N_5753_3282_13\s2\s2_L15-1438E-1227N_5753_3282_13_2018_11.tif,
L15-1438E-1227N_5753_3282_13,2018,12,2018_12,True,True,False,False,False,False,True,True,False,datasets\sen12_mt_urbanmapping\multimodal_cd_dataset\L15-1438E-1227N_5753_3282_13\s1\s1_L15-1438E-1227N_5753_3282_13_2018_12.tif,datasets\sen12_mt_urbanmapping\multimodal_cd_dataset\L15-1438E-1227N_5753_3282_13\s2\s2_L15-1438E-1227N_5753_3282_13_2018_12.tif,
L15-1438E-1227N_5753_3282_13,2019,1,2019_01,True,True,False,False,False,False,True,True,False,datasets\sen12_mt_urbanmapping\multimodal_cd_dataset\L15-1438E-1227N_5753_3282_13\s1\s1_L15-1438E-1227N_5753_3282_13_2019_01.tif,datasets\sen12_mt_urbanmapping\multimodal_cd_dataset\L15-1438E-1227N_5753_3282_13\s2\s2_L15-1438E-1227N_5753_3282_13_2019_01.tif,
L15-1438E-1227N_5753_3282_13,2019,2,2019_02,True,True,False,False,False,False,True,True,False,datasets\sen12_mt_urbanmapping\multimodal_cd_dataset\L15-1438E-1227N_5753_3282_13\s1\s1_L15-1438E-1227N_5753_3282_13_2019_02.tif,datasets\sen12_mt_urbanmapping\multimodal_cd_dataset\L15-1438E-1227N_5753_3282_13\s2\s2_L15-1438E-1227N_5753_3282_13_2019_02.tif,
L15-1438E-1227N_5753_3282_13,2019,3,2019_03,True,True,False,False,False,False,True,True,False,datasets\sen12_mt_urbanmapping\multimodal_cd_dataset\L15-1438E-1227N_5753_3282_13\s1\s1_L15-1438E-1227N_5753_3282_13_2019_03.tif,datasets\sen12_mt_urbanmapping\multimodal_cd_dataset\L15-1438E-1227N_5753_3282_13\s2\s2_L15-1438E-1227N_5753_3282_13_2019_03.tif,
L15-1438E-1227N_5753_3282_13,2019,4,2019_04,True,True,False,False,False,False,True,True,False,datasets\sen12_mt_urbanmapping\multimodal_cd_dataset\L15-1438E-1227N_5753_3282_13\s1\s1_L15-1438E-1227N_5753_3282_13_2019_04.tif,datasets\sen12_mt_urbanmapping\multimodal_cd_dataset\L15-1438E-1227N_5753_3282_13\s2\s2_L15-1438E-1227N_5753_3282_13_2019_04.tif,
L15-1438E-1227N_5753_3282_13,2019,5,2019_05,True,True,False,False,False,False,True,True,False,datasets\sen12_mt_urbanmapping\multimodal_cd_dataset\L15-1438E-1227N_5753_3282_13\s1\s1_L15-1438E-1227N_5753_3282_13_2019_05.tif,datasets\sen12_mt_urbanmapping\multimodal_cd_dataset\L15-1438E-1227N_5753_3282_13\s2\s2_L15-1438E-1227N_5753_3282_13_2019_05.tif,
L15-1438E-1227N_5753_3282_13,2019,6,2019_06,True,True,False,False,False,False,True,True,False,datasets\sen12_mt_urbanmapping\multimodal_cd_dataset\L15-1438E-1227N_5753_3282_13\s1\s1_L15-1438E-1227N_5753_3282_13_2019_06.tif,datasets\sen12_mt_urbanmapping\multimodal_cd_dataset\L15-1438E-1227N_5753_3282_13\s2\s2_L15-1438E-1227N_5753_3282_13_2019_06.tif,
L15-1438E-1227N_5753_3282_13,2019,7,2019_07,True,True,False,False,False,False,True,True,False,datasets\sen12_mt_urbanmapping\multimodal_cd_dataset\L15-1438E-1227N_5753_3282_13\s1\s1_L15-1438E-1227N_5753_3282_13_2019_07.tif,datasets\sen12_mt_urbanmapping\multimodal_cd_dataset\L15-1438E-1227N_5753_3282_13\s2\s2_L15-1438E-1227N_5753_3282_13_2019_07.tif,
L15-1438E-1227N_5753_3282_13,2019,8,2019_08,True,True,False,False,False,False,True,True,False,datasets\sen12_mt_urbanmapping\multimodal_cd_dataset\L15-1438E-1227N_5753_3282_13\s1\s1_L15-1438E-1227N_5753_3282_13_2019_08.tif,datasets\sen12_mt_urbanmapping\multimodal_cd_dataset\L15-1438E-1227N_5753_3282_13\s2\s2_L15-1438E-1227N_5753_3282_13_2019_08.tif,
L15-1438E-1227N_5753_3282_13,2019,9,2019_09,True,True,False,False,False,False,True,True,False,datasets\sen12_mt_urbanmapping\multimodal_cd_dataset\L15-1438E-1227N_5753_3282_13\s1\s1_L15-1438E-1227N_5753_3282_13_2019_09.tif,datasets\sen12_mt_urbanmapping\multimodal_cd_dataset\L15-1438E-1227N_5753_3282_13\s2\s2_L15-1438E-1227N_5753_3282_13_2019_09.tif,
L15-1438E-1227N_5753_3282_13,2019,10,2019_10,True,True,False,False,False,False,True,True,False,datasets\sen12_mt_urbanmapping\multimodal_cd_dataset\L15-1438E-1227N_5753_3282_13\s1\s1_L15-1438E-1227N_5753_3282_13_2019_10.tif,datasets\sen12_mt_urbanmapping\multimodal_cd_dataset\L15-1438E-1227N_5753_3282_13\s2\s2_L15-1438E-1227N_5753_3282_13_2019_10.tif,
L15-1438E-1227N_5753_3282_13,2019,11,2019_11,True,True,False,False,False,False,True,True,False,datasets\sen12_mt_urbanmapping\multimodal_cd_dataset\L15-1438E-1227N_5753_3282_13\s1\s1_L15-1438E-1227N_5753_3282_13_2019_11.tif,datasets\sen12_mt_urbanmapping\multimodal_cd_dataset\L15-1438E-1227N_5753_3282_13\s2\s2_L15-1438E-1227N_5753_3282_13_2019_11.tif,
L15-1438E-1227N_5753_3282_13,2019,12,2019_12,True,True,False,False,False,False,True,True,False,datasets\sen12_mt_urbanmapping\multimodal_cd_dataset\L15-1438E-1227N_5753_3282_13\s1\s1_L15-1438E-1227N_5753_3282_13_2019_12.tif,datasets\sen12_mt_urbanmapping\multimodal_cd_dataset\L15-1438E-1227N_5753_3282_13\s2\s2_L15-1438E-1227N_5753_3282_13_2019_12.tif,
L15-1438E-1227N_5753_3282_13,2020,1,2020_01,True,True,False,False,False,False,True,True,False,datasets\sen12_mt_urbanmapping\multimodal_cd_dataset\L15-1438E-1227N_5753_3282_13\s1\s1_L15-1438E-1227N_5753_3282_13_2020_01.tif,datasets\sen12_mt_urbanmapping\multimodal_cd_dataset\L15-1438E-1227N_5753_3282_13\s2\s2_L15-1438E-1227N_5753_3282_13_2020_01.tif,
L15-1546E-1154N_6186_3574_13,2018,1,2018_01,True,True,False,False,False,False,True,True,False,datasets\sen12_mt_urbanmapping\multimodal_cd_dataset\L15-1546E-1154N_6186_3574_13\s1\s1_L15-1546E-1154N_6186_3574_13_2018_01.tif,datasets\sen12_mt_urbanmapping\multimodal_cd_dataset\L15-1546E-1154N_6186_3574_13\s2\s2_L15-1546E-1154N_6186_3574_13_2018_01.tif,
L15-1546E-1154N_6186_3574_13,2018,2,2018_02,True,True,False,False,False,False,True,True,False,datasets\sen12_mt_urbanmapping\multimodal_cd_dataset\L15-1546E-1154N_6186_3574_13\s1\s1_L15-1546E-1154N_6186_3574_13_2018_02.tif,datasets\sen12_mt_urbanmapping\multimodal_cd_dataset\L15-1546E-1154N_6186_3574_13\s2\s2_L15-1546E-1154N_6186_3574_13_2018_02.tif,
L15-1546E-1154N_6186_3574_13,2018,3,2018_03,True,True,False,False,False,False,True,True,False,datasets\sen12_mt_urbanmapping\multimodal_cd_dataset\L15-1546E-1154N_6186_3574_13\s1\s1_L15-1546E-1154N_6186_3574_13_2018_03.tif,datasets\sen12_mt_urbanmapping\multimodal_cd_dataset\L15-1546E-1154N_6186_3574_13\s2\s2_L15-1546E-1154N_6186_3574_13_2018_03.tif,
L15-1546E-1154N_6186_3574_13,2018,4,2018_04,True,False,False,False,False,True,True,True,False,datasets\sen12_mt_urbanmapping\multimodal_cd_dataset\L15-1546E-1154N_6186_3574_13\s1\s1_L15-1546E-1154N_6186_3574_13_2018_04.tif,datasets\sen12_mt_urbanmapping\multimodal_cd_dataset\L15-1546E-1154N_6186_3574_13\s2\s2_L15-1546E-1154N_6186_3574_13_2018_04.tif,
L15-1546E-1154N_6186_3574_13,2018,5,2018_05,True,False,False,False,False,True,True,True,False,datasets\sen12_mt_urbanmapping\multimodal_cd_dataset\L15-1546E-1154N_6186_3574_13\s1\s1_L15-1546E-1154N_6186_3574_13_2018_05.tif,datasets\sen12_mt_urbanmapping\multimodal_cd_dataset\L15-1546E-1154N_6186_3574_13\s2\s2_L15-1546E-1154N_6186_3574_13_2018_05.tif,
L15-1546E-1154N_6186_3574_13,2018,7,2018_07,True,False,False,False,False,True,True,True,False,datasets\sen12_mt_urbanmapping\multimodal_cd_dataset\L15-1546E-1154N_6186_3574_13\s1\s1_L15-1546E-1154N_6186_3574_13_2018_07.tif,datasets\sen12_mt_urbanmapping\multimodal_cd_dataset\L15-1546E-1154N_6186_3574_13\s2\s2_L15-1546E-1154N_6186_3574_13_2018_07.tif,
L15-1546E-1154N_6186_3574_13,2018,8,2018_08,True,False,False,False,False,True,True,True,False,datasets\sen12_mt_urbanmapping\multimodal_cd_dataset\L15-1546E-1154N_6186_3574_13\s1\s1_L15-1546E-1154N_6186_3574_13_2018_08.tif,datasets\sen12_mt_urbanmapping\multimodal_cd_dataset\L15-1546E-1154N_6186_3574_13\s2\s2_L15-1546E-1154N_6186_3574_13_2018_08.tif,
L15-1546E-1154N_6186_3574_13,2018,9,2018_09,True,True,False,False,False,False,True,True,False,datasets\sen12_mt_urbanmapping\multimodal_cd_dataset\L15-1546E-1154N_6186_3574_13\s1\s1_L15-1546E-1154N_6186_3574_13_2018_09.tif,datasets\sen12_mt_urbanmapping\multimodal_cd_dataset\L15-1546E-1154N_6186_3574_13\s2\s2_L15-1546E-1154N_6186_3574_13_2018_09.tif,
L15-1546E-1154N_6186_3574_13,2018,10,2018_10,True,True,False,False,False,False,True,True,False,datasets\sen12_mt_urbanmapping\multimodal_cd_dataset\L15-1546E-1154N_6186_3574_13\s1\s1_L15-1546E-1154N_6186_3574_13_2018_10.tif,datasets\sen12_mt_urbanmapping\multimodal_cd_dataset\L15-1546E-1154N_6186_3574_13\s2\s2_L15-1546E-1154N_6186_3574_13_2018_10.tif,
L15-1546E-1154N_6186_3574_13,2018,11,2018_11,True,True,False,False,False,False,True,True,False,datasets\sen12_mt_urbanmapping\multimodal_cd_dataset\L15-1546E-1154N_6186_3574_13\s1\s1_L15-1546E-1154N_6186_3574_13_2018_11.tif,datasets\sen12_mt_urbanmapping\multimodal_cd_dataset\L15-1546E-1154N_6186_3574_13\s2\s2_L15-1546E-1154N_6186_3574_13_2018_11.tif,
L15-1546E-1154N_6186_3574_13,2018,12,2018_12,True,True,False,False,False,False,True,True,False,datasets\sen12_mt_urbanmapping\multimodal_cd_dataset\L15-1546E-1154N_6186_3574_13\s1\s1_L15-1546E-1154N_6186_3574_13_2018_12.tif,datasets\sen12_mt_urbanmapping\multimodal_cd_dataset\L15-1546E-1154N_6186_3574_13\s2\s2_L15-1546E-1154N_6186_3574_13_2018_12.tif,
L15-1546E-1154N_6186_3574_13,2019,1,2019_01,True,True,False,False,False,False,True,True,False,datasets\sen12_mt_urbanmapping\multimodal_cd_dataset\L15-1546E-1154N_6186_3574_13\s1\s1_L15-1546E-1154N_6186_3574_13_2019_01.tif,datasets\sen12_mt_urbanmapping\multimodal_cd_dataset\L15-1546E-1154N_6186_3574_13\s2\s2_L15-1546E-1154N_6186_3574_13_2019_01.tif,
L15-1546E-1154N_6186_3574_13,2019,2,2019_02,True,True,False,False,False,False,True,True,False,datasets\sen12_mt_urbanmapping\multimodal_cd_dataset\L15-1546E-1154N_6186_3574_13\s1\s1_L15-1546E-1154N_6186_3574_13_2019_02.tif,datasets\sen12_mt_urbanmapping\multimodal_cd_dataset\L15-1546E-1154N_6186_3574_13\s2\s2_L15-1546E-1154N_6186_3574_13_2019_02.tif,
L15-1546E-1154N_6186_3574_13,2019,3,2019_03,True,True,False,False,False,False,True,True,False,datasets\sen12_mt_urbanmapping\multimodal_cd_dataset\L15-1546E-1154N_6186_3574_13\s1\s1_L15-1546E-1154N_6186_3574_13_2019_03.tif,datasets\sen12_mt_urbanmapping\multimodal_cd_dataset\L15-1546E-1154N_6186_3574_13\s2\s2_L15-1546E-1154N_6186_3574_13_2019_03.tif,
L15-1546E-1154N_6186_3574_13,2019,4,2019_04,True,True,False,False,False,False,True,True,False,datasets\sen12_mt_urbanmapping\multimodal_cd_dataset\L15-1546E-1154N_6186_3574_13\s1\s1_L15-1546E-1154N_6186_3574_13_2019_04.tif,datasets\sen12_mt_urbanmapping\multimodal_cd_dataset\L15-1546E-1154N_6186_3574_13\s2\s2_L15-1546E-1154N_6186_3574_13_2019_04.tif,
L15-1546E-1154N_6186_3574_13,2019,5,2019_05,True,True,False,False,False,False,True,True,False,datasets\sen12_mt_urbanmapping\multimodal_cd_dataset\L15-1546E-1154N_6186_3574_13\s1\s1_L15-1546E-1154N_6186_3574_13_2019_05.tif,datasets\sen12_mt_urbanmapping\multimodal_cd_dataset\L15-1546E-1154N_6186_3574_13\s2\s2_L15-1546E-1154N_6186_3574_13_2019_05.tif,
L15-1546E-1154N_6186_3574_13,2019,8,2019_08,True,False,False,False,False,True,True,True,False,datasets\sen12_mt_urbanmapping\multimodal_cd_dataset\L15-1546E-1154N_6186_3574_13\s1\s1_L15-1546E-1154N_6186_3574_13_2019_08.tif,datasets\sen12_mt_urbanmapping\multimodal_cd_dataset\L15-1546E-1154N_6186_3574_13\s2\s2_L15-1546E-1154N_6186_3574_13_2019_08.tif,
L15-1546E-1154N_6186_3574_13,2019,9,2019_09,True,True,False,False,False,False,True,True,False,datasets\sen12_mt_urbanmapping\multimodal_cd_dataset\L15-1546E-1154N_6186_3574_13\s1\s1_L15-1546E-1154N_6186_3574_13_2019_09.tif,datasets\sen12_mt_urbanmapping\multimodal_cd_dataset\L15-1546E-1154N_6186_3574_13\s2\s2_L15-1546E-1154N_6186_3574_13_2019_09.tif,
L15-1546E-1154N_6186_3574_13,2019,10,2019_10,True,True,False,False,False,False,True,True,False,datasets\sen12_mt_urbanmapping\multimodal_cd_dataset\L15-1546E-1154N_6186_3574_13\s1\s1_L15-1546E-1154N_6186_3574_13_2019_10.tif,datasets\sen12_mt_urbanmapping\multimodal_cd_dataset\L15-1546E-1154N_6186_3574_13\s2\s2_L15-1546E-1154N_6186_3574_13_2019_10.tif,
L15-1546E-1154N_6186_3574_13,2019,11,2019_11,True,True,False,False,False,False,True,True,False,datasets\sen12_mt_urbanmapping\multimodal_cd_dataset\L15-1546E-1154N_6186_3574_13\s1\s1_L15-1546E-1154N_6186_3574_13_2019_11.tif,datasets\sen12_mt_urbanmapping\multimodal_cd_dataset\L15-1546E-1154N_6186_3574_13\s2\s2_L15-1546E-1154N_6186_3574_13_2019_11.tif,
L15-1546E-1154N_6186_3574_13,2019,12,2019_12,True,True,False,False,False,False,True,True,False,datasets\sen12_mt_urbanmapping\multimodal_cd_dataset\L15-1546E-1154N_6186_3574_13\s1\s1_L15-1546E-1154N_6186_3574_13_2019_12.tif,datasets\sen12_mt_urbanmapping\multimodal_cd_dataset\L15-1546E-1154N_6186_3574_13\s2\s2_L15-1546E-1154N_6186_3574_13_2019_12.tif,
L15-1546E-1154N_6186_3574_13,2020,1,2020_01,True,True,False,False,False,False,True,True,False,datasets\sen12_mt_urbanmapping\multimodal_cd_dataset\L15-1546E-1154N_6186_3574_13\s1\s1_L15-1546E-1154N_6186_3574_13_2020_01.tif,datasets\sen12_mt_urbanmapping\multimodal_cd_dataset\L15-1546E-1154N_6186_3574_13\s2\s2_L15-1546E-1154N_6186_3574_13_2020_01.tif,
L15-1615E-1205N_6461_3368_13,2017,7,2017_07,True,False,False,False,False,True,True,True,False,datasets\sen12_mt_urbanmapping\multimodal_cd_dataset\L15-1615E-1205N_6461_3368_13\s1\s1_L15-1615E-1205N_6461_3368_13_2017_07.tif,datasets\sen12_mt_urbanmapping\multimodal_cd_dataset\L15-1615E-1205N_6461_3368_13\s2\s2_L15-1615E-1205N_6461_3368_13_2017_07.tif,
L15-1615E-1205N_6461_3368_13,2017,8,2017_08,True,False,False,False,False,True,True,True,False,datasets\sen12_mt_urbanmapping\multimodal_cd_dataset\L15-1615E-1205N_6461_3368_13\s1\s1_L15-1615E-1205N_6461_3368_13_2017_08.tif,datasets\sen12_mt_urbanmapping\multimodal_cd_dataset\L15-1615E-1205N_6461_3368_13\s2\s2_L15-1615E-1205N_6461_3368_13_2017_08.tif,
L15-1615E-1205N_6461_3368_13,2017,9,2017_09,True,True,False,False,False,False,True,True,False,datasets\sen12_mt_urbanmapping\multimodal_cd_dataset\L15-1615E-1205N_6461_3368_13\s1\s1_L15-1615E-1205N_6461_3368_13_2017_09.tif,datasets\sen12_mt_urbanmapping\multimodal_cd_dataset\L15-1615E-1205N_6461_3368_13\s2\s2_L15-1615E-1205N_6461_3368_13_2017_09.tif,
L15-1615E-1205N_6461_3368_13,2017,10,2017_10,True,False,False,False,False,True,True,True,False,datasets\sen12_mt_urbanmapping\multimodal_cd_dataset\L15-1615E-1205N_6461_3368_13\s1\s1_L15-1615E-1205N_6461_3368_13_2017_10.tif,datasets\sen12_mt_urbanmapping\multimodal_cd_dataset\L15-1615E-1205N_6461_3368_13\s2\s2_L15-1615E-1205N_6461_3368_13_2017_10.tif,
L15-1615E-1205N_6461_3368_13,2017,11,2017_11,True,True,False,False,False,False,True,True,False,datasets\sen12_mt_urbanmapping\multimodal_cd_dataset\L15-1615E-1205N_6461_3368_13\s1\s1_L15-1615E-1205N_6461_3368_13_2017_11.tif,datasets\sen12_mt_urbanmapping\multimodal_cd_dataset\L15-1615E-1205N_6461_3368_13\s2\s2_L15-1615E-1205N_6461_3368_13_2017_11.tif,
L15-1615E-1205N_6461_3368_13,2018,1,2018_01,True,False,False,False,False,True,True,True,False,datasets\sen12_mt_urbanmapping\multimodal_cd_dataset\L15-1615E-1205N_6461_3368_13\s1\s1_L15-1615E-1205N_6461_3368_13_2018_01.tif,datasets\sen12_mt_urbanmapping\multimodal_cd_dataset\L15-1615E-1205N_6461_3368_13\s2\s2_L15-1615E-1205N_6461_3368_13_2018_01.tif,
L15-1615E-1205N_6461_3368_13,2018,2,2018_02,True,True,False,False,False,False,True,True,False,datasets\sen12_mt_urbanmapping\multimodal_cd_dataset\L15-1615E-1205N_6461_3368_13\s1\s1_L15-1615E-1205N_6461_3368_13_2018_02.tif,datasets\sen12_mt_urbanmapping\multimodal_cd_dataset\L15-1615E-1205N_6461_3368_13\s2\s2_L15-1615E-1205N_6461_3368_13_2018_02.tif,
L15-1615E-1205N_6461_3368_13,2018,3,2018_03,True,True,False,False,False,False,True,True,False,datasets\sen12_mt_urbanmapping\multimodal_cd_dataset\L15-1615E-1205N_6461_3368_13\s1\s1_L15-1615E-1205N_6461_3368_13_2018_03.tif,datasets\sen12_mt_urbanmapping\multimodal_cd_dataset\L15-1615E-1205N_6461_3368_13\s2\s2_L15-1615E-1205N_6461_3368_13_2018_03.tif,
L15-1615E-1205N_6461_3368_13,2018,4,2018_04,True,True,False,False,False,False,True,True,False,datasets\sen12_mt_urbanmapping\multimodal_cd_dataset\L15-1615E-1205N_6461_3368_13\s1\s1_L15-1615E-1205N_6461_3368_13_2018_04.tif,datasets\sen12_mt_urbanmapping\multimodal_cd_dataset\L15-1615E-1205N_6461_3368_13\s2\s2_L15-1615E-1205N_6461_3368_13_2018_04.tif,
L15-1615E-1205N_6461_3368_13,2018,5,2018_05,True,True,False,False,False,False,True,True,False,datasets\sen12_mt_urbanmapping\multimodal_cd_dataset\L15-1615E-1205N_6461_3368_13\s1\s1_L15-1615E-1205N_6461_3368_13_2018_05.tif,datasets\sen12_mt_urbanmapping\multimodal_cd_dataset\L15-1615E-1205N_6461_3368_13\s2\s2_L15-1615E-1205N_6461_3368_13_2018_05.tif,
L15-1615E-1205N_6461_3368_13,2018,6,2018_06,True,False,False,False,False,True,True,True,False,datasets\sen12_mt_urbanmapping\multimodal_cd_dataset\L15-1615E-1205N_6461_3368_13\s1\s1_L15-1615E-1205N_6461_3368_13_2018_06.tif,datasets\sen12_mt_urbanmapping\multimodal_cd_dataset\L15-1615E-1205N_6461_3368_13\s2\s2_L15-1615E-1205N_6461_3368_13_2018_06.tif,
L15-1615E-1205N_6461_3368_13,2018,8,2018_08,True,False,False,False,False,True,True,True,False,datasets\sen12_mt_urbanmapping\multimodal_cd_dataset\L15-1615E-1205N_6461_3368_13\s1\s1_L15-1615E-1205N_6461_3368_13_2018_08.tif,datasets\sen12_mt_urbanmapping\multimodal_cd_dataset\L15-1615E-1205N_6461_3368_13\s2\s2_L15-1615E-1205N_6461_3368_13_2018_08.tif,
L15-1615E-1205N_6461_3368_13,2018,9,2018_09,True,False,False,False,False,True,True,True,False,datasets\sen12_mt_urbanmapping\multimodal_cd_dataset\L15-1615E-1205N_6461_3368_13\s1\s1_L15-1615E-1205N_6461_3368_13_2018_09.tif,datasets\sen12_mt_urbanmapping\multimodal_cd_dataset\L15-1615E-1205N_6461_3368_13\s2\s2_L15-1615E-1205N_6461_3368_13_2018_09.tif,
L15-1615E-1205N_6461_3368_13,2018,10,2018_10,True,False,False,False,False,True,True,True,False,datasets\sen12_mt_urbanmapping\multimodal_cd_dataset\L15-1615E-1205N_6461_3368_13\s1\s1_L15-1615E-1205N_6461_3368_13_2018_10.tif,datasets\sen12_mt_urbanmapping\multimodal_cd_dataset\L15-1615E-1205N_6461_3368_13\s2\s2_L15-1615E-1205N_6461_3368_13_2018_10.tif,
L15-1615E-1205N_6461_3368_13,2018,12,2018_12,True,True,False,False,False,False,True,True,False,datasets\sen12_mt_urbanmapping\multimodal_cd_dataset\L15-1615E-1205N_6461_3368_13\s1\s1_L15-1615E-1205N_6461_3368_13_2018_12.tif,datasets\sen12_mt_urbanmapping\multimodal_cd_dataset\L15-1615E-1205N_6461_3368_13\s2\s2_L15-1615E-1205N_6461_3368_13_2018_12.tif,
L15-1615E-1205N_6461_3368_13,2019,1,2019_01,True,False,False,False,False,True,True,True,False,datasets\sen12_mt_urbanmapping\multimodal_cd_dataset\L15-1615E-1205N_6461_3368_13\s1\s1_L15-1615E-1205N_6461_3368_13_2019_01.tif,datasets\sen12_mt_urbanmapping\multimodal_cd_dataset\L15-1615E-1205N_6461_3368_13\s2\s2_L15-1615E-1205N_6461_3368_13_2019_01.tif,
L15-1615E-1205N_6461_3368_13,2019,2,2019_02,True,True,False,False,False,False,True,True,False,datasets\sen12_mt_urbanmapping\multimodal_cd_dataset\L15-1615E-1205N_6461_3368_13\s1\s1_L15-1615E-1205N_6461_3368_13_2019_02.tif,datasets\sen12_mt_urbanmapping\multimodal_cd_dataset\L15-1615E-1205N_6461_3368_13\s2\s2_L15-1615E-1205N_6461_3368_13_2019_02.tif,
L15-1615E-1205N_6461_3368_13,2019,3,2019_03,True,True,False,False,False,False,True,True,False,datasets\sen12_mt_urbanmapping\multimodal_cd_dataset\L15-1615E-1205N_6461_3368_13\s1\s1_L15-1615E-1205N_6461_3368_13_2019_03.tif,datasets\sen12_mt_urbanmapping\multimodal_cd_dataset\L15-1615E-1205N_6461_3368_13\s2\s2_L15-1615E-1205N_6461_3368_13_2019_03.tif,
L15-1615E-1205N_6461_3368_13,2019,4,2019_04,True,True,False,False,False,False,True,True,False,datasets\sen12_mt_urbanmapping\multimodal_cd_dataset\L15-1615E-1205N_6461_3368_13\s1\s1_L15-1615E-1205N_6461_3368_13_2019_04.tif,datasets\sen12_mt_urbanmapping\multimodal_cd_dataset\L15-1615E-1205N_6461_3368_13\s2\s2_L15-1615E-1205N_6461_3368_13_2019_04.tif,
L15-1615E-1205N_6461_3368_13,2019,5,2019_05,True,False,False,False,False,True,True,True,False,datasets\sen12_mt_urbanmapping\multimodal_cd_dataset\L15-1615E-1205N_6461_3368_13\s1\s1_L15-1615E-1205N_6461_3368_13_2019_05.tif,datasets\sen12_mt_urbanmapping\multimodal_cd_dataset\L15-1615E-1205N_6461_3368_13\s2\s2_L15-1615E-1205N_6461_3368_13_2019_05.tif,
L15-1615E-1205N_6461_3368_13,2019,6,2019_06,True,True,False,False,False,False,True,True,False,datasets\sen12_mt_urbanmapping\multimodal_cd_dataset\L15-1615E-1205N_6461_3368_13\s1\s1_L15-1615E-1205N_6461_3368_13_2019_06.tif,datasets\sen12_mt_urbanmapping\multimodal_cd_dataset\L15-1615E-1205N_6461_3368_13\s2\s2_L15-1615E-1205N_6461_3368_13_2019_06.tif,
L15-1615E-1205N_6461_3368_13,2019,7,2019_07,True,False,False,False,False,True,True,True,False,datasets\sen12_mt_urbanmapping\multimodal_cd_dataset\L15-1615E-1205N_6461_3368_13\s1\s1_L15-1615E-1205N_6461_3368_13_2019_07.tif,datasets\sen12_mt_urbanmapping\multimodal_cd_dataset\L15-1615E-1205N_6461_3368_13\s2\s2_L15-1615E-1205N_6461_3368_13_2019_07.tif,
L15-1615E-1205N_6461_3368_13,2019,8,2019_08,True,True,False,False,False,False,True,True,False,datasets\sen12_mt_urbanmapping\multimodal_cd_dataset\L15-1615E-1205N_6461_3368_13\s1\s1_L15-1615E-1205N_6461_3368_13_2019_08.tif,datasets\sen12_mt_urbanmapping\multimodal_cd_dataset\L15-1615E-1205N_6461_3368_13\s2\s2_L15-1615E-1205N_6461_3368_13_2019_08.tif,
L15-1615E-1205N_6461_3368_13,2019,9,2019_09,True,False,False,False,False,True,True,True,False,datasets\sen12_mt_urbanmapping\multimodal_cd_dataset\L15-1615E-1205N_6461_3368_13\s1\s1_L15-1615E-1205N_6461_3368_13_2019_09.tif,datasets\sen12_mt_urbanmapping\multimodal_cd_dataset\L15-1615E-1205N_6461_3368_13\s2\s2_L15-1615E-1205N_6461_3368_13_2019_09.tif,
L15-1630E-0988N_6522_4239_13,2018,1,2018_01,True,False,False,False,False,True,True,True,False,datasets\sen12_mt_urbanmapping\multimodal_cd_dataset\L15-1630E-0988N_6522_4239_13\s1\s1_L15-1630E-0988N_6522_4239_13_2018_01.tif,datasets\sen12_mt_urbanmapping\multimodal_cd_dataset\L15-1630E-0988N_6522_4239_13\s2\s2_L15-1630E-0988N_6522_4239_13_2018_01.tif,
L15-1630E-0988N_6522_4239_13,2018,2,2018_02,True,False,False,False,False,True,True,True,False,datasets\sen12_mt_urbanmapping\multimodal_cd_dataset\L15-1630E-0988N_6522_4239_13\s1\s1_L15-1630E-0988N_6522_4239_13_2018_02.tif,datasets\sen12_mt_urbanmapping\multimodal_cd_dataset\L15-1630E-0988N_6522_4239_13\s2\s2_L15-1630E-0988N_6522_4239_13_2018_02.tif,
L15-1630E-0988N_6522_4239_13,2018,3,2018_03,True,True,False,False,False,False,True,True,False,datasets\sen12_mt_urbanmapping\multimodal_cd_dataset\L15-1630E-0988N_6522_4239_13\s1\s1_L15-1630E-0988N_6522_4239_13_2018_03.tif,datasets\sen12_mt_urbanmapping\multimodal_cd_dataset\L15-1630E-0988N_6522_4239_13\s2\s2_L15-1630E-0988N_6522_4239_13_2018_03.tif,
L15-1630E-0988N_6522_4239_13,2018,4,2018_04,True,True,False,False,False,False,True,True,False,datasets\sen12_mt_urbanmapping\multimodal_cd_dataset\L15-1630E-0988N_6522_4239_13\s1\s1_L15-1630E-0988N_6522_4239_13_2018_04.tif,datasets\sen12_mt_urbanmapping\multimodal_cd_dataset\L15-1630E-0988N_6522_4239_13\s2\s2_L15-1630E-0988N_6522_4239_13_2018_04.tif,
L15-1630E-0988N_6522_4239_13,2018,5,2018_05,True,False,False,False,False,True,True,True,False,datasets\sen12_mt_urbanmapping\multimodal_cd_dataset\L15-1630E-0988N_6522_4239_13\s1\s1_L15-1630E-0988N_6522_4239_13_2018_05.tif,datasets\sen12_mt_urbanmapping\multimodal_cd_dataset\L15-1630E-0988N_6522_4239_13\s2\s2_L15-1630E-0988N_6522_4239_13_2018_05.tif,
L15-1630E-0988N_6522_4239_13,2018,6,2018_06,True,True,False,False,False,False,True,True,False,datasets\sen12_mt_urbanmapping\multimodal_cd_dataset\L15-1630E-0988N_6522_4239_13\s1\s1_L15-1630E-0988N_6522_4239_13_2018_06.tif,datasets\sen12_mt_urbanmapping\multimodal_cd_dataset\L15-1630E-0988N_6522_4239_13\s2\s2_L15-1630E-0988N_6522_4239_13_2018_06.tif,
L15-1630E-0988N_6522_4239_13,2018,7,2018_07,True,True,False,False,False,False,True,True,False,datasets\sen12_mt_urbanmapping\multimodal_cd_dataset\L15-1630E-0988N_6522_4239_13\s1\s1_L15-1630E-0988N_6522_4239_13_2018_07.tif,datasets\sen12_mt_urbanmapping\multimodal_cd_dataset\L15-1630E-0988N_6522_4239_13\s2\s2_L15-1630E-0988N_6522_4239_13_2018_07.tif,
L15-1630E-0988N_6522_4239_13,2018,8,2018_08,True,True,False,False,False,False,True,True,False,datasets\sen12_mt_urbanmapping\multimodal_cd_dataset\L15-1630E-0988N_6522_4239_13\s1\s1_L15-1630E-0988N_6522_4239_13_2018_08.tif,datasets\sen12_mt_urbanmapping\multimodal_cd_dataset\L15-1630E-0988N_6522_4239_13\s2\s2_L15-1630E-0988N_6522_4239_13_2018_08.tif,
L15-1630E-0988N_6522_4239_13,2018,9,2018_09,True,False,False,False,False,True,True,True,False,datasets\sen12_mt_urbanmapping\multimodal_cd_dataset\L15-1630E-0988N_6522_4239_13\s1\s1_L15-1630E-0988N_6522_4239_13_2018_09.tif,datasets\sen12_mt_urbanmapping\multimodal_cd_dataset\L15-1630E-0988N_6522_4239_13\s2\s2_L15-1630E-0988N_6522_4239_13_2018_09.tif,
L15-1630E-0988N_6522_4239_13,2018,10,2018_10,True,False,False,False,False,True,True,True,False,datasets\sen12_mt_urbanmapping\multimodal_cd_dataset\L15-1630E-0988N_6522_4239_13\s1\s1_L15-1630E-0988N_6522_4239_13_2018_10.tif,datasets\sen12_mt_urbanmapping\multimodal_cd_dataset\L15-1630E-0988N_6522_4239_13\s2\s2_L15-1630E-0988N_6522_4239_13_2018_10.tif,
L15-1630E-0988N_6522_4239_13,2018,11,2018_11,True,True,False,False,False,False,True,True,False,datasets\sen12_mt_urbanmapping\multimodal_cd_dataset\L15-1630E-0988N_6522_4239_13\s1\s1_L15-1630E-0988N_6522_4239_13_2018_11.tif,datasets\sen12_mt_urbanmapping\multimodal_cd_dataset\L15-1630E-0988N_6522_4239_13\s2\s2_L15-1630E-0988N_6522_4239_13_2018_11.tif,
L15-1630E-0988N_6522_4239_13,2018,12,2018_12,True,False,False,False,False,True,True,True,False,datasets\sen12_mt_urbanmapping\multimodal_cd_dataset\L15-1630E-0988N_6522_4239_13\s1\s1_L15-1630E-0988N_6522_4239_13_2018_12.tif,datasets\sen12_mt_urbanmapping\multimodal_cd_dataset\L15-1630E-0988N_6522_4239_13\s2\s2_L15-1630E-0988N_6522_4239_13_2018_12.tif,
L15-1630E-0988N_6522_4239_13,2019,1,2019_01,True,False,False,False,False,True,True,True,False,datasets\sen12_mt_urbanmapping\multimodal_cd_dataset\L15-1630E-0988N_6522_4239_13\s1\s1_L15-1630E-0988N_6522_4239_13_2019_01.tif,datasets\sen12_mt_urbanmapping\multimodal_cd_dataset\L15-1630E-0988N_6522_4239_13\s2\s2_L15-1630E-0988N_6522_4239_13_2019_01.tif,
L15-1630E-0988N_6522_4239_13,2019,2,2019_02,True,False,False,False,False,True,True,True,False,datasets\sen12_mt_urbanmapping\multimodal_cd_dataset\L15-1630E-0988N_6522_4239_13\s1\s1_L15-1630E-0988N_6522_4239_13_2019_02.tif,datasets\sen12_mt_urbanmapping\multimodal_cd_dataset\L15-1630E-0988N_6522_4239_13\s2\s2_L15-1630E-0988N_6522_4239_13_2019_02.tif,
L15-1630E-0988N_6522_4239_13,2019,3,2019_03,True,False,False,False,False,True,True,True,False,datasets\sen12_mt_urbanmapping\multimodal_cd_dataset\L15-1630E-0988N_6522_4239_13\s1\s1_L15-1630E-0988N_6522_4239_13_2019_03.tif,datasets\sen12_mt_urbanmapping\multimodal_cd_dataset\L15-1630E-0988N_6522_4239_13\s2\s2_L15-1630E-0988N_6522_4239_13_2019_03.tif,
L15-1630E-0988N_6522_4239_13,2019,4,2019_04,True,True,False,False,False,False,True,True,False,datasets\sen12_mt_urbanmapping\multimodal_cd_dataset\L15-1630E-0988N_6522_4239_13\s1\s1_L15-1630E-0988N_6522_4239_13_2019_04.tif,datasets\sen12_mt_urbanmapping\multimodal_cd_dataset\L15-1630E-0988N_6522_4239_13\s2\s2_L15-1630E-0988N_6522_4239_13_2019_04.tif,
L15-1630E-0988N_6522_4239_13,2019,5,2019_05,True,False,False,False,False,True,True,True,False,datasets\sen12_mt_urbanmapping\multimodal_cd_dataset\L15-1630E-0988N_6522_4239_13\s1\s1_L15-1630E-0988N_6522_4239_13_2019_05.tif,datasets\sen12_mt_urbanmapping\multimodal_cd_dataset\L15-1630E-0988N_6522_4239_13\s2\s2_L15-1630E-0988N_6522_4239_13_2019_05.tif,
L15-1630E-0988N_6522_4239_13,2019,6,2019_06,True,True,False,False,False,False,True,True,False,datasets\sen12_mt_urbanmapping\multimodal_cd_dataset\L15-1630E-0988N_6522_4239_13\s1\s1_L15-1630E-0988N_6522_4239_13_2019_06.tif,datasets\sen12_mt_urbanmapping\multimodal_cd_dataset\L15-1630E-0988N_6522_4239_13\s2\s2_L15-1630E-0988N_6522_4239_13_2019_06.tif,
L15-1630E-0988N_6522_4239_13,2019,7,2019_07,True,True,False,False,False,False,True,True,False,datasets\sen12_mt_urbanmapping\multimodal_cd_dataset\L15-1630E-0988N_6522_4239_13\s1\s1_L15-1630E-0988N_6522_4239_13_2019_07.tif,datasets\sen12_mt_urbanmapping\multimodal_cd_dataset\L15-1630E-0988N_6522_4239_13\s2\s2_L15-1630E-0988N_6522_4239_13_2019_07.tif,
L15-1630E-0988N_6522_4239_13,2019,8,2019_08,True,True,False,False,False,False,True,True,False,datasets\sen12_mt_urbanmapping\multimodal_cd_dataset\L15-1630E-0988N_6522_4239_13\s1\s1_L15-1630E-0988N_6522_4239_13_2019_08.tif,datasets\sen12_mt_urbanmapping\multimodal_cd_dataset\L15-1630E-0988N_6522_4239_13\s2\s2_L15-1630E-0988N_6522_4239_13_2019_08.tif,
L15-1630E-0988N_6522_4239_13,2019,9,2019_09,True,True,False,False,False,False,True,True,False,datasets\sen12_mt_urbanmapping\multimodal_cd_dataset\L15-1630E-0988N_6522_4239_13\s1\s1_L15-1630E-0988N_6522_4239_13_2019_09.tif,datasets\sen12_mt_urbanmapping\multimodal_cd_dataset\L15-1630E-0988N_6522_4239_13\s2\s2_L15-1630E-0988N_6522_4239_13_2019_09.tif,
L15-1630E-0988N_6522_4239_13,2019,10,2019_10,True,True,False,False,False,False,True,True,False,datasets\sen12_mt_urbanmapping\multimodal_cd_dataset\L15-1630E-0988N_6522_4239_13\s1\s1_L15-1630E-0988N_6522_4239_13_2019_10.tif,datasets\sen12_mt_urbanmapping\multimodal_cd_dataset\L15-1630E-0988N_6522_4239_13\s2\s2_L15-1630E-0988N_6522_4239_13_2019_10.tif,
L15-1630E-0988N_6522_4239_13,2019,11,2019_11,True,True,False,False,False,False,True,True,False,datasets\sen12_mt_urbanmapping\multimodal_cd_dataset\L15-1630E-0988N_6522_4239_13\s1\s1_L15-1630E-0988N_6522_4239_13_2019_11.tif,datasets\sen12_mt_urbanmapping\multimodal_cd_dataset\L15-1630E-0988N_6522_4239_13\s2\s2_L15-1630E-0988N_6522_4239_13_2019_11.tif,
L15-1630E-0988N_6522_4239_13,2019,12,2019_12,True,True,False,False,False,False,True,True,False,datasets\sen12_mt_urbanmapping\multimodal_cd_dataset\L15-1630E-0988N_6522_4239_13\s1\s1_L15-1630E-0988N_6522_4239_13_2019_12.tif,datasets\sen12_mt_urbanmapping\multimodal_cd_dataset\L15-1630E-0988N_6522_4239_13\s2\s2_L15-1630E-0988N_6522_4239_13_2019_12.tif,
L15-1630E-0988N_6522_4239_13,2020,1,2020_01,True,False,False,False,False,True,True,True,False,datasets\sen12_mt_urbanmapping\multimodal_cd_dataset\L15-1630E-0988N_6522_4239_13\s1\s1_L15-1630E-0988N_6522_4239_13_2020_01.tif,datasets\sen12_mt_urbanmapping\multimodal_cd_dataset\L15-1630E-0988N_6522_4239_13\s2\s2_L15-1630E-0988N_6522_4239_13_2020_01.tif,
L15-1666E-1189N_6665_3433_13,2018,1,2018_01,True,False,False,False,False,True,True,True,False,datasets\sen12_mt_urbanmapping\multimodal_cd_dataset\L15-1666E-1189N_6665_3433_13\s1\s1_L15-1666E-1189N_6665_3433_13_2018_01.tif,datasets\sen12_mt_urbanmapping\multimodal_cd_dataset\L15-1666E-1189N_6665_3433_13\s2\s2_L15-1666E-1189N_6665_3433_13_2018_01.tif,
L15-1666E-1189N_6665_3433_13,2018,2,2018_02,True,True,False,False,False,False,True,True,False,datasets\sen12_mt_urbanmapping\multimodal_cd_dataset\L15-1666E-1189N_6665_3433_13\s1\s1_L15-1666E-1189N_6665_3433_13_2018_02.tif,datasets\sen12_mt_urbanmapping\multimodal_cd_dataset\L15-1666E-1189N_6665_3433_13\s2\s2_L15-1666E-1189N_6665_3433_13_2018_02.tif,
L15-1666E-1189N_6665_3433_13,2018,3,2018_03,True,False,False,False,False,True,True,True,False,datasets\sen12_mt_urbanmapping\multimodal_cd_dataset\L15-1666E-1189N_6665_3433_13\s1\s1_L15-1666E-1189N_6665_3433_13_2018_03.tif,datasets\sen12_mt_urbanmapping\multimodal_cd_dataset\L15-1666E-1189N_6665_3433_13\s2\s2_L15-1666E-1189N_6665_3433_13_2018_03.tif,
L15-1666E-1189N_6665_3433_13,2018,4,2018_04,True,True,False,False,False,False,True,True,False,datasets\sen12_mt_urbanmapping\multimodal_cd_dataset\L15-1666E-1189N_6665_3433_13\s1\s1_L15-1666E-1189N_6665_3433_13_2018_04.tif,datasets\sen12_mt_urbanmapping\multimodal_cd_dataset\L15-1666E-1189N_6665_3433_13\s2\s2_L15-1666E-1189N_6665_3433_13_2018_04.tif,
L15-1666E-1189N_6665_3433_13,2018,5,2018_05,True,False,False,False,False,True,True,True,False,datasets\sen12_mt_urbanmapping\multimodal_cd_dataset\L15-1666E-1189N_6665_3433_13\s1\s1_L15-1666E-1189N_6665_3433_13_2018_05.tif,datasets\sen12_mt_urbanmapping\multimodal_cd_dataset\L15-1666E-1189N_6665_3433_13\s2\s2_L15-1666E-1189N_6665_3433_13_2018_05.tif,
L15-1666E-1189N_6665_3433_13,2018,6,2018_06,True,True,False,False,False,False,True,True,False,datasets\sen12_mt_urbanmapping\multimodal_cd_dataset\L15-1666E-1189N_6665_3433_13\s1\s1_L15-1666E-1189N_6665_3433_13_2018_06.tif,datasets\sen12_mt_urbanmapping\multimodal_cd_dataset\L15-1666E-1189N_6665_3433_13\s2\s2_L15-1666E-1189N_6665_3433_13_2018_06.tif,
L15-1666E-1189N_6665_3433_13,2018,7,2018_07,True,False,False,False,False,True,True,True,False,datasets\sen12_mt_urbanmapping\multimodal_cd_dataset\L15-1666E-1189N_6665_3433_13\s1\s1_L15-1666E-1189N_6665_3433_13_2018_07.tif,datasets\sen12_mt_urbanmapping\multimodal_cd_dataset\L15-1666E-1189N_6665_3433_13\s2\s2_L15-1666E-1189N_6665_3433_13_2018_07.tif,
L15-1666E-1189N_6665_3433_13,2018,8,2018_08,True,False,False,False,False,True,True,True,False,datasets\sen12_mt_urbanmapping\multimodal_cd_dataset\L15-1666E-1189N_6665_3433_13\s1\s1_L15-1666E-1189N_6665_3433_13_2018_08.tif,datasets\sen12_mt_urbanmapping\multimodal_cd_dataset\L15-1666E-1189N_6665_3433_13\s2\s2_L15-1666E-1189N_6665_3433_13_2018_08.tif,
L15-1666E-1189N_6665_3433_13,2018,9,2018_09,True,True,False,False,False,False,True,True,False,datasets\sen12_mt_urbanmapping\multimodal_cd_dataset\L15-1666E-1189N_6665_3433_13\s1\s1_L15-1666E-1189N_6665_3433_13_2018_09.tif,datasets\sen12_mt_urbanmapping\multimodal_cd_dataset\L15-1666E-1189N_6665_3433_13\s2\s2_L15-1666E-1189N_6665_3433_13_2018_09.tif,
L15-1666E-1189N_6665_3433_13,2018,10,2018_10,True,True,False,False,False,False,True,True,False,datasets\sen12_mt_urbanmapping\multimodal_cd_dataset\L15-1666E-1189N_6665_3433_13\s1\s1_L15-1666E-1189N_6665_3433_13_2018_10.tif,datasets\sen12_mt_urbanmapping\multimodal_cd_dataset\L15-1666E-1189N_6665_3433_13\s2\s2_L15-1666E-1189N_6665_3433_13_2018_10.tif,
L15-1666E-1189N_6665_3433_13,2018,11,2018_11,True,True,False,False,False,False,True,True,False,datasets\sen12_mt_urbanmapping\multimodal_cd_dataset\L15-1666E-1189N_6665_3433_13\s1\s1_L15-1666E-1189N_6665_3433_13_2018_11.tif,datasets\sen12_mt_urbanmapping\multimodal_cd_dataset\L15-1666E-1189N_6665_3433_13\s2\s2_L15-1666E-1189N_6665_3433_13_2018_11.tif,
L15-1666E-1189N_6665_3433_13,2018,12,2018_12,True,False,False,False,False,True,True,True,False,datasets\sen12_mt_urbanmapping\multimodal_cd_dataset\L15-1666E-1189N_6665_3433_13\s1\s1_L15-1666E-1189N_6665_3433_13_2018_12.tif,datasets\sen12_mt_urbanmapping\multimodal_cd_dataset\L15-1666E-1189N_6665_3433_13\s2\s2_L15-1666E-1189N_6665_3433_13_2018_12.tif,
L15-1666E-1189N_6665_3433_13,2019,1,2019_01,True,True,False,False,False,False,True,True,False,datasets\sen12_mt_urbanmapping\multimodal_cd_dataset\L15-1666E-1189N_6665_3433_13\s1\s1_L15-1666E-1189N_6665_3433_13_2019_01.tif,datasets\sen12_mt_urbanmapping\multimodal_cd_dataset\L15-1666E-1189N_6665_3433_13\s2\s2_L15-1666E-1189N_6665_3433_13_2019_01.tif,
L15-1666E-1189N_6665_3433_13,2019,3,2019_03,True,True,False,False,False,False,True,True,False,datasets\sen12_mt_urbanmapping\multimodal_cd_dataset\L15-1666E-1189N_6665_3433_13\s1\s1_L15-1666E-1189N_6665_3433_13_2019_03.tif,datasets\sen12_mt_urbanmapping\multimodal_cd_dataset\L15-1666E-1189N_6665_3433_13\s2\s2_L15-1666E-1189N_6665_3433_13_2019_03.tif,
L15-1666E-1189N_6665_3433_13,2019,4,2019_04,True,True,False,False,False,False,True,True,False,datasets\sen12_mt_urbanmapping\multimodal_cd_dataset\L15-1666E-1189N_6665_3433_13\s1\s1_L15-1666E-1189N_6665_3433_13_2019_04.tif,datasets\sen12_mt_urbanmapping\multimodal_cd_dataset\L15-1666E-1189N_6665_3433_13\s2\s2_L15-1666E-1189N_6665_3433_13_2019_04.tif,
L15-1666E-1189N_6665_3433_13,2019,5,2019_05,True,True,False,False,False,False,True,True,False,datasets\sen12_mt_urbanmapping\multimodal_cd_dataset\L15-1666E-1189N_6665_3433_13\s1\s1_L15-1666E-1189N_6665_3433_13_2019_05.tif,datasets\sen12_mt_urbanmapping\multimodal_cd_dataset\L15-1666E-1189N_6665_3433_13\s2\s2_L15-1666E-1189N_6665_3433_13_2019_05.tif,
L15-1666E-1189N_6665_3433_13,2019,6,2019_06,True,False,False,False,False,True,True,True,False,datasets\sen12_mt_urbanmapping\multimodal_cd_dataset\L15-1666E-1189N_6665_3433_13\s1\s1_L15-1666E-1189N_6665_3433_13_2019_06.tif,datasets\sen12_mt_urbanmapping\multimodal_cd_dataset\L15-1666E-1189N_6665_3433_13\s2\s2_L15-1666E-1189N_6665_3433_13_2019_06.tif,
L15-1666E-1189N_6665_3433_13,2019,7,2019_07,True,False,False,False,False,True,True,True,False,datasets\sen12_mt_urbanmapping\multimodal_cd_dataset\L15-1666E-1189N_6665_3433_13\s1\s1_L15-1666E-1189N_6665_3433_13_2019_07.tif,datasets\sen12_mt_urbanmapping\multimodal_cd_dataset\L15-1666E-1189N_6665_3433_13\s2\s2_L15-1666E-1189N_6665_3433_13_2019_07.tif,
L15-1666E-1189N_6665_3433_13,2019,8,2019_08,True,False,False,False,False,True,True,True,False,datasets\sen12_mt_urbanmapping\multimodal_cd_dataset\L15-1666E-1189N_6665_3433_13\s1\s1_L15-1666E-1189N_6665_3433_13_2019_08.tif,datasets\sen12_mt_urbanmapping\multimodal_cd_dataset\L15-1666E-1189N_6665_3433_13\s2\s2_L15-1666E-1189N_6665_3433_13_2019_08.tif,
L15-1666E-1189N_6665_3433_13,2019,9,2019_09,True,True,False,False,False,False,True,True,False,datasets\sen12_mt_urbanmapping\multimodal_cd_dataset\L15-1666E-1189N_6665_3433_13\s1\s1_L15-1666E-1189N_6665_3433_13_2019_09.tif,datasets\sen12_mt_urbanmapping\multimodal_cd_dataset\L15-1666E-1189N_6665_3433_13\s2\s2_L15-1666E-1189N_6665_3433_13_2019_09.tif,
L15-1666E-1189N_6665_3433_13,2019,10,2019_10,True,True,False,False,False,False,True,True,False,datasets\sen12_mt_urbanmapping\multimodal_cd_dataset\L15-1666E-1189N_6665_3433_13\s1\s1_L15-1666E-1189N_6665_3433_13_2019_10.tif,datasets\sen12_mt_urbanmapping\multimodal_cd_dataset\L15-1666E-1189N_6665_3433_13\s2\s2_L15-1666E-1189N_6665_3433_13_2019_10.tif,
L15-1666E-1189N_6665_3433_13,2019,11,2019_11,True,True,False,False,False,False,True,True,False,datasets\sen12_mt_urbanmapping\multimodal_cd_dataset\L15-1666E-1189N_6665_3433_13\s1\s1_L15-1666E-1189N_6665_3433_13_2019_11.tif,datasets\sen12_mt_urbanmapping\multimodal_cd_dataset\L15-1666E-1189N_6665_3433_13\s2\s2_L15-1666E-1189N_6665_3433_13_2019_11.tif,
L15-1666E-1189N_6665_3433_13,2019,12,2019_12,True,True,False,False,False,False,True,True,False,datasets\sen12_mt_urbanmapping\multimodal_cd_dataset\L15-1666E-1189N_6665_3433_13\s1\s1_L15-1666E-1189N_6665_3433_13_2019_12.tif,datasets\sen12_mt_urbanmapping\multimodal_cd_dataset\L15-1666E-1189N_6665_3433_13\s2\s2_L15-1666E-1189N_6665_3433_13_2019_12.tif,
L15-1666E-1189N_6665_3433_13,2020,1,2020_01,True,False,False,False,False,True,True,True,False,datasets\sen12_mt_urbanmapping\multimodal_cd_dataset\L15-1666E-1189N_6665_3433_13\s1\s1_L15-1666E-1189N_6665_3433_13_2020_01.tif,datasets\sen12_mt_urbanmapping\multimodal_cd_dataset\L15-1666E-1189N_6665_3433_13\s2\s2_L15-1666E-1189N_6665_3433_13_2020_01.tif,
L15-1670E-1159N_6681_3552_13,2017,7,2017_07,True,False,False,False,False,True,True,True,False,datasets\sen12_mt_urbanmapping\multimodal_cd_dataset\L15-1670E-1159N_6681_3552_13\s1\s1_L15-1670E-1159N_6681_3552_13_2017_07.tif,datasets\sen12_mt_urbanmapping\multimodal_cd_dataset\L15-1670E-1159N_6681_3552_13\s2\s2_L15-1670E-1159N_6681_3552_13_2017_07.tif,
L15-1670E-1159N_6681_3552_13,2017,8,2017_08,True,False,False,False,False,True,True,True,False,datasets\sen12_mt_urbanmapping\multimodal_cd_dataset\L15-1670E-1159N_6681_3552_13\s1\s1_L15-1670E-1159N_6681_3552_13_2017_08.tif,datasets\sen12_mt_urbanmapping\multimodal_cd_dataset\L15-1670E-1159N_6681_3552_13\s2\s2_L15-1670E-1159N_6681_3552_13_2017_08.tif,
L15-1670E-1159N_6681_3552_13,2017,9,2017_09,True,True,False,False,False,False,True,True,False,datasets\sen12_mt_urbanmapping\multimodal_cd_dataset\L15-1670E-1159N_6681_3552_13\s1\s1_L15-1670E-1159N_6681_3552_13_2017_09.tif,datasets\sen12_mt_urbanmapping\multimodal_cd_dataset\L15-1670E-1159N_6681_3552_13\s2\s2_L15-1670E-1159N_6681_3552_13_2017_09.tif,
L15-1670E-1159N_6681_3552_13,2017,10,2017_10,True,True,False,False,False,False,True,True,False,datasets\sen12_mt_urbanmapping\multimodal_cd_dataset\L15-1670E-1159N_6681_3552_13\s1\s1_L15-1670E-1159N_6681_3552_13_2017_10.tif,datasets\sen12_mt_urbanmapping\multimodal_cd_dataset\L15-1670E-1159N_6681_3552_13\s2\s2_L15-1670E-1159N_6681_3552_13_2017_10.tif,
L15-1670E-1159N_6681_3552_13,2017,11,2017_11,True,True,False,False,False,False,True,True,False,datasets\sen12_mt_urbanmapping\multimodal_cd_dataset\L15-1670E-1159N_6681_3552_13\s1\s1_L15-1670E-1159N_6681_3552_13_2017_11.tif,datasets\sen12_mt_urbanmapping\multimodal_cd_dataset\L15-1670E-1159N_6681_3552_13\s2\s2_L15-1670E-1159N_6681_3552_13_2017_11.tif,
L15-1670E-1159N_6681_3552_13,2018,1,2018_01,True,True,False,False,False,False,True,True,False,datasets\sen12_mt_urbanmapping\multimodal_cd_dataset\L15-1670E-1159N_6681_3552_13\s1\s1_L15-1670E-1159N_6681_3552_13_2018_01.tif,datasets\sen12_mt_urbanmapping\multimodal_cd_dataset\L15-1670E-1159N_6681_3552_13\s2\s2_L15-1670E-1159N_6681_3552_13_2018_01.tif,
L15-1670E-1159N_6681_3552_13,2018,2,2018_02,True,False,False,False,False,True,True,True,False,datasets\sen12_mt_urbanmapping\multimodal_cd_dataset\L15-1670E-1159N_6681_3552_13\s1\s1_L15-1670E-1159N_6681_3552_13_2018_02.tif,datasets\sen12_mt_urbanmapping\multimodal_cd_dataset\L15-1670E-1159N_6681_3552_13\s2\s2_L15-1670E-1159N_6681_3552_13_2018_02.tif,
L15-1670E-1159N_6681_3552_13,2018,3,2018_03,True,True,False,False,False,False,True,True,False,datasets\sen12_mt_urbanmapping\multimodal_cd_dataset\L15-1670E-1159N_6681_3552_13\s1\s1_L15-1670E-1159N_6681_3552_13_2018_03.tif,datasets\sen12_mt_urbanmapping\multimodal_cd_dataset\L15-1670E-1159N_6681_3552_13\s2\s2_L15-1670E-1159N_6681_3552_13_2018_03.tif,
L15-1670E-1159N_6681_3552_13,2018,4,2018_04,True,False,False,False,False,True,True,True,False,datasets\sen12_mt_urbanmapping\multimodal_cd_dataset\L15-1670E-1159N_6681_3552_13\s1\s1_L15-1670E-1159N_6681_3552_13_2018_04.tif,datasets\sen12_mt_urbanmapping\multimodal_cd_dataset\L15-1670E-1159N_6681_3552_13\s2\s2_L15-1670E-1159N_6681_3552_13_2018_04.tif,
L15-1670E-1159N_6681_3552_13,2018,5,2018_05,True,False,False,False,False,True,True,True,False,datasets\sen12_mt_urbanmapping\multimodal_cd_dataset\L15-1670E-1159N_6681_3552_13\s1\s1_L15-1670E-1159N_6681_3552_13_2018_05.tif,datasets\sen12_mt_urbanmapping\multimodal_cd_dataset\L15-1670E-1159N_6681_3552_13\s2\s2_L15-1670E-1159N_6681_3552_13_2018_05.tif,
L15-1670E-1159N_6681_3552_13,2018,6,2018_06,True,False,False,False,False,True,True,True,False,datasets\sen12_mt_urbanmapping\multimodal_cd_dataset\L15-1670E-1159N_6681_3552_13\s1\s1_L15-1670E-1159N_6681_3552_13_2018_06.tif,datasets\sen12_mt_urbanmapping\multimodal_cd_dataset\L15-1670E-1159N_6681_3552_13\s2\s2_L15-1670E-1159N_6681_3552_13_2018_06.tif,
L15-1670E-1159N_6681_3552_13,2018,7,2018_07,True,False,False,False,False,True,True,True,False,datasets\sen12_mt_urbanmapping\multimodal_cd_dataset\L15-1670E-1159N_6681_3552_13\s1\s1_L15-1670E-1159N_6681_3552_13_2018_07.tif,datasets\sen12_mt_urbanmapping\multimodal_cd_dataset\L15-1670E-1159N_6681_3552_13\s2\s2_L15-1670E-1159N_6681_3552_13_2018_07.tif,
L15-1670E-1159N_6681_3552_13,2018,8,2018_08,True,False,False,False,False,True,True,True,False,datasets\sen12_mt_urbanmapping\multimodal_cd_dataset\L15-1670E-1159N_6681_3552_13\s1\s1_L15-1670E-1159N_6681_3552_13_2018_08.tif,datasets\sen12_mt_urbanmapping\multimodal_cd_dataset\L15-1670E-1159N_6681_3552_13\s2\s2_L15-1670E-1159N_6681_3552_13_2018_08.tif,
L15-1670E-1159N_6681_3552_13,2018,9,2018_09,True,False,False,False,False,True,True,True,False,datasets\sen12_mt_urbanmapping\multimodal_cd_dataset\L15-1670E-1159N_6681_3552_13\s1\s1_L15-1670E-1159N_6681_3552_13_2018_09.tif,datasets\sen12_mt_urbanmapping\multimodal_cd_dataset\L15-1670E-1159N_6681_3552_13\s2\s2_L15-1670E-1159N_6681_3552_13_2018_09.tif,
L15-1670E-1159N_6681_3552_13,2018,10,2018_10,True,True,False,False,False,False,True,True,False,datasets\sen12_mt_urbanmapping\multimodal_cd_dataset\L15-1670E-1159N_6681_3552_13\s1\s1_L15-1670E-1159N_6681_3552_13_2018_10.tif,datasets\sen12_mt_urbanmapping\multimodal_cd_dataset\L15-1670E-1159N_6681_3552_13\s2\s2_L15-1670E-1159N_6681_3552_13_2018_10.tif,
L15-1670E-1159N_6681_3552_13,2018,11,2018_11,True,False,False,False,False,True,True,True,False,datasets\sen12_mt_urbanmapping\multimodal_cd_dataset\L15-1670E-1159N_6681_3552_13\s1\s1_L15-1670E-1159N_6681_3552_13_2018_11.tif,datasets\sen12_mt_urbanmapping\multimodal_cd_dataset\L15-1670E-1159N_6681_3552_13\s2\s2_L15-1670E-1159N_6681_3552_13_2018_11.tif,
L15-1670E-1159N_6681_3552_13,2018,12,2018_12,True,False,False,False,False,True,True,True,False,datasets\sen12_mt_urbanmapping\multimodal_cd_dataset\L15-1670E-1159N_6681_3552_13\s1\s1_L15-1670E-1159N_6681_3552_13_2018_12.tif,datasets\sen12_mt_urbanmapping\multimodal_cd_dataset\L15-1670E-1159N_6681_3552_13\s2\s2_L15-1670E-1159N_6681_3552_13_2018_12.tif,
L15-1670E-1159N_6681_3552_13,2019,1,2019_01,True,True,False,False,False,False,True,True,False,datasets\sen12_mt_urbanmapping\multimodal_cd_dataset\L15-1670E-1159N_6681_3552_13\s1\s1_L15-1670E-1159N_6681_3552_13_2019_01.tif,datasets\sen12_mt_urbanmapping\multimodal_cd_dataset\L15-1670E-1159N_6681_3552_13\s2\s2_L15-1670E-1159N_6681_3552_13_2019_01.tif,
L15-1670E-1159N_6681_3552_13,2019,3,2019_03,True,True,False,False,False,False,True,True,False,datasets\sen12_mt_urbanmapping\multimodal_cd_dataset\L15-1670E-1159N_6681_3552_13\s1\s1_L15-1670E-1159N_6681_3552_13_2019_03.tif,datasets\sen12_mt_urbanmapping\multimodal_cd_dataset\L15-1670E-1159N_6681_3552_13\s2\s2_L15-1670E-1159N_6681_3552_13_2019_03.tif,
L15-1670E-1159N_6681_3552_13,2019,6,2019_06,True,False,False,False,False,True,True,True,False,datasets\sen12_mt_urbanmapping\multimodal_cd_dataset\L15-1670E-1159N_6681_3552_13\s1\s1_L15-1670E-1159N_6681_3552_13_2019_06.tif,datasets\sen12_mt_urbanmapping\multimodal_cd_dataset\L15-1670E-1159N_6681_3552_13\s2\s2_L15-1670E-1159N_6681_3552_13_2019_06.tif,
L15-1670E-1159N_6681_3552_13,2019,7,2019_07,True,False,False,False,False,True,True,True,False,datasets\sen12_mt_urbanmapping\multimodal_cd_dataset\L15-1670E-1159N_6681_3552_13\s1\s1_L15-1670E-1159N_6681_3552_13_2019_07.tif,datasets\sen12_mt_urbanmapping\multimodal_cd_dataset\L15-1670E-1159N_6681_3552_13\s2\s2_L15-1670E-1159N_6681_3552_13_2019_07.tif,
L15-1670E-1159N_6681_3552_13,2019,8,2019_08,True,True,False,False,False,False,True,True,False,datasets\sen12_mt_urbanmapping\multimodal_cd_dataset\L15-1670E-1159N_6681_3552_13\s1\s1_L15-1670E-1159N_6681_3552_13_2019_08.tif,datasets\sen12_mt_urbanmapping\multimodal_cd_dataset\L15-1670E-1159N_6681_3552_13\s2\s2_L15-1670E-1159N_6681_3552_13_2019_08.tif,
L15-1670E-1159N_6681_3552_13,2019,9,2019_09,True,True,False,False,False,False,True,True,False,datasets\sen12_mt_urbanmapping\multimodal_cd_dataset\L15-1670E-1159N_6681_3552_13\s1\s1_L15-1670E-1159N_6681_3552_13_2019_09.tif,datasets\sen12_mt_urbanmapping\multimodal_cd_dataset\L15-1670E-1159N_6681_3552_13\s2\s2_L15-1670E-1159N_6681_3552_13_2019_09.tif,
L15-1690E-1210N_6762_3348_13,2017,7,2017_07,True,True,False,False,False,False,True,True,False,datasets\sen12_mt_urbanmapping\multimodal_cd_dataset\L15-1690E-1210N_6762_3348_13\s1\s1_L15-1690E-1210N_6762_3348_13_2017_07.tif,datasets\sen12_mt_urbanmapping\multimodal_cd_dataset\L15-1690E-1210N_6762_3348_13\s2\s2_L15-1690E-1210N_6762_3348_13_2017_07.tif,
L15-1690E-1210N_6762_3348_13,2017,8,2017_08,True,False,False,False,False,True,True,True,False,datasets\sen12_mt_urbanmapping\multimodal_cd_dataset\L15-1690E-1210N_6762_3348_13\s1\s1_L15-1690E-1210N_6762_3348_13_2017_08.tif,datasets\sen12_mt_urbanmapping\multimodal_cd_dataset\L15-1690E-1210N_6762_3348_13\s2\s2_L15-1690E-1210N_6762_3348_13_2017_08.tif,
L15-1690E-1210N_6762_3348_13,2017,10,2017_10,True,True,False,False,False,False,True,True,False,datasets\sen12_mt_urbanmapping\multimodal_cd_dataset\L15-1690E-1210N_6762_3348_13\s1\s1_L15-1690E-1210N_6762_3348_13_2017_10.tif,datasets\sen12_mt_urbanmapping\multimodal_cd_dataset\L15-1690E-1210N_6762_3348_13\s2\s2_L15-1690E-1210N_6762_3348_13_2017_10.tif,
L15-1690E-1210N_6762_3348_13,2017,11,2017_11,True,True,False,False,False,False,True,True,False,datasets\sen12_mt_urbanmapping\multimodal_cd_dataset\L15-1690E-1210N_6762_3348_13\s1\s1_L15-1690E-1210N_6762_3348_13_2017_11.tif,datasets\sen12_mt_urbanmapping\multimodal_cd_dataset\L15-1690E-1210N_6762_3348_13\s2\s2_L15-1690E-1210N_6762_3348_13_2017_11.tif,
L15-1690E-1210N_6762_3348_13,2018,1,2018_01,True,True,False,False,False,False,True,True,False,datasets\sen12_mt_urbanmapping\multimodal_cd_dataset\L15-1690E-1210N_6762_3348_13\s1\s1_L15-1690E-1210N_6762_3348_13_2018_01.tif,datasets\sen12_mt_urbanmapping\multimodal_cd_dataset\L15-1690E-1210N_6762_3348_13\s2\s2_L15-1690E-1210N_6762_3348_13_2018_01.tif,
L15-1690E-1210N_6762_3348_13,2018,2,2018_02,True,False,False,False,False,True,True,True,False,datasets\sen12_mt_urbanmapping\multimodal_cd_dataset\L15-1690E-1210N_6762_3348_13\s1\s1_L15-1690E-1210N_6762_3348_13_2018_02.tif,datasets\sen12_mt_urbanmapping\multimodal_cd_dataset\L15-1690E-1210N_6762_3348_13\s2\s2_L15-1690E-1210N_6762_3348_13_2018_02.tif,
L15-1690E-1210N_6762_3348_13,2018,3,2018_03,True,True,False,False,False,False,True,True,False,datasets\sen12_mt_urbanmapping\multimodal_cd_dataset\L15-1690E-1210N_6762_3348_13\s1\s1_L15-1690E-1210N_6762_3348_13_2018_03.tif,datasets\sen12_mt_urbanmapping\multimodal_cd_dataset\L15-1690E-1210N_6762_3348_13\s2\s2_L15-1690E-1210N_6762_3348_13_2018_03.tif,
L15-1690E-1210N_6762_3348_13,2018,4,2018_04,True,True,False,False,False,False,True,True,False,datasets\sen12_mt_urbanmapping\multimodal_cd_dataset\L15-1690E-1210N_6762_3348_13\s1\s1_L15-1690E-1210N_6762_3348_13_2018_04.tif,datasets\sen12_mt_urbanmapping\multimodal_cd_dataset\L15-1690E-1210N_6762_3348_13\s2\s2_L15-1690E-1210N_6762_3348_13_2018_04.tif,
L15-1690E-1210N_6762_3348_13,2018,5,2018_05,True,False,False,False,False,True,True,True,False,datasets\sen12_mt_urbanmapping\multimodal_cd_dataset\L15-1690E-1210N_6762_3348_13\s1\s1_L15-1690E-1210N_6762_3348_13_2018_05.tif,datasets\sen12_mt_urbanmapping\multimodal_cd_dataset\L15-1690E-1210N_6762_3348_13\s2\s2_L15-1690E-1210N_6762_3348_13_2018_05.tif,
L15-1690E-1210N_6762_3348_13,2018,6,2018_06,True,True,False,False,False,False,True,True,False,datasets\sen12_mt_urbanmapping\multimodal_cd_dataset\L15-1690E-1210N_6762_3348_13\s1\s1_L15-1690E-1210N_6762_3348_13_2018_06.tif,datasets\sen12_mt_urbanmapping\multimodal_cd_dataset\L15-1690E-1210N_6762_3348_13\s2\s2_L15-1690E-1210N_6762_3348_13_2018_06.tif,
L15-1690E-1210N_6762_3348_13,2018,7,2018_07,True,False,False,False,False,True,True,True,False,datasets\sen12_mt_urbanmapping\multimodal_cd_dataset\L15-1690E-1210N_6762_3348_13\s1\s1_L15-1690E-1210N_6762_3348_13_2018_07.tif,datasets\sen12_mt_urbanmapping\multimodal_cd_dataset\L15-1690E-1210N_6762_3348_13\s2\s2_L15-1690E-1210N_6762_3348_13_2018_07.tif,
L15-1690E-1210N_6762_3348_13,2018,8,2018_08,True,True,False,False,False,False,True,True,False,datasets\sen12_mt_urbanmapping\multimodal_cd_dataset\L15-1690E-1210N_6762_3348_13\s1\s1_L15-1690E-1210N_6762_3348_13_2018_08.tif,datasets\sen12_mt_urbanmapping\multimodal_cd_dataset\L15-1690E-1210N_6762_3348_13\s2\s2_L15-1690E-1210N_6762_3348_13_2018_08.tif,
L15-1690E-1210N_6762_3348_13,2018,9,2018_09,True,True,False,False,False,False,True,True,False,datasets\sen12_mt_urbanmapping\multimodal_cd_dataset\L15-1690E-1210N_6762_3348_13\s1\s1_L15-1690E-1210N_6762_3348_13_2018_09.tif,datasets\sen12_mt_urbanmapping\multimodal_cd_dataset\L15-1690E-1210N_6762_3348_13\s2\s2_L15-1690E-1210N_6762_3348_13_2018_09.tif,
L15-1690E-1210N_6762_3348_13,2018,10,2018_10,True,True,False,False,False,False,True,True,False,datasets\sen12_mt_urbanmapping\multimodal_cd_dataset\L15-1690E-1210N_6762_3348_13\s1\s1_L15-1690E-1210N_6762_3348_13_2018_10.tif,datasets\sen12_mt_urbanmapping\multimodal_cd_dataset\L15-1690E-1210N_6762_3348_13\s2\s2_L15-1690E-1210N_6762_3348_13_2018_10.tif,
L15-1690E-1210N_6762_3348_13,2018,11,2018_11,True,True,False,False,False,False,True,True,False,datasets\sen12_mt_urbanmapping\multimodal_cd_dataset\L15-1690E-1210N_6762_3348_13\s1\s1_L15-1690E-1210N_6762_3348_13_2018_11.tif,datasets\sen12_mt_urbanmapping\multimodal_cd_dataset\L15-1690E-1210N_6762_3348_13\s2\s2_L15-1690E-1210N_6762_3348_13_2018_11.tif,
L15-1690E-1210N_6762_3348_13,2018,12,2018_12,True,True,False,False,False,False,True,True,False,datasets\sen12_mt_urbanmapping\multimodal_cd_dataset\L15-1690E-1210N_6762_3348_13\s1\s1_L15-1690E-1210N_6762_3348_13_2018_12.tif,datasets\sen12_mt_urbanmapping\multimodal_cd_dataset\L15-1690E-1210N_6762_3348_13\s2\s2_L15-1690E-1210N_6762_3348_13_2018_12.tif,
L15-1690E-1210N_6762_3348_13,2019,1,2019_01,True,True,False,False,False,False,True,True,False,datasets\sen12_mt_urbanmapping\multimodal_cd_dataset\L15-1690E-1210N_6762_3348_13\s1\s1_L15-1690E-1210N_6762_3348_13_2019_01.tif,datasets\sen12_mt_urbanmapping\multimodal_cd_dataset\L15-1690E-1210N_6762_3348_13\s2\s2_L15-1690E-1210N_6762_3348_13_2019_01.tif,
L15-1690E-1210N_6762_3348_13,2019,3,2019_03,True,True,False,False,False,False,True,True,False,datasets\sen12_mt_urbanmapping\multimodal_cd_dataset\L15-1690E-1210N_6762_3348_13\s1\s1_L15-1690E-1210N_6762_3348_13_2019_03.tif,datasets\sen12_mt_urbanmapping\multimodal_cd_dataset\L15-1690E-1210N_6762_3348_13\s2\s2_L15-1690E-1210N_6762_3348_13_2019_03.tif,
L15-1690E-1210N_6762_3348_13,2019,4,2019_04,True,False,False,False,False,True,True,True,False,datasets\sen12_mt_urbanmapping\multimodal_cd_dataset\L15-1690E-1210N_6762_3348_13\s1\s1_L15-1690E-1210N_6762_3348_13_2019_04.tif,datasets\sen12_mt_urbanmapping\multimodal_cd_dataset\L15-1690E-1210N_6762_3348_13\s2\s2_L15-1690E-1210N_6762_3348_13_2019_04.tif,
L15-1690E-1210N_6762_3348_13,2019,5,2019_05,True,True,False,False,False,False,True,True,False,datasets\sen12_mt_urbanmapping\multimodal_cd_dataset\L15-1690E-1210N_6762_3348_13\s1\s1_L15-1690E-1210N_6762_3348_13_2019_05.tif,datasets\sen12_mt_urbanmapping\multimodal_cd_dataset\L15-1690E-1210N_6762_3348_13\s2\s2_L15-1690E-1210N_6762_3348_13_2019_05.tif,
L15-1690E-1210N_6762_3348_13,2019,6,2019_06,True,True,False,False,False,False,True,True,False,datasets\sen12_mt_urbanmapping\multimodal_cd_dataset\L15-1690E-1210N_6762_3348_13\s1\s1_L15-1690E-1210N_6762_3348_13_2019_06.tif,datasets\sen12_mt_urbanmapping\multimodal_cd_dataset\L15-1690E-1210N_6762_3348_13\s2\s2_L15-1690E-1210N_6762_3348_13_2019_06.tif,
L15-1690E-1210N_6762_3348_13,2019,7,2019_07,True,False,False,False,False,True,True,True,False,datasets\sen12_mt_urbanmapping\multimodal_cd_dataset\L15-1690E-1210N_6762_3348_13\s1\s1_L15-1690E-1210N_6762_3348_13_2019_07.tif,datasets\sen12_mt_urbanmapping\multimodal_cd_dataset\L15-1690E-1210N_6762_3348_13\s2\s2_L15-1690E-1210N_6762_3348_13_2019_07.tif,
L15-1690E-1210N_6762_3348_13,2019,8,2019_08,True,True,False,False,False,False,True,True,False,datasets\sen12_mt_urbanmapping\multimodal_cd_dataset\L15-1690E-1210N_6762_3348_13\s1\s1_L15-1690E-1210N_6762_3348_13_2019_08.tif,datasets\sen12_mt_urbanmapping\multimodal_cd_dataset\L15-1690E-1210N_6762_3348_13\s2\s2_L15-1690E-1210N_6762_3348_13_2019_08.tif,
L15-1690E-1210N_6762_3348_13,2019,9,2019_09,True,True,False,False,False,False,True,True,False,datasets\sen12_mt_urbanmapping\multimodal_cd_dataset\L15-1690E-1210N_6762_3348_13\s1\s1_L15-1690E-1210N_6762_3348_13_2019_09.tif,datasets\sen12_mt_urbanmapping\multimodal_cd_dataset\L15-1690E-1210N_6762_3348_13\s2\s2_L15-1690E-1210N_6762_3348_13_2019_09.tif,
L15-1749E-1266N_6997_3126_13,2018,2,2018_02,False,True,False,False,True,False,False,True,False,,datasets\sen12_mt_urbanmapping\multimodal_cd_dataset\L15-1749E-1266N_6997_3126_13\s2\s2_L15-1749E-1266N_6997_3126_13_2018_02.tif,
L15-1749E-1266N_6997_3126_13,2018,3,2018_03,False,True,False,False,True,False,False,True,False,,datasets\sen12_mt_urbanmapping\multimodal_cd_dataset\L15-1749E-1266N_6997_3126_13\s2\s2_L15-1749E-1266N_6997_3126_13_2018_03.tif,
L15-1749E-1266N_6997_3126_13,2018,4,2018_04,False,True,False,False,True,False,False,True,False,,datasets\sen12_mt_urbanmapping\multimodal_cd_dataset\L15-1749E-1266N_6997_3126_13\s2\s2_L15-1749E-1266N_6997_3126_13_2018_04.tif,
L15-1749E-1266N_6997_3126_13,2018,5,2018_05,False,True,False,False,True,False,False,True,False,,datasets\sen12_mt_urbanmapping\multimodal_cd_dataset\L15-1749E-1266N_6997_3126_13\s2\s2_L15-1749E-1266N_6997_3126_13_2018_05.tif,
L15-1749E-1266N_6997_3126_13,2018,6,2018_06,False,True,False,False,True,False,True,True,False,datasets\sen12_mt_urbanmapping\multimodal_cd_dataset\L15-1749E-1266N_6997_3126_13\s1\s1_L15-1749E-1266N_6997_3126_13_2018_06.tif,datasets\sen12_mt_urbanmapping\multimodal_cd_dataset\L15-1749E-1266N_6997_3126_13\s2\s2_L15-1749E-1266N_6997_3126_13_2018_06.tif,
L15-1749E-1266N_6997_3126_13,2018,7,2018_07,False,True,False,False,True,False,False,True,False,,datasets\sen12_mt_urbanmapping\multimodal_cd_dataset\L15-1749E-1266N_6997_3126_13\s2\s2_L15-1749E-1266N_6997_3126_13_2018_07.tif,
L15-1749E-1266N_6997_3126_13,2018,8,2018_08,False,True,False,False,True,False,False,True,False,,datasets\sen12_mt_urbanmapping\multimodal_cd_dataset\L15-1749E-1266N_6997_3126_13\s2\s2_L15-1749E-1266N_6997_3126_13_2018_08.tif,
L15-1749E-1266N_6997_3126_13,2018,9,2018_09,False,True,False,False,True,False,False,True,False,,datasets\sen12_mt_urbanmapping\multimodal_cd_dataset\L15-1749E-1266N_6997_3126_13\s2\s2_L15-1749E-1266N_6997_3126_13_2018_09.tif,
L15-1749E-1266N_6997_3126_13,2018,10,2018_10,False,True,False,False,True,False,False,True,False,,datasets\sen12_mt_urbanmapping\multimodal_cd_dataset\L15-1749E-1266N_6997_3126_13\s2\s2_L15-1749E-1266N_6997_3126_13_2018_10.tif,
L15-1749E-1266N_6997_3126_13,2018,11,2018_11,True,True,False,False,False,False,True,True,False,datasets\sen12_mt_urbanmapping\multimodal_cd_dataset\L15-1749E-1266N_6997_3126_13\s1\s1_L15-1749E-1266N_6997_3126_13_2018_11.tif,datasets\sen12_mt_urbanmapping\multimodal_cd_dataset\L15-1749E-1266N_6997_3126_13\s2\s2_L15-1749E-1266N_6997_3126_13_2018_11.tif,
L15-1749E-1266N_6997_3126_13,2018,12,2018_12,True,True,False,False,False,False,True,True,False,datasets\sen12_mt_urbanmapping\multimodal_cd_dataset\L15-1749E-1266N_6997_3126_13\s1\s1_L15-1749E-1266N_6997_3126_13_2018_12.tif,datasets\sen12_mt_urbanmapping\multimodal_cd_dataset\L15-1749E-1266N_6997_3126_13\s2\s2_L15-1749E-1266N_6997_3126_13_2018_12.tif,
L15-1749E-1266N_6997_3126_13,2019,1,2019_01,False,True,False,False,True,False,True,True,False,datasets\sen12_mt_urbanmapping\multimodal_cd_dataset\L15-1749E-1266N_6997_3126_13\s1\s1_L15-1749E-1266N_6997_3126_13_2019_01.tif,datasets\sen12_mt_urbanmapping\multimodal_cd_dataset\L15-1749E-1266N_6997_3126_13\s2\s2_L15-1749E-1266N_6997_3126_13_2019_01.tif,
L15-1749E-1266N_6997_3126_13,2019,2,2019_02,True,True,False,False,False,False,True,True,False,datasets\sen12_mt_urbanmapping\multimodal_cd_dataset\L15-1749E-1266N_6997_3126_13\s1\s1_L15-1749E-1266N_6997_3126_13_2019_02.tif,datasets\sen12_mt_urbanmapping\multimodal_cd_dataset\L15-1749E-1266N_6997_3126_13\s2\s2_L15-1749E-1266N_6997_3126_13_2019_02.tif,
L15-1749E-1266N_6997_3126_13,2019,3,2019_03,True,True,False,False,False,False,True,True,False,datasets\sen12_mt_urbanmapping\multimodal_cd_dataset\L15-1749E-1266N_6997_3126_13\s1\s1_L15-1749E-1266N_6997_3126_13_2019_03.tif,datasets\sen12_mt_urbanmapping\multimodal_cd_dataset\L15-1749E-1266N_6997_3126_13\s2\s2_L15-1749E-1266N_6997_3126_13_2019_03.tif,
L15-1749E-1266N_6997_3126_13,2019,4,2019_04,True,True,False,False,False,False,True,True,False,datasets\sen12_mt_urbanmapping\multimodal_cd_dataset\L15-1749E-1266N_6997_3126_13\s1\s1_L15-1749E-1266N_6997_3126_13_2019_04.tif,datasets\sen12_mt_urbanmapping\multimodal_cd_dataset\L15-1749E-1266N_6997_3126_13\s2\s2_L15-1749E-1266N_6997_3126_13_2019_04.tif,
L15-1749E-1266N_6997_3126_13,2019,5,2019_05,True,True,False,False,False,False,True,True,False,datasets\sen12_mt_urbanmapping\multimodal_cd_dataset\L15-1749E-1266N_6997_3126_13\s1\s1_L15-1749E-1266N_6997_3126_13_2019_05.tif,datasets\sen12_mt_urbanmapping\multimodal_cd_dataset\L15-1749E-1266N_6997_3126_13\s2\s2_L15-1749E-1266N_6997_3126_13_2019_05.tif,
L15-1749E-1266N_6997_3126_13,2019,6,2019_06,False,True,False,False,True,False,True,True,False,datasets\sen12_mt_urbanmapping\multimodal_cd_dataset\L15-1749E-1266N_6997_3126_13\s1\s1_L15-1749E-1266N_6997_3126_13_2019_06.tif,datasets\sen12_mt_urbanmapping\multimodal_cd_dataset\L15-1749E-1266N_6997_3126_13\s2\s2_L15-1749E-1266N_6997_3126_13_2019_06.tif,
L15-1749E-1266N_6997_3126_13,2019,7,2019_07,False,True,False,False,True,False,False,True,False,,datasets\sen12_mt_urbanmapping\multimodal_cd_dataset\L15-1749E-1266N_6997_3126_13\s2\s2_L15-1749E-1266N_6997_3126_13_2019_07.tif,
L15-1749E-1266N_6997_3126_13,2019,8,2019_08,False,True,False,False,True,False,True,True,False,datasets\sen12_mt_urbanmapping\multimodal_cd_dataset\L15-1749E-1266N_6997_3126_13\s1\s1_L15-1749E-1266N_6997_3126_13_2019_08.tif,datasets\sen12_mt_urbanmapping\multimodal_cd_dataset\L15-1749E-1266N_6997_3126_13\s2\s2_L15-1749E-1266N_6997_3126_13_2019_08.tif,
L15-1749E-1266N_6997_3126_13,2019,9,2019_09,True,True,False,False,False,False,True,True,False,datasets\sen12_mt_urbanmapping\multimodal_cd_dataset\L15-1749E-1266N_6997_3126_13\s1\s1_L15-1749E-1266N_6997_3126_13_2019_09.tif,datasets\sen12_mt_urbanmapping\multimodal_cd_dataset\L15-1749E-1266N_6997_3126_13\s2\s2_L15-1749E-1266N_6997_3126_13_2019_09.tif,
L15-1749E-1266N_6997_3126_13,2019,10,2019_10,False,True,False,False,True,False,True,True,False,datasets\sen12_mt_urbanmapping\multimodal_cd_dataset\L15-1749E-1266N_6997_3126_13\s1\s1_L15-1749E-1266N_6997_3126_13_2019_10.tif,datasets\sen12_mt_urbanmapping\multimodal_cd_dataset\L15-1749E-1266N_6997_3126_13\s2\s2_L15-1749E-1266N_6997_3126_13_2019_10.tif,
